bed,error_type,contrast,n,median_diff,p
discrete,T1_missed_branch,|B|-|A|,77,-0.0491240129034389,2.462830766023815e-14
discrete,T1_missed_branch,|C|-|A|,44,-0.015125576935586242,1.91630533663556e-09
discrete,T1_missed_branch,|C|-|B|,44,0.0211572155127157,2.2737367544323206e-13
discrete,T2_truncation,|B|-|A|,58,-0.08352936416967041,2.588233051954327e-10
discrete,T2_truncation,|C|-|A|,58,-0.06751006953432599,6.518162612142341e-09
discrete,T2_truncation,|C|-|B|,58,0.005740837396599203,1.586239211272435e-05
discrete,T3_stenosis_length,|B|-|A|,97,0.0,
discrete,T3_stenosis_length,|C|-|A|,97,0.0018494571838933004,1.2181190987082889e-17
discrete,T3_stenosis_length,|C|-|B|,97,0.0018494571838933004,1.2181190987082889e-17
discrete,T4_taper,|B|-|A|,97,-0.0090062152471014,2.2465405532567357e-06
discrete,T4_taper,|C|-|A|,97,-0.0023022300534633992,0.17321947502299595
discrete,T4_taper,|C|-|B|,97,0.004871039610970001,3.7364192538733725e-06
leaky,T1_missed_branch,|B|-|A|,118,-0.033040539720148254,4.209014223723732e-21
leaky,T1_missed_branch,|C|-|A|,71,-0.0218486640107163,4.648633797221072e-12
leaky,T1_missed_branch,|C|-|B|,71,0.0015619179823867999,5.063277804326633e-08
leaky,T2_truncation,|B|-|A|,147,-0.1134938738471024,7.153812438456198e-26
leaky,T2_truncation,|C|-|A|,100,-0.08681956744904734,4.0161556854627e-18
leaky,T2_truncation,|C|-|B|,100,0.0008098636887859494,1.676221027495114e-10
leaky,T3_stenosis_length,|B|-|A|,150,0.0,
leaky,T3_stenosis_length,|C|-|A|,150,0.0012003847355287998,2.2996057560669784e-26
leaky,T3_stenosis_length,|C|-|B|,150,0.0012003847355287998,2.2996057560669784e-26
leaky,T4_taper,|B|-|A|,150,-0.02108565983076345,9.887387651474818e-26
leaky,T4_taper,|C|-|A|,150,-0.013511873187991248,0.5364297294996563
leaky,T4_taper,|C|-|B|,150,0.0024604568024708495,3.8892641792578515e-12
