,post_mean,post_sd,lo95,hi95
Intercept,-1.2467307411764548,0.12153441818401285,-1.48493820081712,-1.0085232815357896
C(error_type)[T.T2_truncation],1.2503955017224946,0.20164240406995346,0.8551763897453858,1.6456146136996033
C(error_type)[T.T3_stenosis_length],-3.3289865875182394,0.35301134214253466,-4.020888818117608,-2.6370843569188716
C(error_type)[T.T4_taper],-2.5942960852291446,0.2770697490776532,-3.1373527934213445,-2.0512393770369446
C(protocol)[T.B_rederived],-1.4846958295955832,0.21583968039592025,-1.907741603171587,-1.0616500560195794
C(protocol)[T.C_flowmatched],-0.3674158480450931,0.2322037808380063,-0.8225352584875854,0.08770356239739924
C(band_c)[T.0.65],1.495672223044065,0.3552038897874281,0.799472599060706,2.191871847027424
C(band_c)[T.0.7],1.9036703278574245,0.3158574848172004,1.2845896576157116,2.5227509980991374
C(band_c)[T.0.75],2.588545394178893,0.23730793139844578,2.123421848637939,3.053668939719847
C(band_c)[T.0.8],3.143268651575274,0.2540505363260964,2.645329600376125,3.641207702774423
C(band_c)[T.0.85],-0.1293773993834686,0.5666428403597363,-1.2399973664885517,0.9812425677216146
C(band_c)[T.0.9],-1.5197588247272276,0.8402478062634291,-3.166644525003549,0.12712687554909352
C(error_type)[T.T2_truncation]:C(protocol)[T.B_rederived],-1.0386995820794451,0.3245115869514868,-1.6747422925043591,-0.402656871654531
C(error_type)[T.T3_stenosis_length]:C(protocol)[T.B_rederived],0.8668305863334741,0.6354620552009127,-0.37867504186031475,2.112336214527263
C(error_type)[T.T4_taper]:C(protocol)[T.B_rederived],0.5939286173478461,0.5569591770529793,-0.4977113696759933,1.6855686043716855
C(error_type)[T.T2_truncation]:C(protocol)[T.C_flowmatched],-2.224666765687433,0.4179379033411681,-3.0438250562361224,-1.4055084751387437
C(error_type)[T.T3_stenosis_length]:C(protocol)[T.C_flowmatched],-0.13533282318874,0.6139731371323967,-1.3387201719682376,1.0680545255907574
C(error_type)[T.T4_taper]:C(protocol)[T.C_flowmatched],0.306467991931827,0.44191487044015626,-0.5596851541308792,1.1726211379945333
ds_pct,-0.017499777035327138,0.0018452411449673416,-0.021116449679463127,-0.01388310439119115
L_mm,0.018483284246295407,0.007450139852506723,0.0038810101353822304,0.03308555835720858
