,coef,se,p
Intercept,-3.8952928595713225,1.7891727947865026,0.029469573032544546
C(error_type)[T.T2_truncation],1.1341452632143665,0.39635902057017186,0.00421762581021503
C(error_type)[T.T3_stenosis_length],-3.2279715691324102,0.6997960216996415,3.974103929125042e-06
C(error_type)[T.T4_taper],-2.472443669866198,0.6278655886073004,8.221323542979684e-05
C(protocol)[T.B_rederived],-1.4346714222188897,0.32014664537974846,7.419162696569538e-06
C(protocol)[T.C_flowmatched],-0.37661827800012676,0.27666987385934094,0.17343308555172454
C(band_c)[T.0.65],1.712287795596628,0.5383362711735267,0.0014691816301208068
C(band_c)[T.0.7],2.2424597905533017,0.49591999210293425,6.131085679970513e-06
C(band_c)[T.0.75],2.98818358756952,0.5507674445288383,5.7795574889369216e-08
C(band_c)[T.0.8],3.5119399731464394,0.73485658869891,1.7609727672596513e-06
C(band_c)[T.0.85],0.6089567182567376,0.8299082053452534,0.4630926187969303
C(band_c)[T.0.9],-0.5326626220961629,1.0318334820041828,0.605694305111772
C(error_type)[T.T2_truncation]:C(protocol)[T.B_rederived],-0.9049744292637107,0.576340162356088,0.11636652901366559
C(error_type)[T.T3_stenosis_length]:C(protocol)[T.B_rederived],1.4346714222188892,0.32014664537974713,7.419162696568972e-06
C(error_type)[T.T4_taper]:C(protocol)[T.B_rederived],0.9847525291608192,0.5646437550449511,0.08115482193473161
C(error_type)[T.T2_truncation]:C(protocol)[T.C_flowmatched],-2.108718133613164,0.8127685906584322,0.009473199559655483
C(error_type)[T.T3_stenosis_length]:C(protocol)[T.C_flowmatched],0.3766182780001269,0.2766698738593368,0.17343308555171766
C(error_type)[T.T4_taper]:C(protocol)[T.C_flowmatched],0.5553966256158251,0.3736707723381049,0.1371928835704091
ds_pct,0.0237407011772799,0.023898367479147864,0.3205137789873219
L_mm,0.010712292198130233,0.033218589767272336,0.7470899677030138
