bed,error_type,protocol,vessel,n,flips,mean_dFFR
discrete,T1_missed_branch,A_fixed,LAD,16,5,0.11370902082827719
discrete,T1_missed_branch,A_fixed,LCX,25,8,0.1094987703389841
discrete,T1_missed_branch,A_fixed,RCA,36,12,0.11169142069018251
discrete,T1_missed_branch,B_rederived,LAD,16,4,0.07898415519212541
discrete,T1_missed_branch,B_rederived,LCX,25,5,0.06936303156440006
discrete,T1_missed_branch,B_rederived,RCA,36,2,0.014816430161758641
discrete,T1_missed_branch,C_flowmatched,LAD,16,5,0.09854440240698337
discrete,T1_missed_branch,C_flowmatched,LCX,23,6,0.09353779783656183
discrete,T1_missed_branch,C_flowmatched,RCA,5,1,0.094125849367283
discrete,T2_truncation,A_fixed,LAD,30,13,0.16444691784868473
discrete,T2_truncation,A_fixed,LCX,30,17,0.19729111551809997
discrete,T2_truncation,B_rederived,LAD,30,6,-0.05910729480052756
discrete,T2_truncation,B_rederived,LCX,30,1,-0.059501671195761684
discrete,T2_truncation,B_rederived,RCA,36,9,-0.027326023568027477
discrete,T2_truncation,C_flowmatched,LAD,30,6,-0.07097195902678267
discrete,T2_truncation,C_flowmatched,LCX,30,2,-0.07227467746589948
discrete,T3_stenosis_length,A_fixed,LAD,30,0,-0.00983410970323364
discrete,T3_stenosis_length,A_fixed,LCX,31,0,-0.011054823642604456
discrete,T3_stenosis_length,A_fixed,RCA,36,3,-0.006479535870864505
discrete,T3_stenosis_length,B_rederived,LAD,30,0,-0.00983410970323364
discrete,T3_stenosis_length,B_rederived,LCX,31,0,-0.011054823642604456
discrete,T3_stenosis_length,B_rederived,RCA,36,3,-0.006479535870864505
discrete,T3_stenosis_length,C_flowmatched,LAD,30,0,-0.011068736815707136
discrete,T3_stenosis_length,C_flowmatched,LCX,31,0,-0.013454104614390052
discrete,T3_stenosis_length,C_flowmatched,RCA,36,3,-0.01188143270716568
discrete,T4_taper,A_fixed,LAD,30,0,-0.02990301439376864
discrete,T4_taper,A_fixed,LCX,31,1,-0.023720538036500354
discrete,T4_taper,A_fixed,RCA,36,5,-0.008973480522459075
discrete,T4_taper,B_rederived,LAD,30,1,-0.010390616641323751
discrete,T4_taper,B_rederived,LCX,31,0,-0.003348491964086958
discrete,T4_taper,B_rederived,RCA,36,3,-0.006429605603904736
discrete,T4_taper,C_flowmatched,LAD,30,1,-0.0037862365560150262
discrete,T4_taper,C_flowmatched,LCX,31,0,0.0006922465697038643
discrete,T4_taper,C_flowmatched,RCA,36,6,-0.04894272186027241
leaky,T1_missed_branch,A_fixed,LAD,27,4,0.057941662399411224
leaky,T1_missed_branch,A_fixed,LCX,41,11,0.07190489688881946
leaky,T1_missed_branch,A_fixed,RCA,50,8,0.048867659411383754
leaky,T1_missed_branch,B_rederived,LAD,27,2,0.02347055391110829
leaky,T1_missed_branch,B_rederived,LCX,41,3,0.022439713106131538
leaky,T1_missed_branch,B_rederived,RCA,50,1,0.003129187642194178
leaky,T1_missed_branch,C_flowmatched,LAD,27,3,0.029724287446757466
leaky,T1_missed_branch,C_flowmatched,LCX,39,3,0.026612885130119814
leaky,T1_missed_branch,C_flowmatched,RCA,5,0,-0.10370688910583332
leaky,T2_truncation,A_fixed,LAD,50,21,0.11678023921685943
leaky,T2_truncation,A_fixed,LCX,49,23,0.1335667961659401
leaky,T2_truncation,A_fixed,RCA,48,32,0.21768383327141294
leaky,T2_truncation,B_rederived,LAD,50,1,-0.003821868937289652
leaky,T2_truncation,B_rederived,LCX,49,4,0.009903332240962154
leaky,T2_truncation,B_rederived,RCA,50,3,0.010228392938732268
leaky,T2_truncation,C_flowmatched,LAD,50,2,-0.00485933104679314
leaky,T2_truncation,C_flowmatched,LCX,49,5,0.01337812340156168
leaky,T2_truncation,C_flowmatched,RCA,1,0,0.1241648532960183
leaky,T3_stenosis_length,A_fixed,LAD,50,1,-0.010446797444850404
leaky,T3_stenosis_length,A_fixed,LCX,50,2,-0.011065856816972246
leaky,T3_stenosis_length,A_fixed,RCA,50,0,-0.007277716555596706
leaky,T3_stenosis_length,B_rederived,LAD,50,1,-0.010446797444850404
leaky,T3_stenosis_length,B_rederived,LCX,50,2,-0.011065856816972246
leaky,T3_stenosis_length,B_rederived,RCA,50,0,-0.007277716555596706
leaky,T3_stenosis_length,C_flowmatched,LAD,50,1,-0.011272227977464523
leaky,T3_stenosis_length,C_flowmatched,LCX,50,2,-0.012642342560559263
leaky,T3_stenosis_length,C_flowmatched,RCA,50,0,-0.01321781586561411
leaky,T4_taper,A_fixed,LAD,50,4,-0.03434535057695431
leaky,T4_taper,A_fixed,LCX,50,4,-0.027819051729909106
leaky,T4_taper,A_fixed,RCA,50,1,-0.023410445515777555
leaky,T4_taper,B_rederived,LAD,50,2,-0.004894323222153374
leaky,T4_taper,B_rederived,LCX,50,1,-0.004688922602676818
leaky,T4_taper,B_rederived,RCA,50,3,0.003138719323978352
leaky,T4_taper,C_flowmatched,LAD,50,2,-0.0016561225792391047
leaky,T4_taper,C_flowmatched,LCX,50,1,-0.00409562605957474
leaky,T4_taper,C_flowmatched,RCA,50,8,-0.13600609588291612
