probe_id,kind,s_mm,s_node_mm,s_from_lesion_mm,tree_node,x,y,z,normal_x,normal_y,normal_z,r_ref_mm,resolved
inlet,inlet,0.0,0.0,-19.805971213778474,0,32.8818359375,-175.1259765625,-195.04998779296875,0.9454970561590688,-0.1335892407443229,0.29696671791951734,1.4285227711531252,1
p000,grid,0.0,0.0,-19.805971213778474,22,38.582862854003906,-175.13121032714844,-193.7069091796875,0.9436814663160047,-0.20817823246596856,0.2571519271928959,1.4152188441391043,1
p001,grid,5.0,4.842739250919904,-14.805971213778472,32,42.5849609375,-177.27926635742188,-192.09405517578125,0.8412374743496708,-0.43853609632431684,0.31623662654793255,1.3973535279542786,1
p002,lesion_prox,9.805971213778472,9.971513138352275,-10.0,42,46.25925064086915,-180.78121948242188,-192.04998779296875,0.5887455757535285,-0.8083184069601818,0.0,1.3784330033519987,1
p003,grid,15.0,15.044524693587285,-4.805971213778474,52,50.2666015625,-183.7480010986328,-192.5936279296875,0.8649346678689349,-0.47976844858355466,-0.14734400585766663,1.3597181911873066,1
p004,throat,19.805971213778474,19.805971213778474,0.0,62,54.3095703125,-185.9105224609375,-193.71258544921878,0.885868269198095,-0.39853373221774535,-0.237504260830339,1.3421527714583394,1
p005,grid,25.0,24.94179967456512,5.194028786221529,73,58.7568359375,-187.6905517578125,-195.43711853027344,0.8288692517095545,-0.41778188619341644,-0.37206727770540937,1.3232062218778409,1
p006,lesion_dist,29.805971213778474,29.92105449793247,10.000000000000002,82,62.3955078125,-190.2170867919922,-197.5120086669922,0.7974934469660971,-0.5348928848574733,-0.2790946143783191,1.304837287030197,1
p007,grid,35.0,35.19380611086547,15.19402878622153,92,65.53337860107422,-194.12759399414062,-198.9310302734375,0.4854802199631635,-0.8263010807597461,-0.2855441821501429,1.285385615187406,1
p008,grid,40.0,39.94520353295014,20.194028786221526,230,66.84767150878906,-198.1708984375,-200.71299743652344,0.10345520427531153,-0.9180400583009993,-0.3827524945223106,1.070269721323955,1
p009,grid,45.0,44.90510557259412,25.194028786221526,240,67.51957702636719,-202.2138671875,-203.43104553222656,0.17572257560741025,-0.7964780800525877,-0.578570863782166,1.0613502200858997,1
p010,measurement,49.9269857489416,49.9269857489416,30.121014535163123,249,67.9598159790039,-205.5800323486328,-207.04998779296878,0.11861412511855354,-0.5407110864767717,-0.8328038246090548,1.052319262197564,1
p011,grid,55.0,55.22643068217057,35.19402878622153,258,69.36441040039062,-209.08691406250003,-210.6689453125,0.206498158394655,-0.7304419204091777,-0.6510093021521032,1.0427891534847047,1
p012,grid,60.0,59.84707247998348,40.19402878622152,267,69.94044494628906,-212.72558593750003,-213.38699340820312,0.19544201022603663,-0.8070492484920395,-0.557201876474981,1.0344797514225705,1
p013,grid,65.0,64.7925926042859,45.19402878622153,278,69.81356811523438,-217.1728515625,-215.38699340820312,0.07676798777887439,-0.9233066746206098,-0.3763129823078315,1.025586113500095,1
p014,grid,70.0,69.96300703059451,50.19402878622154,290,69.27346801757812,-222.0244140625,-216.93753051757812,-0.20381504919375962,-0.9238096955188,-0.3240911479624327,1.016288043193846,1
p015,grid,75.0,75.1111176203902,55.19402878622152,299,69.27313232421875,-224.99085998535156,-221.04998779296875,0.0027813071934871644,-0.41155929644402284,-0.9113787411613222,1.0070300823687521,1
p016,grid,80.0,79.75971778111169,60.19402878622153,307,69.9813232421875,-227.1484832763672,-225.04998779296875,0.30749407924166733,-0.43602385120001624,-0.845772187066958,0.998670402165924,1
p017,grid,85.0,85.08072779908588,65.19402878622154,316,73.3115234375,-228.8974609375,-228.71337890625003,0.7448566746944731,-0.2513029174461053,-0.6180901049573336,0.9891015124855078,1
p018,grid,90.0,89.96504431109089,70.19402878622152,324,76.00979614257812,-230.1149444580078,-232.54998779296875,0.45280649374399806,-0.29990646838207435,-0.8396561138024653,0.9803179383689898,1
p019,grid,95.0,95.25081962340809,75.19402878622152,333,77.72775268554688,-232.259033203125,-237.04998779296875,0.26849153622733124,-0.45506454503634847,-0.8490162276571332,0.9708124120369258,1
p020,grid,100.0,100.1925019388168,80.19402878622154,342,78.60266876220703,-234.01661682128906,-241.54998779296878,0.10442458730323308,-0.336922901616625,-0.9357234975850417,0.961925675730834,1
p021,grid,105.0,104.82198210425065,85.19402878622152,351,79.3403549194336,-234.59291076660156,-246.04998779296875,0.21549609640793832,-0.10810345682916597,-0.970502485856953,0.95360037943726,1
p022,grid,110.0,110.05578550894998,90.19402878622152,361,80.28533935546875,-235.36587524414062,-251.04998779296878,0.37065376736245875,-0.08108330576101827,-0.9252249900791059,0.9441883153330053,1
p023,grid,115.0,114.71985488340268,95.19402878622154,369,82.61035919189453,-235.33024597167972,-255.04998779296878,0.6171854305871696,0.018851831257423474,-0.7865918590534559,0.9358008165019212,1
p024,grid,120.0,119.80701846391531,100.19402878622152,377,85.8447265625,-233.64793395996094,-258.5495910644531,0.7042238593270262,0.3699549607208349,-0.6059720150242868,0.9266524580279243,1
p025,grid,125.0,125.1235715845666,105.19402878622152,386,89.4833984375,-231.31832885742188,-261.5560607910156,0.6827267581429356,0.32458036672481433,-0.6546233720639849,0.9170915832842695,1
p026,grid,130.0,130.14767328811445,110.19402878622154,394,91.4738235473633,-229.29685974121094,-265.54998779296875,0.14733480257154533,0.33825642667005074,-0.9294487859842588,0.9080566303745693,1
p027,grid,135.0,135.07353086938022,115.19402878622154,403,90.86738586425781,-227.55242919921875,-270.04998779296875,-0.15116346635946049,0.2603721106689464,-0.9536015784508697,0.8991983520369315,1
p028,grid,140.0,140.22303849487434,120.19402878622154,411,89.17987060546875,-224.8544921875,-274.04391479492193,-0.3029514808980079,0.6005823220915848,-0.7399468052588535,0.8899378788917268,1
p029,grid,145.0,145.23775630150507,125.19402878622152,420,86.96144104003908,-221.2158203125,-276.54998779296875,-0.5343644836867968,0.7417822459994248,-0.4052328936478284,0.8809198012508325,1
p030,grid,150.0,149.87375539715725,130.1940287862215,429,84.93995666503906,-217.5771484375,-278.5495910644531,-0.4034554934158934,0.8134709059480356,-0.41891377395428303,0.8725827818212593,1
out_159,outlet,,38.3855417358306,,159,67.2470703125,-169.8750457763672,-196.58837890625,0.9549233754482183,0.02417101740391513,-0.29586670806334564,0.6027976327724681,0
out_439,outlet,,160.43099132965057,,439,83.82324218750001,-213.5341796875,-279.04998779296875,-0.29099426643847687,0.9567247968459545,0.0,0.8648530421352635,1
out_475,outlet,,50.84222344006843,,475,51.87887954711915,-142.78224182128906,-211.5940399169922,0.0900125365881015,0.8604204793191288,-0.5015718712460023,0.605383641101189,0
out_616,outlet,,107.52049524750028,,616,95.54785156250001,-158.9541015625,-235.04998779296875,0.41739071153107665,-0.7154009673378583,-0.5603449382832312,0.6946969849237453,0
