tree,ds_orig,ds_requested,ds_applied,clipped,r_throat_mm,r_fit_throat_mm,ds_realised,bed
69_left,0.6,0.6807921500381288,0.6807921500381288,False,0.3395370044385771,1.0636862610964428,0.6807921500381288,leaky
69_left,0.6,0.5192078499618712,0.5192078499618712,False,0.5114120044385772,1.0636862610964428,0.5192078499618712,leaky
69_left,0.6,0.6807921500381288,0.6807921500381288,False,0.3395370044385771,1.0636862610964428,0.6807921500381288,leaky
69_left,0.6,0.5192078499618712,0.5192078499618712,False,0.5114120044385772,1.0636862610964428,0.5192078499618712,leaky
129_left,0.65,0.726730605531558,0.726730605531558,False,0.3321435199598009,1.2154435391708596,0.726730605531558,leaky
129_left,0.65,0.573269394468442,0.573269394468442,False,0.5186669574598007,1.2154435391708596,0.573269394468442,leaky
129_left,0.65,0.726730605531558,0.726730605531558,False,0.3321435199598009,1.2154435391708596,0.726730605531558,leaky
129_left,0.65,0.573269394468442,0.573269394468442,False,0.5186669574598007,1.2154435391708596,0.573269394468442,leaky
454_left,0.7,0.773304969780753,0.773304969780753,False,0.27935108104172995,1.232277040972433,0.773304969780753,leaky
454_left,0.7,0.6266950302192469,0.6266950302192469,False,0.46001514354172995,1.232277040972433,0.6266950302192469,leaky
454_left,0.7,0.773304969780753,0.773304969780753,False,0.27935108104172995,1.232277040972433,0.773304969780753,leaky
454_left,0.7,0.6266950302192469,0.6266950302192469,False,0.46001514354172995,1.232277040972433,0.6266950302192469,leaky
512_left,0.55,0.6306179749455482,0.6306179749455482,False,0.38928096575821713,1.0538708961293717,0.6306179749455482,leaky
512_left,0.55,0.4693820250544519,0.4693820250544519,False,0.5592028407582172,1.0538708961293717,0.4693820250544519,leaky
512_left,0.55,0.6306179749455482,0.6306179749455482,False,0.38928096575821713,1.0538708961293717,0.6306179749455482,leaky
512_left,0.55,0.4693820250544519,0.4693820250544519,False,0.5592028407582172,1.0538708961293717,0.4693820250544519,leaky
686_left,0.65,0.7060410688211016,0.7060410688211016,False,0.4174821411085579,1.4202056710244515,0.7060410688211016,leaky
686_left,0.65,0.5939589311788984,0.5939589311788984,False,0.576661828608558,1.4202056710244515,0.5939589311788984,leaky
686_left,0.65,0.7060410688211016,0.7060410688211016,False,0.4174821411085579,1.4202056710244515,0.7060410688211016,leaky
686_left,0.65,0.5939589311788984,0.5939589311788984,False,0.576661828608558,1.4202056710244515,0.5939589311788984,leaky
687_left,0.5,0.5766022461908858,0.5766022461908858,False,0.4830923094498639,1.1409893063997278,0.5766022461908858,leaky
687_left,0.5,0.4233977538091142,0.4233977538091142,False,0.6578969969498638,1.1409893063997278,0.42339775380911426,leaky
687_left,0.5,0.5766022461908858,0.5766022461908858,False,0.4830923094498639,1.1409893063997278,0.5766022461908858,leaky
687_left,0.5,0.4233977538091142,0.4233977538091142,False,0.6578969969498638,1.1409893063997278,0.42339775380911426,leaky
690_left,0.6,0.6646936910657568,0.6646936910657568,False,0.44794336557857645,1.335922867071441,0.6646936910657568,leaky
690_left,0.6,0.5353063089342431,0.5353063089342431,False,0.6207949280785764,1.335922867071441,0.5353063089342431,leaky
690_left,0.6,0.6646936910657568,0.6646936910657568,False,0.44794336557857645,1.335922867071441,0.6646936910657568,leaky
690_left,0.6,0.5353063089342431,0.5353063089342431,False,0.6207949280785764,1.335922867071441,0.5353063089342431,leaky
928_left,0.65,0.7470521128965751,0.7470521128965751,False,0.2532498433664856,1.0011937489042446,0.7470521128965751,leaky
928_left,0.65,0.5529478871034249,0.5529478871034249,False,0.44758578086648565,1.0011937489042446,0.5529478871034249,leaky
928_left,0.65,0.7470521128965751,0.7470521128965751,False,0.2532498433664856,1.0011937489042446,0.7470521128965751,leaky
928_left,0.65,0.5529478871034249,0.5529478871034249,False,0.44758578086648565,1.0011937489042446,0.5529478871034249,leaky
935_left,0.6,0.6906611755128251,0.6906611755128251,False,0.32654211706157726,1.055613105153943,0.6906611755128251,leaky
935_left,0.6,0.5093388244871748,0.5093388244871748,False,0.5179483670615772,1.055613105153943,0.5093388244871748,leaky
935_left,0.6,0.6906611755128251,0.6906611755128251,False,0.32654211706157726,1.055613105153943,0.6906611755128251,leaky
935_left,0.6,0.5093388244871748,0.5093388244871748,False,0.5179483670615772,1.055613105153943,0.5093388244871748,leaky
43_left,0.55,0.6116093049700443,0.6116093049700443,False,0.547914201574992,1.4107294757222046,0.6116093049700443,leaky
43_left,0.55,0.48839069502995575,0.48839069502995575,False,0.721742326574992,1.4107294757222046,0.4883906950299557,leaky
43_left,0.55,0.6116093049700443,0.6116093049700443,False,0.547914201574992,1.4107294757222046,0.6116093049700443,leaky
43_left,0.55,0.48839069502995575,0.48839069502995575,False,0.721742326574992,1.4107294757222046,0.4883906950299557,leaky
69_left,0.6,0.6577754166749884,0.6577754166749884,False,0.5090387369239873,1.4874405923099683,0.6577754166749885,leaky
69_left,0.6,0.5422245833250116,0.5422245833250116,False,0.6809137369239874,1.4874405923099683,0.5422245833250116,leaky
69_left,0.6,0.6577754166749884,0.6577754166749884,False,0.5090387369239873,1.4874405923099683,0.6577754166749885,leaky
69_left,0.6,0.5422245833250116,0.5422245833250116,False,0.6809137369239874,1.4874405923099683,0.5422245833250116,leaky
114_left,0.5,0.5736416623921577,0.5736416623921577,False,0.548432210828341,1.286317546656682,0.5736416623921577,leaky
114_left,0.5,0.42635833760784225,0.42635833760784225,False,0.737885335828341,1.286317546656682,0.42635833760784225,leaky
114_left,0.5,0.5736416623921577,0.5736416623921577,False,0.548432210828341,1.286317546656682,0.5736416623921577,leaky
114_left,0.5,0.42635833760784225,0.42635833760784225,False,0.737885335828341,1.286317546656682,0.42635833760784225,leaky
466_left,0.7,0.7870445214832625,0.7870445214832625,False,0.22697134109989975,1.0658159286663325,0.7870445214832625,leaky
466_left,0.7,0.6129554785167374,0.6129554785167374,False,0.41251821609989986,1.0658159286663325,0.6129554785167374,leaky
466_left,0.7,0.7870445214832625,0.7870445214832625,False,0.22697134109989975,1.0658159286663325,0.7870445214832625,leaky
466_left,0.7,0.6129554785167374,0.6129554785167374,False,0.41251821609989986,1.0658159286663325,0.6129554785167374,leaky
473_left,0.6,0.6641191679860456,0.6641191679860456,False,0.5064453407039874,1.5078125705099683,0.6641191679860456,leaky
473_left,0.6,0.5358808320139543,0.5358808320139543,False,0.6998047157039874,1.5078125705099683,0.5358808320139543,leaky
473_left,0.6,0.6641191679860456,0.6641191679860456,False,0.5064453407039874,1.5078125705099683,0.6641191679860456,leaky
473_left,0.6,0.5358808320139543,0.5358808320139543,False,0.6998047157039874,1.5078125705099683,0.5358808320139543,leaky
569_left,0.75,0.840636694909384,0.840636694909384,False,0.1725640690253138,1.082834401101255,0.840636694909384,leaky
569_left,0.75,0.659363305090616,0.659363305090616,False,0.36885313152531374,1.082834401101255,0.659363305090616,leaky
569_left,0.75,0.840636694909384,0.840636694909384,False,0.1725640690253138,1.082834401101255,0.840636694909384,leaky
569_left,0.75,0.659363305090616,0.659363305090616,False,0.36885313152531374,1.082834401101255,0.659363305090616,leaky
621_left,0.6,0.6734546036611506,0.6734546036611506,False,0.4080867016562058,1.2497089416405145,0.6734546036611506,leaky
621_left,0.6,0.5265453963388493,0.5265453963388493,False,0.5916804516562059,1.2497089416405145,0.5265453963388493,leaky
621_left,0.6,0.6734546036611506,0.6734546036611506,False,0.4080867016562058,1.2497089416405145,0.6734546036611506,leaky
621_left,0.6,0.5265453963388493,0.5265453963388493,False,0.5916804516562059,1.2497089416405145,0.5265453963388493,leaky
812_left,0.7,0.7976067554326759,0.7976067554326759,False,0.23084529682874336,1.140578072762478,0.7976067554326759,leaky
812_left,0.7,0.602393244567324,0.602393244567324,False,0.45350154682874344,1.140578072762478,0.602393244567324,leaky
812_left,0.7,0.7976067554326759,0.7976067554326759,False,0.23084529682874336,1.140578072762478,0.7976067554326759,leaky
812_left,0.7,0.602393244567324,0.602393244567324,False,0.45350154682874344,1.140578072762478,0.602393244567324,leaky
95_right,0.55,0.6130429308151224,0.6130429308151224,False,0.5244867080910842,1.3554131707579653,0.6130429308151224,leaky
95_right,0.55,0.4869570691848777,0.4869570691848777,False,0.6953851455910843,1.3554131707579653,0.4869570691848777,leaky
95_right,0.55,0.6130429308151224,0.6130429308151224,False,0.5244867080910842,1.3554131707579653,0.6130429308151224,leaky
95_right,0.55,0.4869570691848777,0.4869570691848777,False,0.6953851455910843,1.3554131707579653,0.4869570691848777,leaky
175_right,0.55,0.6247574176148734,0.6247574176148734,False,0.3994987982896411,1.0646414267547581,0.6247574176148734,leaky
175_right,0.55,0.47524258238512673,0.47524258238512673,False,0.5586784857896411,1.0646414267547581,0.47524258238512673,leaky
175_right,0.55,0.6247574176148734,0.6247574176148734,False,0.3994987982896411,1.0646414267547581,0.6247574176148734,leaky
175_right,0.55,0.47524258238512673,0.47524258238512673,False,0.5586784857896411,1.0646414267547581,0.47524258238512673,leaky
280_right,0.55,0.6124094350574174,0.6124094350574174,False,0.5215806123329257,1.3456999718509464,0.6124094350574174,leaky
280_right,0.55,0.4875905649425827,0.4875905649425827,False,0.6895493623329259,1.3456999718509464,0.4875905649425827,leaky
280_right,0.55,0.6124094350574174,0.6124094350574174,False,0.5215806123329257,1.3456999718509464,0.6124094350574174,leaky
280_right,0.55,0.4875905649425827,0.4875905649425827,False,0.6895493623329259,1.3456999718509464,0.4875905649425827,leaky
454_right,0.55,0.6230810105125094,0.6230810105125094,False,0.4658919970910145,1.2360533963133655,0.6230810105125094,leaky
454_right,0.55,0.4769189894874907,0.4769189894874907,False,0.6465560595910145,1.2360533963133655,0.4769189894874907,leaky
454_right,0.55,0.6230810105125094,0.6230810105125094,False,0.4658919970910145,1.2360533963133655,0.6230810105125094,leaky
454_right,0.55,0.4769189894874907,0.4769189894874907,False,0.6465560595910145,1.2360533963133655,0.4769189894874907,leaky
659_right,0.55,0.6100896093798652,0.6100896093798652,False,0.5924846212757586,1.5195404778350194,0.6100896093798653,leaky
659_right,0.55,0.48991039062013486,0.48991039062013486,False,0.7751018087757586,1.5195404778350194,0.48991039062013486,leaky
659_right,0.55,0.6100896093798652,0.6100896093798652,False,0.5924846212757586,1.5195404778350194,0.6100896093798653,leaky
659_right,0.55,0.48991039062013486,0.48991039062013486,False,0.7751018087757586,1.5195404778350194,0.48991039062013486,leaky
869_right,0.5,0.5677391158284818,0.5677391158284818,False,0.5764321429290994,1.333528348358199,0.5677391158284818,leaky
869_right,0.5,0.43226088417151826,0.43226088417151826,False,0.7570962054290994,1.333528348358199,0.4322608841715183,leaky
869_right,0.5,0.5677391158284818,0.5677391158284818,False,0.5764321429290994,1.333528348358199,0.5677391158284818,leaky
869_right,0.5,0.43226088417151826,0.43226088417151826,False,0.7570962054290994,1.333528348358199,0.4322608841715183,leaky
874_right,0.55,0.6353995702668033,0.6353995702668033,False,0.38774346126745135,1.0634750528165586,0.6353995702668033,leaky
874_right,0.55,0.4646004297331968,0.4646004297331968,False,0.5693840862674512,1.0634750528165586,0.4646004297331968,leaky
874_right,0.55,0.6353995702668033,0.6353995702668033,False,0.38774346126745135,1.0634750528165586,0.6353995702668033,leaky
874_right,0.55,0.4646004297331968,0.4646004297331968,False,0.5693840862674512,1.0634750528165586,0.4646004297331968,leaky
947_right,0.5,0.5530506488808666,0.5530506488808666,False,0.7774983261089103,1.7395669647178207,0.5530506488808666,leaky
947_right,0.5,0.44694935111913336,0.44694935111913336,False,0.9620686386089103,1.7395669647178207,0.44694935111913336,leaky
947_right,0.5,0.5530506488808666,0.5530506488808666,False,0.7774983261089103,1.7395669647178207,0.5530506488808666,leaky
947_right,0.5,0.44694935111913336,0.44694935111913336,False,0.9620686386089103,1.7395669647178207,0.44694935111913336,leaky
3_left,0.5,0.5899812303232757,0.5899812303232757,False,0.4116172693178188,1.0038986011356377,0.5899812303232757,leaky
3_left,0.5,0.4100187696767244,0.4100187696767244,False,0.5922813318178188,1.0038986011356377,0.41001876967672435,leaky
3_left,0.5,0.5899812303232757,0.5899812303232757,False,0.4116172693178188,1.0038986011356377,0.5899812303232757,leaky
3_left,0.5,0.4100187696767244,0.4100187696767244,False,0.5922813318178188,1.0038986011356377,0.41001876967672435,leaky
45_left,0.5,0.5838589069826708,0.5838589069826708,False,0.49672419518842187,1.1936437028768438,0.5838589069826708,leaky
45_left,0.5,0.41614109301732916,0.41614109301732916,False,0.6969195076884219,1.1936437028768438,0.41614109301732916,leaky
45_left,0.5,0.5838589069826708,0.5838589069826708,False,0.49672419518842187,1.1936437028768438,0.5838589069826708,leaky
45_left,0.5,0.41614109301732916,0.41614109301732916,False,0.6969195076884219,1.1936437028768438,0.41614109301732916,leaky
80_left,0.6,0.6677187745827066,0.6677187745827066,False,0.39052996713225413,1.1752995272056355,0.6677187745827066,leaky
80_left,0.6,0.5322812254172934,0.5322812254172934,False,0.5497096546322542,1.1752995272056355,0.5322812254172934,leaky
80_left,0.6,0.6677187745827066,0.6677187745827066,False,0.39052996713225413,1.1752995272056355,0.6677187745827066,leaky
80_left,0.6,0.5322812254172934,0.5322812254172934,False,0.5497096546322542,1.1752995272056355,0.5322812254172934,leaky
112_left,0.65,0.7221741743557631,0.7221741743557631,False,0.29697365486923394,1.0689202639120972,0.7221741743557631,leaky
112_left,0.65,0.5778258256442369,0.5778258256442369,False,0.45127052986923405,1.0689202639120972,0.5778258256442369,leaky
112_left,0.65,0.7221741743557631,0.7221741743557631,False,0.29697365486923394,1.0689202639120972,0.7221741743557631,leaky
112_left,0.65,0.5778258256442369,0.5778258256442369,False,0.45127052986923405,1.0689202639120972,0.5778258256442369,leaky
280_left,0.65,0.7224959319579055,0.7224959319579055,False,0.32148018633659786,1.1584701752474225,0.7224959319579055,leaky
280_left,0.65,0.5775040680420945,0.5775040680420945,False,0.48944893633659786,1.1584701752474225,0.5775040680420945,leaky
280_left,0.65,0.7224959319579055,0.7224959319579055,False,0.32148018633659786,1.1584701752474225,0.7224959319579055,leaky
280_left,0.65,0.5775040680420945,0.5775040680420945,False,0.48944893633659786,1.1584701752474225,0.5775040680420945,leaky
328_left,0.7,0.7728733123820162,0.7728733123820162,False,0.27545349011494263,1.2127746545498086,0.7728733123820162,leaky
328_left,0.7,0.6271266876179837,0.6271266876179837,False,0.45221130261494263,1.2127746545498086,0.6271266876179837,leaky
328_left,0.7,0.7728733123820162,0.7728733123820162,False,0.27545349011494263,1.2127746545498086,0.7728733123820162,leaky
328_left,0.7,0.6271266876179837,0.6271266876179837,False,0.45221130261494263,1.2127746545498086,0.6271266876179837,leaky
698_left,0.6,0.6639312707933036,0.6639312707933036,False,0.4902506537884703,1.4587809313461757,0.6639312707933036,leaky
698_left,0.6,0.5360687292066963,0.5360687292066963,False,0.6767740912884703,1.4587809313461757,0.5360687292066963,leaky
698_left,0.6,0.6639312707933036,0.6639312707933036,False,0.4902506537884703,1.4587809313461757,0.6639312707933036,leaky
698_left,0.6,0.5360687292066963,0.5360687292066963,False,0.6767740912884703,1.4587809313461757,0.5360687292066963,leaky
727_left,0.5,0.576192671876386,0.576192671876386,False,0.44270345421391416,1.0445865959278284,0.576192671876386,leaky
727_left,0.5,0.42380732812361405,0.42380732812361405,False,0.6018831417139141,1.0445865959278284,0.4238073281236141,leaky
727_left,0.5,0.576192671876386,0.576192671876386,False,0.44270345421391416,1.0445865959278284,0.576192671876386,leaky
727_left,0.5,0.42380732812361405,0.42380732812361405,False,0.6018831417139141,1.0445865959278284,0.4238073281236141,leaky
869_left,0.5,0.5833437328480655,0.5833437328480655,False,0.45159252722084525,1.0838491169416904,0.5833437328480655,leaky
869_left,0.5,0.4166562671519345,0.4166562671519345,False,0.6322565897208452,1.0838491169416904,0.4166562671519345,leaky
869_left,0.5,0.5833437328480655,0.5833437328480655,False,0.45159252722084525,1.0838491169416904,0.5833437328480655,leaky
869_left,0.5,0.4166562671519345,0.4166562671519345,False,0.6322565897208452,1.0838491169416904,0.4166562671519345,leaky
306_left,0.7,0.7725996139957435,0.7725996139957435,False,0.27988396861907006,1.2307981245635669,0.7725996139957435,leaky
306_left,0.7,0.6274003860042564,0.6274003860042564,False,0.45859490611907017,1.2307981245635669,0.6274003860042564,leaky
306_left,0.7,0.7725996139957435,0.7725996139957435,False,0.27988396861907006,1.2307981245635669,0.7725996139957435,leaky
306_left,0.7,0.6274003860042564,0.6274003860042564,False,0.45859490611907017,1.2307981245635669,0.6274003860042564,leaky
335_left,0.5,0.5545225014217352,0.5545225014217352,False,0.7021545515299511,1.5761841030599022,0.5545225014217352,leaky
335_left,0.5,0.44547749857826474,0.44547749857826474,False,0.8740295515299511,1.5761841030599022,0.4454774985782648,leaky
335_left,0.5,0.5545225014217352,0.5545225014217352,False,0.7021545515299511,1.5761841030599022,0.5545225014217352,leaky
335_left,0.5,0.44547749857826474,0.44547749857826474,False,0.8740295515299511,1.5761841030599022,0.4454774985782648,leaky
368_left,0.6,0.6829464028329271,0.6829464028329271,False,0.33035314248021247,1.041947309325531,0.6829464028329271,leaky
368_left,0.6,0.5170535971670729,0.5170535971670729,False,0.5032047049802124,1.041947309325531,0.5170535971670729,leaky
368_left,0.6,0.6829464028329271,0.6829464028329271,False,0.33035314248021247,1.041947309325531,0.6829464028329271,leaky
368_left,0.6,0.5170535971670729,0.5170535971670729,False,0.5032047049802124,1.041947309325531,0.5170535971670729,leaky
461_left,0.65,0.7167430587421436,0.7167430587421436,False,0.36264571615617713,1.2802712425890777,0.7167430587421436,leaky
461_left,0.65,0.5832569412578564,0.5832569412578564,False,0.5335441536561771,1.2802712425890777,0.5832569412578564,leaky
461_left,0.65,0.7167430587421436,0.7167430587421436,False,0.36264571615617713,1.2802712425890777,0.7167430587421436,leaky
461_left,0.65,0.5832569412578564,0.5832569412578564,False,0.5335441536561771,1.2802712425890777,0.5832569412578564,leaky
621_left,0.55,0.6280175019288992,0.6280175019288992,False,0.43768167441121275,1.176618998691584,0.6280175019288992,leaky
621_left,0.55,0.47198249807110093,0.47198249807110093,False,0.6212754244112128,1.176618998691584,0.47198249807110093,leaky
621_left,0.55,0.6280175019288992,0.6280175019288992,False,0.43768167441121275,1.176618998691584,0.6280175019288992,leaky
621_left,0.55,0.47198249807110093,0.47198249807110093,False,0.6212754244112128,1.176618998691584,0.47198249807110093,leaky
830_left,0.55,0.6319324861269898,0.6319324861269898,False,0.40580101662915485,1.1025178841759,0.6319324861269898,leaky
830_left,0.55,0.4680675138730103,0.4680675138730103,False,0.5864650791291548,1.1025178841759,0.4680675138730104,leaky
830_left,0.55,0.6319324861269898,0.6319324861269898,False,0.40580101662915485,1.1025178841759,0.6319324861269898,leaky
830_left,0.55,0.4680675138730103,0.4680675138730103,False,0.5864650791291548,1.1025178841759,0.4680675138730104,leaky
932_left,0.6,0.6667654930016487,0.6667654930016487,False,0.39724236505603466,1.1920805220150867,0.6667654930016487,leaky
932_left,0.6,0.5332345069983513,0.5332345069983513,False,0.5564220525560347,1.1920805220150867,0.5332345069983513,leaky
932_left,0.6,0.6667654930016487,0.6667654930016487,False,0.39724236505603466,1.1920805220150867,0.6667654930016487,leaky
932_left,0.6,0.5332345069983513,0.5332345069983513,False,0.5564220525560347,1.1920805220150867,0.5332345069983513,leaky
993_left,0.55,0.6119114258782536,0.6119114258782536,False,0.566241670386843,1.4590526703040958,0.6119114258782536,leaky
993_left,0.55,0.48808857412174644,0.48808857412174644,False,0.746905732886843,1.4590526703040958,0.48808857412174644,leaky
993_left,0.55,0.6119114258782536,0.6119114258782536,False,0.566241670386843,1.4590526703040958,0.6119114258782536,leaky
993_left,0.55,0.48808857412174644,0.48808857412174644,False,0.746905732886843,1.4590526703040958,0.48808857412174644,leaky
52_right,0.5,0.5705761446101234,0.5705761446101234,False,0.5526004424995069,1.2868415099990136,0.5705761446101234,leaky
52_right,0.5,0.42942385538987654,0.42942385538987654,False,0.7342410674995068,1.2868415099990136,0.4294238553898766,leaky
52_right,0.5,0.5705761446101234,0.5705761446101234,False,0.5526004424995069,1.2868415099990136,0.5705761446101234,leaky
52_right,0.5,0.42942385538987654,0.42942385538987654,False,0.7342410674995068,1.2868415099990136,0.4294238553898766,leaky
95_right,0.5,0.5630429308151224,0.5630429308151224,False,0.5922573666289827,1.3554131707579653,0.5630429308151224,leaky
95_right,0.5,0.43695706918487764,0.43695706918487764,False,0.7631558041289827,1.3554131707579653,0.43695706918487764,leaky
95_right,0.5,0.5630429308151224,0.5630429308151224,False,0.5922573666289827,1.3554131707579653,0.5630429308151224,leaky
95_right,0.5,0.43695706918487764,0.43695706918487764,False,0.7631558041289827,1.3554131707579653,0.43695706918487764,leaky
148_right,0.5,0.5827945713640578,0.5827945713640578,False,0.47487077806031924,1.1382181186206386,0.5827945713640578,leaky
148_right,0.5,0.41720542863594223,0.41720542863594223,False,0.6633473405603193,1.1382181186206386,0.41720542863594223,leaky
148_right,0.5,0.5827945713640578,0.5827945713640578,False,0.47487077806031924,1.1382181186206386,0.5827945713640578,leaky
148_right,0.5,0.41720542863594223,0.41720542863594223,False,0.6633473405603193,1.1382181186206386,0.41720542863594223,leaky
436_right,0.5,0.5860769530749513,0.5860769530749513,False,0.42264455230506454,1.021070354610129,0.5860769530749513,leaky
436_right,0.5,0.41392304692504867,0.41392304692504867,False,0.5984258023050645,1.021070354610129,0.41392304692504867,leaky
436_right,0.5,0.5860769530749513,0.5860769530749513,False,0.42264455230506454,1.021070354610129,0.5860769530749513,leaky
436_right,0.5,0.41392304692504867,0.41392304692504867,False,0.5984258023050645,1.021070354610129,0.41392304692504867,leaky
659_right,0.5,0.5600896093798652,0.5600896093798652,False,0.6684616451675096,1.5195404778350194,0.5600896093798652,leaky
659_right,0.5,0.4399103906201348,0.4399103906201348,False,0.8510788326675097,1.5195404778350194,0.4399103906201348,leaky
659_right,0.5,0.5600896093798652,0.5600896093798652,False,0.6684616451675096,1.5195404778350194,0.5600896093798652,leaky
659_right,0.5,0.4399103906201348,0.4399103906201348,False,0.8510788326675097,1.5195404778350194,0.4399103906201348,leaky
683_right,0.5,0.5445581481794625,0.5445581481794625,False,0.8135110480267843,1.7862017835535686,0.5445581481794625,leaky
683_right,0.5,0.45544185182053754,0.45544185182053754,False,0.9726907355267843,1.7862017835535686,0.45544185182053754,leaky
683_right,0.5,0.5445581481794625,0.5445581481794625,False,0.8135110480267843,1.7862017835535686,0.5445581481794625,leaky
683_right,0.5,0.45544185182053754,0.45544185182053754,False,0.9726907355267843,1.7862017835535686,0.45544185182053754,leaky
813_right,0.55,0.6270731713039851,0.6270731713039851,False,0.40873003243363754,1.0960059748525282,0.6270731713039851,leaky
813_right,0.55,0.472926828696015,0.472926828696015,False,0.5776753449336376,1.0960059748525282,0.472926828696015,leaky
813_right,0.55,0.6270731713039851,0.6270731713039851,False,0.40873003243363754,1.0960059748525282,0.6270731713039851,leaky
813_right,0.55,0.472926828696015,0.472926828696015,False,0.5776753449336376,1.0960059748525282,0.472926828696015,leaky
890_right,0.5,0.5670258690223712,0.5670258690223712,False,0.514134974076945,1.18744963565389,0.5670258690223712,leaky
890_right,0.5,0.4329741309776288,0.4329741309776288,False,0.673314661576945,1.18744963565389,0.4329741309776288,leaky
890_right,0.5,0.5670258690223712,0.5670258690223712,False,0.514134974076945,1.18744963565389,0.5670258690223712,leaky
890_right,0.5,0.4329741309776288,0.4329741309776288,False,0.673314661576945,1.18744963565389,0.4329741309776288,leaky
138_left,0.6,0.6753075364439892,0.6753075364439892,False,0.43578688983333574,1.3421527714583394,0.6753075364439892,leaky
138_left,0.6,0.5246924635560107,0.5246924635560107,False,0.6379353273333358,1.3421527714583394,0.5246924635560107,leaky
138_left,0.6,0.6753075364439892,0.6753075364439892,False,0.43578688983333574,1.3421527714583394,0.6753075364439892,leaky
138_left,0.6,0.5246924635560107,0.5246924635560107,False,0.6379353273333358,1.3421527714583394,0.5246924635560107,leaky
211_left,0.55,0.6322590344972113,0.6322590344972113,False,0.37763701407185013,1.0269103784930005,0.6322590344972113,leaky
211_left,0.55,0.46774096550278876,0.46774096550278876,False,0.5465823265718501,1.0269103784930005,0.46774096550278876,leaky
211_left,0.55,0.6322590344972113,0.6322590344972113,False,0.37763701407185013,1.0269103784930005,0.6322590344972113,leaky
211_left,0.55,0.46774096550278876,0.46774096550278876,False,0.5465823265718501,1.0269103784930005,0.46774096550278876,leaky
284_left,0.7,0.7821365073657768,0.7821365073657768,False,0.24219205052518455,1.1116688142506153,0.7821365073657768,leaky
284_left,0.7,0.6178634926342231,0.6178634926342231,False,0.4248092380251846,1.1116688142506153,0.6178634926342231,leaky
284_left,0.7,0.7821365073657768,0.7821365073657768,False,0.24219205052518455,1.1116688142506153,0.7821365073657768,leaky
284_left,0.7,0.6178634926342231,0.6178634926342231,False,0.4248092380251846,1.1116688142506153,0.6178634926342231,leaky
512_left,0.5,0.5806179749455481,0.5806179749455481,False,0.4419745105646858,1.0538708961293717,0.5806179749455481,leaky
512_left,0.5,0.4193820250544519,0.4193820250544519,False,0.6118963855646858,1.0538708961293717,0.4193820250544519,leaky
512_left,0.5,0.5806179749455481,0.5806179749455481,False,0.4419745105646858,1.0538708961293717,0.5806179749455481,leaky
512_left,0.5,0.4193820250544519,0.4193820250544519,False,0.6118963855646858,1.0538708961293717,0.4193820250544519,leaky
687_left,0.4,0.4766022461908858,0.4766022461908858,False,0.5971912400898366,1.1409893063997278,0.47660224619088587,leaky
687_left,0.4,0.32339775380911423,0.32339775380911423,False,0.7719959275898368,1.1409893063997278,0.3233977538091142,leaky
687_left,0.4,0.4766022461908858,0.4766022461908858,False,0.5971912400898366,1.1409893063997278,0.47660224619088587,leaky
687_left,0.4,0.32339775380911423,0.32339775380911423,False,0.7719959275898368,1.1409893063997278,0.3233977538091142,leaky
727_left,0.4,0.476192671876386,0.476192671876386,False,0.5471621138066971,1.0445865959278284,0.47619267187638603,leaky
727_left,0.4,0.32380732812361407,0.32380732812361407,False,0.7063418013066971,1.0445865959278284,0.323807328123614,leaky
727_left,0.4,0.476192671876386,0.476192671876386,False,0.5471621138066971,1.0445865959278284,0.47619267187638603,leaky
727_left,0.4,0.32380732812361407,0.32380732812361407,False,0.7063418013066971,1.0445865959278284,0.323807328123614,leaky
806_left,0.5,0.5586022825147647,0.5586022825147647,False,0.6399335022224993,1.4497888794449987,0.5586022825147647,leaky
806_left,0.5,0.44139771748523526,0.44139771748523526,False,0.8098553772224992,1.4497888794449987,0.44139771748523526,leaky
806_left,0.5,0.5586022825147647,0.5586022825147647,False,0.6399335022224993,1.4497888794449987,0.5586022825147647,leaky
806_left,0.5,0.44139771748523526,0.44139771748523526,False,0.8098553772224992,1.4497888794449987,0.44139771748523526,leaky
958_left,0.65,0.6988681536192571,0.6988681536192571,False,0.5355756290895065,1.7785419759700187,0.6988681536192571,leaky
958_left,0.65,0.6011318463807429,0.6011318463807429,False,0.7094037540895065,1.7785419759700187,0.6011318463807429,leaky
958_left,0.65,0.6988681536192571,0.6988681536192571,False,0.5355756290895065,1.7785419759700187,0.6988681536192571,leaky
958_left,0.65,0.6011318463807429,0.6011318463807429,False,0.7094037540895065,1.7785419759700187,0.6011318463807429,leaky
43_left,0.5,0.5616093049700442,0.5616093049700442,False,0.6184506753611023,1.4107294757222046,0.5616093049700444,leaky
43_left,0.5,0.4383906950299557,0.4383906950299557,False,0.7922788003611023,1.4107294757222046,0.43839069502995565,leaky
43_left,0.5,0.5616093049700442,0.5616093049700442,False,0.6184506753611023,1.4107294757222046,0.5616093049700444,leaky
43_left,0.5,0.4383906950299557,0.4383906950299557,False,0.7922788003611023,1.4107294757222046,0.43839069502995565,leaky
45_left,0.4,0.46769378003735174,0.46769378003735174,False,0.7871122722967759,1.4786832142446265,0.46769378003735174,leaky
45_left,0.4,0.3323062199626483,0.3323062199626483,False,0.9873075847967758,1.4786832142446265,0.3323062199626483,leaky
45_left,0.4,0.46769378003735174,0.46769378003735174,False,0.7871122722967759,1.4786832142446265,0.46769378003735174,leaky
45_left,0.4,0.3323062199626483,0.3323062199626483,False,0.9873075847967758,1.4786832142446265,0.3323062199626483,leaky
273_left,0.5,0.565667414429913,0.565667414429913,False,0.6200743588078197,1.4276487176156394,0.565667414429913,leaky
273_left,0.5,0.434332585570087,0.434332585570087,False,0.8075743588078197,1.4276487176156394,0.434332585570087,leaky
273_left,0.5,0.565667414429913,0.565667414429913,False,0.6200743588078197,1.4276487176156394,0.565667414429913,leaky
273_left,0.5,0.434332585570087,0.434332585570087,False,0.8075743588078197,1.4276487176156394,0.434332585570087,leaky
324_left,0.55,0.6333481800748053,0.6333481800748053,False,0.393078111700244,1.0720746232227645,0.6333481800748053,leaky
324_left,0.55,0.4666518199251948,0.4666518199251948,False,0.571789049200244,1.0720746232227645,0.4666518199251948,leaky
324_left,0.55,0.6333481800748053,0.6333481800748053,False,0.393078111700244,1.0720746232227645,0.6333481800748053,leaky
324_left,0.55,0.4666518199251948,0.4666518199251948,False,0.571789049200244,1.0720746232227645,0.4666518199251948,leaky
618_left,0.55,0.6176954255289006,0.6176954255289006,False,0.44947736289913576,1.1757049036647462,0.6176954255289006,leaky
618_left,0.55,0.48230457447109953,0.48230457447109953,False,0.6086570503991356,1.1757049036647462,0.48230457447109953,leaky
618_left,0.55,0.6176954255289006,0.6176954255289006,False,0.44947736289913576,1.1757049036647462,0.6176954255289006,leaky
618_left,0.55,0.48230457447109953,0.48230457447109953,False,0.6086570503991356,1.1757049036647462,0.48230457447109953,leaky
751_left,0.55,0.6360666564964659,0.6360666564964659,False,0.36545190455387444,1.0041726351197209,0.6360666564964659,leaky
751_left,0.55,0.46393334350353416,0.46393334350353416,False,0.5383034670538742,1.0041726351197209,0.4639333435035342,leaky
751_left,0.55,0.6360666564964659,0.6360666564964659,False,0.36545190455387444,1.0041726351197209,0.6360666564964659,leaky
751_left,0.55,0.46393334350353416,0.46393334350353416,False,0.5383034670538742,1.0041726351197209,0.4639333435035342,leaky
757_left,0.6,0.6716861562361061,0.6716861562361061,False,0.41147340643444447,1.2532928910861112,0.6716861562361061,leaky
757_left,0.6,0.5283138437638939,0.5283138437638939,False,0.5911609064344445,1.2532928910861112,0.5283138437638939,leaky
757_left,0.6,0.6716861562361061,0.6716861562361061,False,0.41147340643444447,1.2532928910861112,0.6716861562361061,leaky
757_left,0.6,0.5283138437638939,0.5283138437638939,False,0.5911609064344445,1.2532928910861112,0.5283138437638939,leaky
932_left,0.55,0.6232938346780623,0.6232938346780623,False,0.40906557788016296,1.0859009369559176,0.6232938346780623,leaky
932_left,0.55,0.4767061653219377,0.4767061653219377,False,0.5682452653801628,1.0859009369559176,0.47670616532193777,leaky
932_left,0.55,0.6232938346780623,0.6232938346780623,False,0.40906557788016296,1.0859009369559176,0.6232938346780623,leaky
932_left,0.55,0.4767061653219377,0.4767061653219377,False,0.5682452653801628,1.0859009369559176,0.47670616532193777,leaky
973_left,0.6,0.6851630344387674,0.6851630344387674,False,0.3303358648848861,1.0492283340872153,0.6851630344387674,leaky
973_left,0.6,0.5148369655612326,0.5148369655612326,False,0.5090468023848862,1.0492283340872153,0.5148369655612326,leaky
973_left,0.6,0.6851630344387674,0.6851630344387674,False,0.3303358648848861,1.0492283340872153,0.6851630344387674,leaky
973_left,0.6,0.5148369655612326,0.5148369655612326,False,0.5090468023848862,1.0492283340872153,0.5148369655612326,leaky
88_right,0.5,0.5704274045739588,0.5704274045739588,False,0.4854589766024474,1.1300976407048948,0.5704274045739588,leaky
88_right,0.5,0.42957259542604115,0.42957259542604115,False,0.6446386641024473,1.1300976407048948,0.4295725954260412,leaky
88_right,0.5,0.5704274045739588,0.5704274045739588,False,0.4854589766024474,1.1300976407048948,0.5704274045739588,leaky
88_right,0.5,0.42957259542604115,0.42957259542604115,False,0.6446386641024473,1.1300976407048948,0.4295725954260412,leaky
129_right,0.4,0.4601279011942979,0.4601279011942979,False,0.837371650094522,1.55105561474087,0.4601279011942979,leaky
129_right,0.4,0.3398720988057021,0.3398720988057021,False,1.023895087594522,1.55105561474087,0.3398720988057021,leaky
129_right,0.4,0.4601279011942979,0.4601279011942979,False,0.837371650094522,1.55105561474087,0.4601279011942979,leaky
129_right,0.4,0.3398720988057021,0.3398720988057021,False,1.023895087594522,1.55105561474087,0.3398720988057021,leaky
211_right,0.5,0.5734273331763051,0.5734273331763051,False,0.4907399559742117,1.1504252244484234,0.5734273331763051,leaky
211_right,0.5,0.4265726668236949,0.4265726668236949,False,0.6596852684742117,1.1504252244484234,0.4265726668236949,leaky
211_right,0.5,0.5734273331763051,0.5734273331763051,False,0.4907399559742117,1.1504252244484234,0.5734273331763051,leaky
211_right,0.5,0.4265726668236949,0.4265726668236949,False,0.6596852684742117,1.1504252244484234,0.4265726668236949,leaky
244_right,0.4,0.4671572598207283,0.4671572598207283,False,0.7864519092098912,1.475955004933152,0.4671572598207283,leaky
244_right,0.4,0.33284274017927173,0.33284274017927173,False,0.9846940967098912,1.475955004933152,0.33284274017927173,leaky
244_right,0.4,0.4671572598207283,0.4671572598207283,False,0.7864519092098912,1.475955004933152,0.4671572598207283,leaky
244_right,0.4,0.33284274017927173,0.33284274017927173,False,0.9846940967098912,1.475955004933152,0.33284274017927173,leaky
436_right,0.5,0.5860769530749513,0.5860769530749513,False,0.42264455230506454,1.021070354610129,0.5860769530749513,leaky
436_right,0.5,0.41392304692504867,0.41392304692504867,False,0.5984258023050645,1.021070354610129,0.41392304692504867,leaky
436_right,0.5,0.5860769530749513,0.5860769530749513,False,0.42264455230506454,1.021070354610129,0.5860769530749513,leaky
436_right,0.5,0.41392304692504867,0.41392304692504867,False,0.5984258023050645,1.021070354610129,0.41392304692504867,leaky
527_right,0.5,0.5585710214488304,0.5585710214488304,False,0.7102404432018998,1.6089574489037997,0.5585710214488304,leaky
527_right,0.5,0.4414289785511695,0.4414289785511695,False,0.8987170057018997,1.6089574489037997,0.4414289785511696,leaky
527_right,0.5,0.5585710214488304,0.5585710214488304,False,0.7102404432018998,1.6089574489037997,0.5585710214488304,leaky
527_right,0.5,0.4414289785511695,0.4414289785511695,False,0.8987170057018997,1.6089574489037997,0.4414289785511696,leaky
546_right,0.5,0.5761679122905806,0.5761679122905806,False,0.44287323391953565,1.0449261553390714,0.5761679122905806,leaky
546_right,0.5,0.4238320877094194,0.4238320877094194,False,0.6020529214195357,1.0449261553390714,0.4238320877094194,leaky
546_right,0.5,0.5761679122905806,0.5761679122905806,False,0.44287323391953565,1.0449261553390714,0.5761679122905806,leaky
546_right,0.5,0.4238320877094194,0.4238320877094194,False,0.6020529214195357,1.0449261553390714,0.4238320877094194,leaky
727_right,0.5,0.5596024980260026,0.5596024980260026,False,0.5880822034457194,1.3353440943914385,0.5596024980260026,leaky
727_right,0.5,0.44039750197399735,0.44039750197399735,False,0.7472618909457192,1.3353440943914385,0.4403975019739974,leaky
727_right,0.5,0.5596024980260026,0.5596024980260026,False,0.5880822034457194,1.3353440943914385,0.5596024980260026,leaky
727_right,0.5,0.44039750197399735,0.44039750197399735,False,0.7472618909457192,1.3353440943914385,0.4403975019739974,leaky
14_left,0.7,0.7690356584233501,0.7690356584233501,False,0.2662742165096765,1.1528802008655883,0.7690356584233501,leaky
14_left,0.7,0.6309643415766498,0.6309643415766498,False,0.4254539040096766,1.1528802008655883,0.6309643415766498,leaky
14_left,0.7,0.7690356584233501,0.7690356584233501,False,0.2662742165096765,1.1528802008655883,0.7690356584233501,leaky
14_left,0.7,0.6309643415766498,0.6309643415766498,False,0.4254539040096766,1.1528802008655883,0.6309643415766498,leaky
465_left,0.4,0.48471530095916315,0.48471530095916315,False,0.5167787945535185,1.002899553422531,0.48471530095916315,leaky
465_left,0.4,0.3152846990408369,0.3152846990408369,False,0.6867006695535186,1.002899553422531,0.3152846990408369,leaky
465_left,0.4,0.48471530095916315,0.48471530095916315,False,0.5167787945535185,1.002899553422531,0.48471530095916315,leaky
465_left,0.4,0.3152846990408369,0.3152846990408369,False,0.6867006695535186,1.002899553422531,0.3152846990408369,leaky
618_left,0.6,0.6664480280307965,0.6664480280307965,False,0.3995204992272973,1.197775857443243,0.6664480280307965,leaky
618_left,0.6,0.5335519719692035,0.5335519719692035,False,0.5587001867272973,1.197775857443243,0.5335519719692035,leaky
618_left,0.6,0.6664480280307965,0.6664480280307965,False,0.3995204992272973,1.197775857443243,0.6664480280307965,leaky
618_left,0.6,0.5335519719692035,0.5335519719692035,False,0.5587001867272973,1.197775857443243,0.5335519719692035,leaky
759_left,0.5,0.5774478903361854,0.5774478903361854,False,0.43423850847829704,1.027656704456594,0.5774478903361854,leaky
759_left,0.5,0.42255210966381457,0.42255210966381457,False,0.5934181959782971,1.027656704456594,0.4225521096638145,leaky
759_left,0.5,0.5774478903361854,0.5774478903361854,False,0.43423850847829704,1.027656704456594,0.5774478903361854,leaky
759_left,0.5,0.42255210966381457,0.42255210966381457,False,0.5934181959782971,1.027656704456594,0.4225521096638145,leaky
790_left,0.65,0.7168826673742268,0.7168826673742268,False,0.33690738051044405,1.1899920693155548,0.7168826673742268,leaky
790_left,0.65,0.5831173326257733,0.5831173326257733,False,0.49608706801044417,1.1899920693155548,0.5831173326257733,leaky
790_left,0.65,0.7168826673742268,0.7168826673742268,False,0.33690738051044405,1.1899920693155548,0.7168826673742268,leaky
790_left,0.65,0.5831173326257733,0.5831173326257733,False,0.49608706801044417,1.1899920693155548,0.5831173326257733,leaky
832_left,0.5,0.5828880859538776,0.5828880859538776,False,0.44228584118662406,1.0603529323732481,0.5828880859538776,leaky
832_left,0.5,0.41711191404612236,0.41711191404612236,False,0.6180670911866241,1.0603529323732481,0.41711191404612236,leaky
832_left,0.5,0.5828880859538776,0.5828880859538776,False,0.44228584118662406,1.0603529323732481,0.5828880859538776,leaky
832_left,0.5,0.41711191404612236,0.41711191404612236,False,0.6180670911866241,1.0603529323732481,0.41711191404612236,leaky
847_left,0.5,0.5730804670161784,0.5730804670161784,False,0.587600260583083,1.3763723961661658,0.5730804670161784,leaky
847_left,0.5,0.4269195329838215,0.4269195329838215,False,0.7887721355830829,1.3763723961661658,0.42691953298382157,leaky
847_left,0.5,0.5730804670161784,0.5730804670161784,False,0.587600260583083,1.3763723961661658,0.5730804670161784,leaky
847_left,0.5,0.4269195329838215,0.4269195329838215,False,0.7887721355830829,1.3763723961661658,0.42691953298382157,leaky
947_left,0.5,0.5818644398083938,0.5818644398083938,False,0.4713610157997707,1.1272923440995415,0.5818644398083938,leaky
947_left,0.5,0.41813556019160625,0.41813556019160625,False,0.6559313282997707,1.1272923440995415,0.41813556019160625,leaky
947_left,0.5,0.5818644398083938,0.5818644398083938,False,0.4713610157997707,1.1272923440995415,0.5818644398083938,leaky
947_left,0.5,0.41813556019160625,0.41813556019160625,False,0.6559313282997707,1.1272923440995415,0.41813556019160625,leaky
473_left,0.5,0.5641191679860457,0.5641191679860457,False,0.6572265977549842,1.5078125705099683,0.5641191679860457,leaky
473_left,0.5,0.43588083201395433,0.43588083201395433,False,0.8505859727549842,1.5078125705099683,0.43588083201395433,leaky
473_left,0.5,0.5641191679860457,0.5641191679860457,False,0.6572265977549842,1.5078125705099683,0.5641191679860457,leaky
473_left,0.5,0.43588083201395433,0.43588083201395433,False,0.8505859727549842,1.5078125705099683,0.43588083201395433,leaky
725_left,0.5,0.5827219762344121,0.5827219762344121,False,0.43103517052437845,1.032968778548757,0.5827219762344121,leaky
725_left,0.5,0.41727802376558787,0.41727802376558787,False,0.6019336080243785,1.032968778548757,0.41727802376558787,leaky
725_left,0.5,0.5827219762344121,0.5827219762344121,False,0.43103517052437845,1.032968778548757,0.5827219762344121,leaky
725_left,0.5,0.41727802376558787,0.41727802376558787,False,0.6019336080243785,1.032968778548757,0.41727802376558787,leaky
738_left,0.55,0.6314391715603411,0.6314391715603411,False,0.40880632298020564,1.1091963427337905,0.6314391715603411,leaky
738_left,0.55,0.468560828439659,0.468560828439659,False,0.5894703854802057,1.1091963427337905,0.46856082843965896,leaky
738_left,0.55,0.6314391715603411,0.6314391715603411,False,0.40880632298020564,1.1091963427337905,0.6314391715603411,leaky
738_left,0.55,0.468560828439659,0.468560828439659,False,0.5894703854802057,1.1091963427337905,0.46856082843965896,leaky
754_left,0.5,0.5461317498615113,0.5461317498615113,False,0.7253988616064331,1.598258660712866,0.5461317498615113,leaky
754_left,0.5,0.4538682501384887,0.4538682501384887,False,0.8728597991064329,1.598258660712866,0.45386825013848875,leaky
754_left,0.5,0.5461317498615113,0.5461317498615113,False,0.7253988616064331,1.598258660712866,0.5461317498615113,leaky
754_left,0.5,0.4538682501384887,0.4538682501384887,False,0.8728597991064329,1.598258660712866,0.45386825013848875,leaky
812_left,0.65,0.747606755432676,0.747606755432676,False,0.2878742004668672,1.140578072762478,0.747606755432676,leaky
812_left,0.65,0.5523932445673241,0.5523932445673241,False,0.5105304504668673,1.140578072762478,0.5523932445673241,leaky
812_left,0.65,0.747606755432676,0.747606755432676,False,0.2878742004668672,1.140578072762478,0.747606755432676,leaky
812_left,0.65,0.5523932445673241,0.5523932445673241,False,0.5105304504668673,1.140578072762478,0.5523932445673241,leaky
830_left,0.4,0.48193248612698975,0.48193248612698975,False,0.5711786992555399,1.1025178841759,0.4819324861269898,leaky
830_left,0.4,0.3180675138730103,0.3180675138730103,False,0.75184276175554,1.1025178841759,0.31806751387301024,leaky
830_left,0.4,0.48193248612698975,0.48193248612698975,False,0.5711786992555399,1.1025178841759,0.4819324861269898,leaky
830_left,0.4,0.3180675138730103,0.3180675138730103,False,0.75184276175554,1.1025178841759,0.31806751387301024,leaky
844_left,0.6,0.687998534992735,0.687998534992735,False,0.3583616968972071,1.148589789118018,0.687998534992735,leaky
844_left,0.6,0.512001465007265,0.512001465007265,False,0.5605101343972072,1.148589789118018,0.512001465007265,leaky
844_left,0.6,0.687998534992735,0.687998534992735,False,0.3583616968972071,1.148589789118018,0.687998534992735,leaky
844_left,0.6,0.512001465007265,0.512001465007265,False,0.5605101343972072,1.148589789118018,0.512001465007265,leaky
908_left,0.55,0.6257969063230058,0.6257969063230058,False,0.4314981839297467,1.1531122837327705,0.6257969063230058,leaky
908_left,0.55,0.4742030936769943,0.4742030936769943,False,0.6063028714297467,1.1531122837327705,0.4742030936769943,leaky
908_left,0.55,0.6257969063230058,0.6257969063230058,False,0.4314981839297467,1.1531122837327705,0.6257969063230058,leaky
908_left,0.55,0.4742030936769943,0.4742030936769943,False,0.6063028714297467,1.1531122837327705,0.4742030936769943,leaky
937_left,0.5,0.5671667696657686,0.5671667696657686,False,0.5600878919820804,1.2940039089641608,0.5671667696657685,leaky
937_left,0.5,0.4328332303342314,0.4328332303342314,False,0.7339160169820804,1.2940039089641608,0.4328332303342314,leaky
937_left,0.5,0.5671667696657686,0.5671667696657686,False,0.5600878919820804,1.2940039089641608,0.5671667696657685,leaky
937_left,0.5,0.4328332303342314,0.4328332303342314,False,0.7339160169820804,1.2940039089641608,0.4328332303342314,leaky
9_right,0.4,0.4960795694478723,0.4960795694478723,False,0.5121898425326055,1.016410154221009,0.49607956944787235,leaky
9_right,0.4,0.30392043055212775,0.30392043055212775,False,0.7075023425326055,1.016410154221009,0.3039204305521277,leaky
9_right,0.4,0.4960795694478723,0.4960795694478723,False,0.5121898425326055,1.016410154221009,0.49607956944787235,leaky
9_right,0.4,0.30392043055212775,0.30392043055212775,False,0.7075023425326055,1.016410154221009,0.3039204305521277,leaky
43_right,0.4,0.4694216251482005,0.4694216251482005,False,0.6642702750702324,1.2519738959503874,0.4694216251482005,leaky
43_right,0.4,0.33057837485179953,0.33057837485179953,False,0.8380984000702324,1.2519738959503874,0.33057837485179953,leaky
43_right,0.4,0.4694216251482005,0.4694216251482005,False,0.6642702750702324,1.2519738959503874,0.4694216251482005,leaky
43_right,0.4,0.33057837485179953,0.33057837485179953,False,0.8380984000702324,1.2519738959503874,0.33057837485179953,leaky
616_right,0.4,0.46339314226656486,0.46339314226656486,False,0.7439718306936255,1.3864374261560426,0.4633931422665649,leaky
616_right,0.4,0.3366068577334352,0.3366068577334352,False,0.9197530806936256,1.3864374261560426,0.3366068577334351,leaky
616_right,0.4,0.46339314226656486,0.46339314226656486,False,0.7439718306936255,1.3864374261560426,0.4633931422665649,leaky
616_right,0.4,0.3366068577334352,0.3366068577334352,False,0.9197530806936256,1.3864374261560426,0.3366068577334351,leaky
690_right,0.4,0.46221345758230303,0.46221345758230303,False,0.747083089100112,1.38918145058352,0.46221345758230303,leaky
690_right,0.4,0.337786542417697,0.337786542417697,False,0.919934651600112,1.38918145058352,0.337786542417697,leaky
690_right,0.4,0.46221345758230303,0.46221345758230303,False,0.747083089100112,1.38918145058352,0.46221345758230303,leaky
690_right,0.4,0.337786542417697,0.337786542417697,False,0.919934651600112,1.38918145058352,0.337786542417697,leaky
799_right,0.4,0.4701697341170885,0.4701697341170885,False,0.6857564863955435,1.294294664825906,0.4701697341170885,leaky
799_right,0.4,0.32983026588291153,0.32983026588291153,False,0.8673971113955435,1.294294664825906,0.32983026588291153,leaky
799_right,0.4,0.4701697341170885,0.4701697341170885,False,0.6857564863955435,1.294294664825906,0.4701697341170885,leaky
799_right,0.4,0.32983026588291153,0.32983026588291153,False,0.8673971113955435,1.294294664825906,0.32983026588291153,leaky
874_right,0.4,0.4822425928674531,0.4822425928674531,False,0.5717583538587171,1.1042977772645286,0.4822425928674531,leaky
874_right,0.4,0.31775740713254697,0.31775740713254697,False,0.753398978858717,1.1042977772645286,0.31775740713254697,leaky
874_right,0.4,0.4822425928674531,0.4822425928674531,False,0.5717583538587171,1.1042977772645286,0.4822425928674531,leaky
874_right,0.4,0.31775740713254697,0.31775740713254697,False,0.753398978858717,1.1042977772645286,0.31775740713254697,leaky
890_right,0.4,0.4613716381093317,0.4613716381093317,False,0.6985204971362559,1.2968505681437599,0.4613716381093317,leaky
890_right,0.4,0.33862836189066836,0.33862836189066836,False,0.857700184636256,1.2968505681437599,0.33862836189066836,leaky
890_right,0.4,0.4613716381093317,0.4613716381093317,False,0.6985204971362559,1.2968505681437599,0.4613716381093317,leaky
890_right,0.4,0.33862836189066836,0.33862836189066836,False,0.857700184636256,1.2968505681437599,0.33862836189066836,leaky
901_right,0.4,0.4802120500973166,0.4802120500973166,False,0.5916954708953045,1.1383401077421742,0.4802120500973166,leaky
901_right,0.4,0.31978794990268344,0.31978794990268344,False,0.7743126583953045,1.1383401077421742,0.31978794990268344,leaky
901_right,0.4,0.4802120500973166,0.4802120500973166,False,0.5916954708953045,1.1383401077421742,0.4802120500973166,leaky
901_right,0.4,0.31978794990268344,0.31978794990268344,False,0.7743126583953045,1.1383401077421742,0.31978794990268344,leaky
112_left,0.55,0.6221741743557632,0.6221741743557632,False,0.40386568126044364,1.0689202639120972,0.6221741743557632,leaky
112_left,0.55,0.4778258256442369,0.4778258256442369,False,0.5581625562604438,1.0689202639120972,0.4778258256442369,leaky
112_left,0.55,0.6221741743557632,0.6221741743557632,False,0.40386568126044364,1.0689202639120972,0.6221741743557632,leaky
112_left,0.55,0.4778258256442369,0.4778258256442369,False,0.5581625562604438,1.0689202639120972,0.4778258256442369,leaky
138_left,0.55,0.6253075364439893,0.6253075364439893,False,0.5028945284062526,1.3421527714583394,0.6253075364439893,leaky
138_left,0.55,0.47469246355601086,0.47469246355601086,False,0.7050429659062527,1.3421527714583394,0.4746924635560108,leaky
138_left,0.55,0.6253075364439893,0.6253075364439893,False,0.5028945284062526,1.3421527714583394,0.6253075364439893,leaky
138_left,0.55,0.47469246355601086,0.47469246355601086,False,0.7050429659062527,1.3421527714583394,0.4746924635560108,leaky
252_left,0.5,0.570838892638907,0.570838892638907,False,0.5324650985713172,1.2407114471426344,0.570838892638907,leaky
252_left,0.5,0.42916110736109303,0.42916110736109303,False,0.7082463485713172,1.2407114471426344,0.42916110736109303,leaky
252_left,0.5,0.570838892638907,0.570838892638907,False,0.5324650985713172,1.2407114471426344,0.570838892638907,leaky
252_left,0.5,0.42916110736109303,0.42916110736109303,False,0.7082463485713172,1.2407114471426344,0.42916110736109303,leaky
280_left,0.5,0.5724959319579055,0.5724959319579055,False,0.4952507126237113,1.1584701752474225,0.5724959319579055,leaky
280_left,0.5,0.4275040680420945,0.4275040680420945,False,0.6632194626237112,1.1584701752474225,0.4275040680420945,leaky
280_left,0.5,0.5724959319579055,0.5724959319579055,False,0.4952507126237113,1.1584701752474225,0.5724959319579055,leaky
280_left,0.5,0.4275040680420945,0.4275040680420945,False,0.6632194626237112,1.1584701752474225,0.4275040680420945,leaky
448_left,0.4,0.4933333081308678,0.4933333081308678,False,0.5089287341677505,1.004464556946251,0.49333330813086773,leaky
448_left,0.4,0.30666669186913226,0.30666669186913226,False,0.6964287341677505,1.004464556946251,0.3066666918691323,leaky
448_left,0.4,0.4933333081308678,0.4933333081308678,False,0.5089287341677505,1.004464556946251,0.49333330813086773,leaky
448_left,0.4,0.30666669186913226,0.30666669186913226,False,0.6964287341677505,1.004464556946251,0.3066666918691323,leaky
758_left,0.65,0.7295094657901703,0.7295094657901703,False,0.2890363951380505,1.0685638075372874,0.7295094657901703,leaky
758_left,0.65,0.5704905342098298,0.5704905342098298,False,0.45895827013805063,1.0685638075372874,0.5704905342098298,leaky
758_left,0.65,0.7295094657901703,0.7295094657901703,False,0.2890363951380505,1.0685638075372874,0.7295094657901703,leaky
758_left,0.65,0.5704905342098298,0.5704905342098298,False,0.45895827013805063,1.0685638075372874,0.5704905342098298,leaky
759_left,0.4,0.47744789033618545,0.47744789033618545,False,0.5370041789239565,1.027656704456594,0.4774478903361854,leaky
759_left,0.4,0.3225521096638146,0.3225521096638146,False,0.6961838664239564,1.027656704456594,0.32255210966381465,leaky
759_left,0.4,0.47744789033618545,0.47744789033618545,False,0.5370041789239565,1.027656704456594,0.4774478903361854,leaky
759_left,0.4,0.3225521096638146,0.3225521096638146,False,0.6961838664239564,1.027656704456594,0.32255210966381465,leaky
825_left,0.5,0.5720793663079533,0.5720793663079533,False,0.5188900546638573,1.2125847968277144,0.5720793663079533,leaky
825_left,0.5,0.4279206336920467,0.4279206336920467,False,0.6936947421638571,1.2125847968277144,0.4279206336920467,leaky
825_left,0.5,0.5720793663079533,0.5720793663079533,False,0.5188900546638573,1.2125847968277144,0.5720793663079533,leaky
825_left,0.5,0.4279206336920467,0.4279206336920467,False,0.6936947421638571,1.2125847968277144,0.4279206336920467,leaky
3_left,0.55,0.6268827227166877,0.6268827227166877,False,0.4383877204202531,1.1749327814894515,0.6268827227166877,leaky
3_left,0.55,0.47311727728331243,0.47311727728331243,False,0.6190517829202532,1.1749327814894515,0.47311727728331243,leaky
3_left,0.55,0.6268827227166877,0.6268827227166877,False,0.4383877204202531,1.1749327814894515,0.6268827227166877,leaky
3_left,0.55,0.47311727728331243,0.47311727728331243,False,0.6190517829202532,1.1749327814894515,0.47311727728331243,leaky
100_left,0.55,0.6214484823944817,0.6214484823944817,False,0.4216864393452199,1.1139472957671555,0.6214484823944817,leaky
100_left,0.55,0.47855151760551845,0.47855151760551845,False,0.58086612684522,1.1139472957671555,0.4785515176055184,leaky
100_left,0.55,0.6214484823944817,0.6214484823944817,False,0.4216864393452199,1.1139472957671555,0.6214484823944817,leaky
100_left,0.55,0.47855151760551845,0.47855151760551845,False,0.58086612684522,1.1139472957671555,0.4785515176055184,leaky
273_left,0.4,0.4668319423502743,0.4668319423502743,False,0.74791340258655,1.40277233764425,0.46683194235027425,leaky
273_left,0.4,0.33316805764972574,0.33316805764972574,False,0.93541340258655,1.40277233764425,0.3331680576497258,leaky
273_left,0.4,0.4668319423502743,0.4668319423502743,False,0.74791340258655,1.40277233764425,0.46683194235027425,leaky
273_left,0.4,0.33316805764972574,0.33316805764972574,False,0.93541340258655,1.40277233764425,0.3331680576497258,leaky
837_left,0.7,0.7760226694328284,0.7760226694328284,False,0.23448690865997734,1.0469225080332576,0.7760226694328284,leaky
837_left,0.7,0.6239773305671715,0.6239773305671715,False,0.3936665961599774,1.0469225080332576,0.6239773305671715,leaky
837_left,0.7,0.7760226694328284,0.7760226694328284,False,0.23448690865997734,1.0469225080332576,0.7760226694328284,leaky
837_left,0.7,0.6239773305671715,0.6239773305671715,False,0.3936665961599774,1.0469225080332576,0.6239773305671715,leaky
908_left,0.4,0.47579690632300575,0.47579690632300575,False,0.6044650264896623,1.1531122837327705,0.47579690632300575,leaky
908_left,0.4,0.3242030936769943,0.3242030936769943,False,0.7792697139896623,1.1531122837327705,0.3242030936769943,leaky
908_left,0.4,0.47579690632300575,0.47579690632300575,False,0.6044650264896623,1.1531122837327705,0.47579690632300575,leaky
908_left,0.4,0.3242030936769943,0.3242030936769943,False,0.7792697139896623,1.1531122837327705,0.3242030936769943,leaky
937_left,0.4,0.47499324145246447,0.47499324145246447,False,0.60846110051459,1.1589586050243168,0.47499324145246447,leaky
937_left,0.4,0.3250067585475356,0.3250067585475356,False,0.78228922551459,1.1589586050243168,0.3250067585475356,leaky
937_left,0.4,0.47499324145246447,0.47499324145246447,False,0.60846110051459,1.1589586050243168,0.47499324145246447,leaky
937_left,0.4,0.3250067585475356,0.3250067585475356,False,0.78228922551459,1.1589586050243168,0.3250067585475356,leaky
973_left,0.4,0.48516303443876735,0.48516303443876735,False,0.5401815317023291,1.0492283340872153,0.4851630344387674,leaky
973_left,0.4,0.3148369655612327,0.3148369655612327,False,0.7188924692023292,1.0492283340872153,0.31483696556123264,leaky
973_left,0.4,0.48516303443876735,0.48516303443876735,False,0.5401815317023291,1.0492283340872153,0.4851630344387674,leaky
973_left,0.4,0.3148369655612327,0.3148369655612327,False,0.7188924692023292,1.0492283340872153,0.31483696556123264,leaky
980_left,0.7,0.783242985028753,0.783242985028753,False,0.23267335584994306,1.0734294153331434,0.783242985028753,leaky
980_left,0.7,0.6167570149712469,0.6167570149712469,False,0.4113842933499431,1.0734294153331434,0.6167570149712469,leaky
980_left,0.7,0.783242985028753,0.783242985028753,False,0.23267335584994306,1.0734294153331434,0.783242985028753,leaky
980_left,0.7,0.6167570149712469,0.6167570149712469,False,0.4113842933499431,1.0734294153331434,0.6167570149712469,leaky
984_left,0.4,0.48777905072369077,0.48777905072369077,False,0.655336474536559,1.2794019367275984,0.48777905072369077,leaky
984_left,0.4,0.3122209492763093,0.3122209492763093,False,0.8799458495365591,1.2794019367275984,0.3122209492763093,leaky
984_left,0.4,0.48777905072369077,0.48777905072369077,False,0.655336474536559,1.2794019367275984,0.48777905072369077,leaky
984_left,0.4,0.3122209492763093,0.3122209492763093,False,0.8799458495365591,1.2794019367275984,0.3122209492763093,leaky
69_right,0.4,0.4460167402242544,0.4460167402242544,False,1.0345786371431207,1.8675268952385347,0.4460167402242544,leaky
69_right,0.4,0.35398325977574563,0.35398325977574563,False,1.2064536371431207,1.8675268952385347,0.35398325977574563,leaky
69_right,0.4,0.4460167402242544,0.4460167402242544,False,1.0345786371431207,1.8675268952385347,0.4460167402242544,leaky
69_right,0.4,0.35398325977574563,0.35398325977574563,False,1.2064536371431207,1.8675268952385347,0.35398325977574563,leaky
109_right,0.4,0.4891103954297254,0.4891103954297254,False,0.5150940885096696,1.0082297308494494,0.48911039542972534,leaky
109_right,0.4,0.31088960457027465,0.31088960457027465,False,0.6947815885096695,1.0082297308494494,0.3108896045702747,leaky
109_right,0.4,0.4891103954297254,0.4891103954297254,False,0.5150940885096696,1.0082297308494494,0.48911039542972534,leaky
109_right,0.4,0.31088960457027465,0.31088960457027465,False,0.6947815885096695,1.0082297308494494,0.3108896045702747,leaky
138_right,0.4,0.4791026999747152,0.4791026999747152,False,0.6655814234642956,1.2777594036904927,0.4791026999747152,leaky
138_right,0.4,0.3208973000252848,0.3208973000252848,False,0.8677298609642956,1.2777594036904927,0.3208973000252848,leaky
138_right,0.4,0.4791026999747152,0.4791026999747152,False,0.6655814234642956,1.2777594036904927,0.4791026999747152,leaky
138_right,0.4,0.3208973000252848,0.3208973000252848,False,0.8677298609642956,1.2777594036904927,0.3208973000252848,leaky
363_right,0.4,0.49077526640930036,0.49077526640930036,False,0.5368686896734832,1.0542863577891388,0.49077526640930036,leaky
363_right,0.4,0.3092247335906997,0.3092247335906997,False,0.7282749396734832,1.0542863577891388,0.3092247335906997,leaky
363_right,0.4,0.49077526640930036,0.49077526640930036,False,0.5368686896734832,1.0542863577891388,0.49077526640930036,leaky
363_right,0.4,0.3092247335906997,0.3092247335906997,False,0.7282749396734832,1.0542863577891388,0.3092247335906997,leaky
527_right,0.4,0.4585710214488305,0.4585710214488305,False,0.8711361880922796,1.6089574489037997,0.45857102144883055,leaky
527_right,0.4,0.34142897855116955,0.34142897855116955,False,1.0596127505922799,1.6089574489037997,0.3414289785511695,leaky
527_right,0.4,0.4585710214488305,0.4585710214488305,False,0.8711361880922796,1.6089574489037997,0.45857102144883055,leaky
527_right,0.4,0.34142897855116955,0.34142897855116955,False,1.0596127505922799,1.6089574489037997,0.3414289785511695,leaky
789_right,0.4,0.4822333620659653,0.4822333620659653,False,0.5779814681962552,1.1162972386604255,0.48223336206596534,leaky
789_right,0.4,0.31776663793403476,0.31776663793403476,False,0.7615752181962554,1.1162972386604255,0.3177666379340347,leaky
789_right,0.4,0.4822333620659653,0.4822333620659653,False,0.5779814681962552,1.1162972386604255,0.48223336206596534,leaky
789_right,0.4,0.31776663793403476,0.31776663793403476,False,0.7615752181962554,1.1162972386604255,0.3177666379340347,leaky
844_right,0.4,0.47238666335290747,0.47238666335290747,False,0.7367117550880135,1.3963099563966892,0.47238666335290747,leaky
844_right,0.4,0.3276133366470926,0.3276133366470926,False,0.9388601925880135,1.3963099563966892,0.3276133366470926,leaky
844_right,0.4,0.47238666335290747,0.47238666335290747,False,0.7367117550880135,1.3963099563966892,0.47238666335290747,leaky
844_right,0.4,0.3276133366470926,0.3276133366470926,False,0.9388601925880135,1.3963099563966892,0.3276133366470926,leaky
997_right,0.4,0.45557076999424445,0.45557076999424445,False,0.7797451313627434,1.432224958521239,0.4555707699942444,leaky
997_right,0.4,0.3444292300057556,0.3444292300057556,False,0.9389248188627433,1.432224958521239,0.34442923000575565,leaky
997_right,0.4,0.45557076999424445,0.45557076999424445,False,0.7797451313627434,1.432224958521239,0.4555707699942444,leaky
997_right,0.4,0.3444292300057556,0.3444292300057556,False,0.9389248188627433,1.432224958521239,0.34442923000575565,leaky
14_left,0.55,0.6190356584233502,0.6190356584233502,False,0.43920624663951463,1.1528802008655883,0.6190356584233502,leaky
14_left,0.55,0.4809643415766499,0.4809643415766499,False,0.5983859341395148,1.1528802008655883,0.4809643415766499,leaky
14_left,0.55,0.6190356584233502,0.6190356584233502,False,0.43920624663951463,1.1528802008655883,0.6190356584233502,leaky
14_left,0.55,0.4809643415766499,0.4809643415766499,False,0.5983859341395148,1.1528802008655883,0.4809643415766499,leaky
102_left,0.4,0.46789208325299797,0.46789208325299797,False,0.8419248221666966,1.582244495277828,0.467892083252998,leaky
102_left,0.4,0.3321079167470021,0.3321079167470021,False,1.0567685721666968,1.582244495277828,0.332107916747002,leaky
102_left,0.4,0.46789208325299797,0.46789208325299797,False,0.8419248221666966,1.582244495277828,0.467892083252998,leaky
102_left,0.4,0.3321079167470021,0.3321079167470021,False,1.0567685721666968,1.582244495277828,0.332107916747002,leaky
211_left,0.4,0.4822590344972113,0.4822590344972113,False,0.5316735708458001,1.0269103784930005,0.4822590344972113,leaky
211_left,0.4,0.31774096550278874,0.31774096550278874,False,0.7006188833458002,1.0269103784930005,0.31774096550278874,leaky
211_left,0.4,0.4822590344972113,0.4822590344972113,False,0.5316735708458001,1.0269103784930005,0.4822590344972113,leaky
211_left,0.4,0.31774096550278874,0.31774096550278874,False,0.7006188833458002,1.0269103784930005,0.31774096550278874,leaky
271_left,0.5,0.5650577185850516,0.5650577185850516,False,0.5320965593471985,1.2233728061943967,0.5650577185850516,leaky
271_left,0.5,0.43494228141494834,0.43494228141494834,False,0.6912762468471982,1.2233728061943967,0.4349422814149484,leaky
271_left,0.5,0.5650577185850516,0.5650577185850516,False,0.5320965593471985,1.2233728061943967,0.5650577185850516,leaky
271_left,0.5,0.43494228141494834,0.43494228141494834,False,0.6912762468471982,1.2233728061943967,0.4349422814149484,leaky
306_left,0.5,0.5890470460285872,0.5890470460285872,False,0.41237632772820015,1.0034635929564004,0.5890470460285872,leaky
306_left,0.5,0.41095295397141285,0.41095295397141285,False,0.5910872652282002,1.0034635929564004,0.41095295397141285,leaky
306_left,0.5,0.5890470460285872,0.5890470460285872,False,0.41237632772820015,1.0034635929564004,0.5890470460285872,leaky
306_left,0.5,0.41095295397141285,0.41095295397141285,False,0.5910872652282002,1.0034635929564004,0.41095295397141285,leaky
328_left,0.5,0.5728733123820162,0.5728733123820162,False,0.5180084210249043,1.2127746545498086,0.5728733123820162,leaky
328_left,0.5,0.4271266876179838,0.4271266876179838,False,0.6947662335249044,1.2127746545498086,0.4271266876179838,leaky
328_left,0.5,0.5728733123820162,0.5728733123820162,False,0.5180084210249043,1.2127746545498086,0.5728733123820162,leaky
328_left,0.5,0.4271266876179838,0.4271266876179838,False,0.6947662335249044,1.2127746545498086,0.4271266876179838,leaky
661_left,0.4,0.47017554446147464,0.47017554446147464,False,0.6009022937383841,1.13415356248064,0.4701755444614746,leaky
661_left,0.4,0.3298244555385254,0.3298244555385254,False,0.760081981238384,1.13415356248064,0.32982445553852546,leaky
661_left,0.4,0.47017554446147464,0.47017554446147464,False,0.6009022937383841,1.13415356248064,0.4701755444614746,leaky
661_left,0.4,0.3298244555385254,0.3298244555385254,False,0.760081981238384,1.13415356248064,0.32982445553852546,leaky
686_left,0.4,0.47616140682592567,0.47616140682592567,False,0.5474194020107334,1.0450154096012223,0.47616140682592567,leaky
686_left,0.4,0.3238385931740744,0.3238385931740744,False,0.7065990895107334,1.0450154096012223,0.3238385931740744,leaky
686_left,0.4,0.47616140682592567,0.47616140682592567,False,0.5474194020107334,1.0450154096012223,0.47616140682592567,leaky
686_left,0.4,0.3238385931740744,0.3238385931740744,False,0.7065990895107334,1.0450154096012223,0.3238385931740744,leaky
698_left,0.4,0.46393127079330365,0.46393127079330365,False,0.7820068400577054,1.4587809313461757,0.46393127079330365,leaky
698_left,0.4,0.3360687292066964,0.3360687292066964,False,0.9685302775577055,1.4587809313461757,0.3360687292066964,leaky
698_left,0.4,0.46393127079330365,0.46393127079330365,False,0.7820068400577054,1.4587809313461757,0.46393127079330365,leaky
698_left,0.4,0.3360687292066964,0.3360687292066964,False,0.9685302775577055,1.4587809313461757,0.3360687292066964,leaky
758_left,0.5,0.5795094657901703,0.5795094657901703,False,0.4493209662686437,1.0685638075372874,0.5795094657901703,leaky
758_left,0.5,0.42049053420982974,0.42049053420982974,False,0.6192428412686438,1.0685638075372874,0.42049053420982974,leaky
758_left,0.5,0.5795094657901703,0.5795094657901703,False,0.4493209662686437,1.0685638075372874,0.5795094657901703,leaky
758_left,0.5,0.42049053420982974,0.42049053420982974,False,0.6192428412686438,1.0685638075372874,0.42049053420982974,leaky
790_left,0.5,0.5668826673742268,0.5668826673742268,False,0.5154061909077774,1.1899920693155548,0.5668826673742267,leaky
790_left,0.5,0.4331173326257733,0.4331173326257733,False,0.6745858784077773,1.1899920693155548,0.43311733262577334,leaky
790_left,0.5,0.5668826673742268,0.5668826673742268,False,0.5154061909077774,1.1899920693155548,0.5668826673742267,leaky
790_left,0.5,0.4331173326257733,0.4331173326257733,False,0.6745858784077773,1.1899920693155548,0.43311733262577334,leaky
825_left,0.5,0.5659541306583253,0.5659541306583253,False,0.5751971240739859,1.3251989356479719,0.5659541306583253,leaky
825_left,0.5,0.43404586934167466,0.43404586934167466,False,0.750001811573986,1.3251989356479719,0.43404586934167466,leaky
825_left,0.5,0.5659541306583253,0.5659541306583253,False,0.5751971240739859,1.3251989356479719,0.5659541306583253,leaky
825_left,0.5,0.43404586934167466,0.43404586934167466,False,0.750001811573986,1.3251989356479719,0.43404586934167466,leaky
890_left,0.5,0.5604519277103749,0.5604519277103749,False,0.5787005265034915,1.316580740506983,0.560451927710375,leaky
890_left,0.5,0.4395480722896251,0.4395480722896251,False,0.7378802140034915,1.316580740506983,0.4395480722896251,leaky
890_left,0.5,0.5604519277103749,0.5604519277103749,False,0.5787005265034915,1.316580740506983,0.560451927710375,leaky
890_left,0.5,0.4395480722896251,0.4395480722896251,False,0.7378802140034915,1.316580740506983,0.4395480722896251,leaky
102_left,0.4,0.49212220195989237,0.49212220195989237,False,0.5922262405331182,1.166080192555197,0.4921222019598923,leaky
102_left,0.4,0.3078777980401077,0.3078777980401077,False,0.8070699905331181,1.166080192555197,0.30787779804010773,leaky
102_left,0.4,0.49212220195989237,0.49212220195989237,False,0.5922262405331182,1.166080192555197,0.4921222019598923,leaky
102_left,0.4,0.3078777980401077,0.3078777980401077,False,0.8070699905331181,1.166080192555197,0.30787779804010773,leaky
368_left,0.4,0.46423426958276354,0.46423426958276354,False,0.7208608756518292,1.3454777615030487,0.4642342695827635,leaky
368_left,0.4,0.3357657304172365,0.3357657304172365,False,0.8937124381518291,1.3454777615030487,0.33576573041723656,leaky
368_left,0.4,0.46423426958276354,0.46423426958276354,False,0.7208608756518292,1.3454777615030487,0.4642342695827635,leaky
368_left,0.4,0.3357657304172365,0.3357657304172365,False,0.8937124381518291,1.3454777615030487,0.33576573041723656,leaky
466_left,0.5,0.5870445214832626,0.5870445214832626,False,0.44013452683316623,1.0658159286663325,0.5870445214832626,leaky
466_left,0.5,0.4129554785167375,0.4129554785167375,False,0.6256814018331662,1.0658159286663325,0.41295547851673753,leaky
466_left,0.5,0.5870445214832626,0.5870445214832626,False,0.44013452683316623,1.0658159286663325,0.5870445214832626,leaky
466_left,0.5,0.4129554785167375,0.4129554785167375,False,0.6256814018331662,1.0658159286663325,0.41295547851673753,leaky
569_left,0.55,0.640636694909384,0.640636694909384,False,0.38913094924556474,1.082834401101255,0.640636694909384,leaky
569_left,0.55,0.459363305090616,0.459363305090616,False,0.5854200117455647,1.082834401101255,0.45936330509061607,leaky
569_left,0.55,0.640636694909384,0.640636694909384,False,0.38913094924556474,1.082834401101255,0.640636694909384,leaky
569_left,0.55,0.459363305090616,0.459363305090616,False,0.5854200117455647,1.082834401101255,0.45936330509061607,leaky
616_left,0.5,0.5806209213404601,0.5806209213404601,False,0.45719508934479247,1.090171428689585,0.5806209213404601,leaky
616_left,0.5,0.41937907865953994,0.41937907865953994,False,0.6329763393447925,1.090171428689585,0.41937907865953994,leaky
616_left,0.5,0.5806209213404601,0.5806209213404601,False,0.45719508934479247,1.090171428689585,0.5806209213404601,leaky
616_left,0.5,0.41937907865953994,0.41937907865953994,False,0.6329763393447925,1.090171428689585,0.41937907865953994,leaky
645_left,0.4,0.47242936705296834,0.47242936705296834,False,0.5797270630935613,1.0988615114059355,0.47242936705296834,leaky
645_left,0.4,0.3275706329470317,0.3275706329470317,False,0.7389067505935613,1.0988615114059355,0.3275706329470317,leaky
645_left,0.4,0.47242936705296834,0.47242936705296834,False,0.5797270630935613,1.0988615114059355,0.47242936705296834,leaky
645_left,0.4,0.3275706329470317,0.3275706329470317,False,0.7389067505935613,1.0988615114059355,0.3275706329470317,leaky
661_left,0.4,0.47042311642183593,0.47042311642183593,False,0.5985100285128679,1.1301664537714469,0.470423116421836,leaky
661_left,0.4,0.3295768835781641,0.3295768835781641,False,0.7576897160128682,1.1301664537714469,0.32957688357816406,leaky
661_left,0.4,0.47042311642183593,0.47042311642183593,False,0.5985100285128679,1.1301664537714469,0.470423116421836,leaky
661_left,0.4,0.3295768835781641,0.3295768835781641,False,0.7576897160128682,1.1301664537714469,0.32957688357816406,leaky
751_left,0.4,0.4860666564964659,0.4860666564964659,False,0.5160777998218324,1.0041726351197209,0.48606665649646597,leaky
751_left,0.4,0.31393334350353413,0.31393334350353413,False,0.6889293623218326,1.0041726351197209,0.3139333435035341,leaky
751_left,0.4,0.4860666564964659,0.4860666564964659,False,0.5160777998218324,1.0041726351197209,0.48606665649646597,leaky
751_left,0.4,0.31393334350353413,0.31393334350353413,False,0.6889293623218326,1.0041726351197209,0.3139333435035341,leaky
837_left,0.6,0.6760226694328284,0.6760226694328284,False,0.33917915946330307,1.0469225080332576,0.6760226694328284,leaky
837_left,0.6,0.5239773305671716,0.5239773305671716,False,0.49835884696330307,1.0469225080332576,0.5239773305671716,leaky
837_left,0.6,0.6760226694328284,0.6760226694328284,False,0.33917915946330307,1.0469225080332576,0.6760226694328284,leaky
837_left,0.6,0.5239773305671716,0.5239773305671716,False,0.49835884696330307,1.0469225080332576,0.5239773305671716,leaky
844_left,0.4,0.48799853499273504,0.48799853499273504,False,0.5880796547208107,1.148589789118018,0.48799853499273504,leaky
844_left,0.4,0.312001465007265,0.312001465007265,False,0.7902280922208108,1.148589789118018,0.312001465007265,leaky
844_left,0.4,0.48799853499273504,0.48799853499273504,False,0.5880796547208107,1.148589789118018,0.48799853499273504,leaky
844_left,0.4,0.312001465007265,0.312001465007265,False,0.7902280922208108,1.148589789118018,0.312001465007265,leaky
928_left,0.4,0.47832292944080335,0.47832292944080335,False,0.6471961870118691,1.2406069262697819,0.47832292944080335,leaky
928_left,0.4,0.3216770705591967,0.3216770705591967,False,0.8415321245118691,1.2406069262697819,0.3216770705591967,leaky
928_left,0.4,0.47832292944080335,0.47832292944080335,False,0.6471961870118691,1.2406069262697819,0.47832292944080335,leaky
928_left,0.4,0.3216770705591967,0.3216770705591967,False,0.8415321245118691,1.2406069262697819,0.3216770705591967,leaky
980_left,0.65,0.7332429850287531,0.7332429850287531,False,0.28634482661660016,1.0734294153331434,0.7332429850287531,leaky
980_left,0.65,0.566757014971247,0.566757014971247,False,0.46505576411660016,1.0734294153331434,0.566757014971247,leaky
980_left,0.65,0.7332429850287531,0.7332429850287531,False,0.28634482661660016,1.0734294153331434,0.7332429850287531,leaky
980_left,0.65,0.566757014971247,0.566757014971247,False,0.46505576411660016,1.0734294153331434,0.566757014971247,leaky
