scale,bed,error_type,protocol,n,flips,flip_ci,n_resid,pw,pw_ci,med_abs_dffr,mean_dffr,beyond,beyond_ci,to_pos,to_neg
1,discrete,T5_vox_narrow,A_fixed,97,27,28 (20--37),97,25,26 (18--35),0.140956648460088,-0.1498578505964383,16,16 (10--25),27,0
1,discrete,T5_vox_narrow,B_rederived,97,27,28 (20--37),97,25,26 (18--35),0.140956648460088,-0.1498578505964383,16,16 (10--25),27,0
1,discrete,T5_vox_narrow,C_flowmatched,96,29,30 (22--40),96,47,49 (39--59),0.201073411697703,-0.2072985398043099,22,23 (16--32),29,0
1,discrete,T5_vox_narrow,D_perterritory,97,29,30 (22--40),97,81,84 (75--90),0.2674718365826237,-0.2875478942249425,24,25 (17--34),29,0
1,discrete,T5_vox_wide,A_fixed,97,31,32 (24--42),97,31,32 (24--42),0.0920457934061634,0.0941913044076352,12,12 (7--20),0,31
1,discrete,T5_vox_wide,B_rederived,97,31,32 (24--42),97,31,32 (24--42),0.0920457934061634,0.0941913044076352,12,12 (7--20),0,31
1,discrete,T5_vox_wide,C_flowmatched,97,44,45 (36--55),97,63,65 (55--74),0.1021222003876416,0.1120591489694049,20,21 (14--30),0,44
1,discrete,T5_vox_wide,D_perterritory,97,48,49 (40--59),97,75,77 (68--85),0.1075697500412214,0.1207671907028751,27,28 (20--37),0,48
1,discrete,T5_vox_pooled,A_fixed,194,58,30 (24--37),194,56,29 (23--36),0.1124782445504535,-0.0278332730944015,28,14 (10--20),27,31
1,discrete,T5_vox_pooled,B_rederived,194,58,30 (24--37),194,56,29 (23--36),0.1124782445504535,-0.0278332730944015,28,14 (10--20),27,31
1,discrete,T5_vox_pooled,C_flowmatched,193,73,38 (31--45),193,110,57 (50--64),0.1414258500996732,-0.0467923438921319,42,22 (17--28),29,44
1,discrete,T5_vox_pooled,D_perterritory,194,77,40 (33--47),194,156,80 (74--85),0.1623832866599664,-0.0833903517610337,51,26 (21--33),29,48
1,discrete,T1T2_topo,A_fixed,137,45,33 (26--41),137,17,12 (8--19),0.1039363883368602,0.1196968358014803,28,20 (15--28),0,44
1,discrete,T1T2_topo,B_rederived,173,24,14 (10--20),137,2,1 (0--5),0.0358434054633136,-0.0039242815369984,8,5 (2--9),15,8
1,discrete,T1T2_topo,C_flowmatched,104,20,19 (13--28),104,20,19 (13--28),0.066002036887875,0.0012789849714408,9,9 (5--16),10,9
1,discrete,T1T2_topo,D_perterritory,104,8,8 (4--14),104,21,20 (14--29),0.0049911231300232,-0.0030910310527291,2,2 (1--7),6,1
1,discrete,T3T4_cal,A_fixed,194,20,10 (7--15),194,6,3 (1--7),0.0117722667420652,-0.0149929121983273,0,0 (0--2),20,0
1,discrete,T3T4_cal,B_rederived,194,15,8 (5--12),194,0,0 (0--2),0.0087028769173028,-0.0080518272038407,0,0 (0--2),14,1
1,discrete,T3T4_cal,C_flowmatched,194,15,8 (5--12),194,9,5 (2--9),0.0123841129301522,-0.0139243690344733,1,1 (0--3),14,1
1,discrete,T3T4_cal,D_perterritory,194,21,11 (7--16),194,35,18 (13--24),0.0194232232112981,-0.0273921053496382,1,1 (0--3),21,0
1,leaky,T5_vox_narrow,A_fixed,150,38,25 (19--33),150,65,43 (36--51),0.1548693168987961,-0.1522757667522336,23,15 (10--22),38,0
1,leaky,T5_vox_narrow,B_rederived,150,38,25 (19--33),150,65,43 (36--51),0.1548693168987961,-0.1522757667522336,23,15 (10--22),38,0
1,leaky,T5_vox_narrow,C_flowmatched,149,38,26 (19--33),149,102,68 (61--75),0.203405633012896,-0.2127722647845538,31,21 (15--28),38,0
1,leaky,T5_vox_narrow,D_perterritory,150,41,27 (21--35),150,136,91 (85--94),0.2172794228618225,-0.2198694837069767,29,19 (14--26),41,0
1,leaky,T5_vox_wide,A_fixed,150,70,47 (39--55),150,62,41 (34--49),0.0859924516662569,0.0840561468394854,39,26 (20--34),0,70
1,leaky,T5_vox_wide,B_rederived,150,70,47 (39--55),150,62,41 (34--49),0.0859924516662569,0.0840561468394854,39,26 (20--34),0,70
1,leaky,T5_vox_wide,C_flowmatched,150,74,49 (41--57),150,103,69 (61--76),0.0934132578125574,0.0898408515775495,57,38 (31--46),0,74
1,leaky,T5_vox_wide,D_perterritory,150,73,49 (41--57),150,107,71 (64--78),0.0941713376326537,0.0948989866169241,58,39 (31--47),0,73
1,leaky,T5_vox_pooled,A_fixed,300,108,36 (31--42),300,127,42 (37--48),0.1052805054824189,-0.0341098099563741,62,21 (16--26),38,70
1,leaky,T5_vox_pooled,B_rederived,300,108,36 (31--42),300,127,42 (37--48),0.1052805054824189,-0.0341098099563741,62,21 (16--26),38,70
1,leaky,T5_vox_pooled,C_flowmatched,299,112,37 (32--43),299,205,69 (63--74),0.1279695034494036,-0.0609596646028966,88,29 (25--35),38,74
1,leaky,T5_vox_pooled,D_perterritory,300,114,38 (33--44),300,243,81 (76--85),0.1222038060404062,-0.0624852485450262,87,29 (24--34),41,73
1,leaky,T1T2_topo,A_fixed,265,84,32 (26--38),218,43,20 (15--26),0.0668975510035646,0.0904216667412104,61,23 (18--28),0,84
1,leaky,T1T2_topo,B_rederived,267,13,5 (3--8),218,10,5 (3--8),0.0047927972860244,0.0083420272696937,0,0 (0--1),0,13
1,leaky,T1T2_topo,C_flowmatched,171,14,8 (5--13),171,14,8 (5--13),0.0106672405872653,0.011786916450838,1,1 (0--3),0,14
1,leaky,T1T2_topo,D_perterritory,171,10,6 (3--10),171,9,5 (3--10),0.0050765597548457,0.0065834878223311,0,0 (0--2),0,10
1,leaky,T3T4_cal,A_fixed,300,17,6 (4--9),300,10,3 (2--6),0.0141311651637583,-0.0175362249995353,0,0 (0--1),17,0
1,leaky,T3T4_cal,B_rederived,300,4,1 (1--3),300,0,0 (0--1),0.0058160058698175,-0.0058526059343335,0,0 (0--1),4,0
1,leaky,T3T4_cal,C_flowmatched,300,12,4 (2--7),300,37,12 (9--17),0.0099570723823028,-0.0243637544606019,2,1 (0--2),11,1
1,leaky,T3T4_cal,D_perterritory,300,11,4 (2--6),300,12,4 (2--7),0.0112028226332792,-0.013590395332465,0,0 (0--1),10,1
2,discrete,T5_vox_narrow,A_fixed,47,7,15 (7--28),47,15,32 (20--46),0.119031740990355,-0.12158288463646726,2,4 (1--14),7,0
2,discrete,T5_vox_narrow,B_rederived,47,7,15 (7--28),47,15,32 (20--46),0.119031740990355,-0.12158288463646726,2,4 (1--14),7,0
2,discrete,T5_vox_narrow,C_flowmatched,47,7,15 (7--28),47,23,49 (35--63),0.1501565999949422,-0.15024015600578866,3,6 (2--17),7,0
2,discrete,T5_vox_narrow,D_perterritory,47,7,15 (7--28),47,37,79 (65--88),0.2050160478470437,-0.2301016736830366,3,6 (2--17),7,0
2,discrete,T5_vox_wide,A_fixed,47,18,38 (26--53),47,18,38 (26--53),0.0738700070626386,0.07842382621230981,9,19 (10--33),0,18
2,discrete,T5_vox_wide,B_rederived,47,18,38 (26--53),47,18,38 (26--53),0.0738700070626386,0.07842382621230981,9,19 (10--33),0,18
2,discrete,T5_vox_wide,C_flowmatched,47,22,47 (33--61),47,26,55 (41--69),0.0879230052950807,0.09127638489155117,9,19 (10--33),0,22
2,discrete,T5_vox_wide,D_perterritory,47,25,53 (39--67),47,32,68 (54--80),0.0908090766078839,0.09952635288308646,14,30 (19--44),0,25
2,discrete,T5_vox_pooled,A_fixed,94,25,27 (19--36),94,33,35 (26--45),0.09070429840766915,-0.02157952921207872,11,12 (7--20),7,18
2,discrete,T5_vox_pooled,B_rederived,94,25,27 (19--36),94,33,35 (26--45),0.09070429840766915,-0.02157952921207872,11,12 (7--20),7,18
2,discrete,T5_vox_pooled,C_flowmatched,94,29,31 (22--41),94,49,52 (42--62),0.1179694722784099,-0.029481885557118736,12,13 (7--21),7,22
2,discrete,T5_vox_pooled,D_perterritory,94,32,34 (25--44),94,69,73 (64--81),0.1227139246922464,-0.06528766039997505,17,18 (12--27),7,25
2,discrete,T1T2_topo,A_fixed,66,33,50 (38--62),66,3,5 (2--13),0.1064341719371629,0.12590711520446157,27,41 (30--53),0,32
2,discrete,T1T2_topo,B_rederived,78,11,14 (8--24),64,4,6 (2--15),0.029567326746023,-0.008271393179367455,1,1 (0--7),1,9
2,discrete,T1T2_topo,C_flowmatched,51,10,20 (11--32),51,7,14 (7--26),0.0613358968389457,-0.004096983495296094,5,10 (4--21),0,9
2,discrete,T1T2_topo,D_perterritory,51,4,8 (3--18),51,10,20 (11--32),0.00382822033182765,-0.005695766127566889,0,0 (0--7),0,3
2,discrete,T3T4_cal,A_fixed,94,1,1 (0--6),94,0,0 (0--4),0.009833658249184848,-0.012150432214378218,0,0 (0--4),0,1
2,discrete,T3T4_cal,B_rederived,94,1,1 (0--6),94,0,0 (0--4),0.00818205945960955,-0.006878473365263395,0,0 (0--4),0,1
2,discrete,T3T4_cal,C_flowmatched,94,2,2 (1--7),94,1,1 (0--6),0.0110653529888399,-0.008259392825616512,0,0 (0--4),1,1
2,discrete,T3T4_cal,D_perterritory,94,1,1 (0--6),94,13,14 (8--22),0.01719876168275615,-0.023369505186529853,0,0 (0--4),1,0
2,leaky,T5_vox_narrow,A_fixed,150,34,23 (17--30),150,70,47 (39--55),0.10685121364105166,-0.11460913864775626,21,14 (9--20),34,0
2,leaky,T5_vox_narrow,B_rederived,150,34,23 (17--30),150,70,47 (39--55),0.10685121364105166,-0.11460913864775626,21,14 (9--20),34,0
2,leaky,T5_vox_narrow,C_flowmatched,150,35,23 (17--31),150,112,75 (67--81),0.1384338483460394,-0.1577710796051578,24,16 (11--23),35,0
2,leaky,T5_vox_narrow,D_perterritory,150,35,23 (17--31),150,128,85 (79--90),0.14045666659366976,-0.1636185654279682,24,16 (11--23),35,0
2,leaky,T5_vox_wide,A_fixed,150,54,36 (29--44),150,63,42 (34--50),0.06632313668328105,0.06901678005966824,15,10 (6--16),0,54
2,leaky,T5_vox_wide,B_rederived,150,54,36 (29--44),150,63,42 (34--50),0.06632313668328105,0.06901678005966824,15,10 (6--16),0,54
2,leaky,T5_vox_wide,C_flowmatched,150,69,46 (38--54),150,95,63 (55--71),0.07646079572793675,0.07509477706907353,26,17 (12--24),0,69
2,leaky,T5_vox_wide,D_perterritory,150,71,47 (40--55),150,97,65 (57--72),0.0759557545842171,0.07938675782464663,29,19 (14--26),0,71
2,leaky,T5_vox_pooled,A_fixed,300,88,29 (24--35),300,133,44 (39--50),0.08318636015418385,-0.022796179294044025,36,12 (9--16),34,54
2,leaky,T5_vox_pooled,B_rederived,300,88,29 (24--35),300,133,44 (39--50),0.08318636015418385,-0.022796179294044025,36,12 (9--16),34,54
2,leaky,T5_vox_pooled,C_flowmatched,300,104,35 (30--40),300,207,69 (64--74),0.09861228147437884,-0.041338151268042155,50,17 (13--21),35,69
2,leaky,T5_vox_pooled,D_perterritory,300,106,35 (30--41),300,225,75 (70--80),0.09561165019000806,-0.04211590380166079,53,18 (14--22),35,71
2,leaky,T1T2_topo,A_fixed,260,89,34 (29--40),214,50,23 (18--29),0.07030401718134441,0.09194844825805927,58,22 (18--28),0,89
2,leaky,T1T2_topo,B_rederived,263,12,5 (3--8),214,5,2 (1--5),0.0063504417751886,0.00605382380681921,0,0 (0--1),1,11
2,leaky,T1T2_topo,C_flowmatched,169,11,7 (4--11),169,9,5 (3--10),0.0117865413767608,0.006548020854313528,0,0 (0--2),1,10
2,leaky,T1T2_topo,D_perterritory,169,5,3 (1--7),169,5,3 (1--7),0.0052988410685107,0.0026324194919842303,0,0 (0--2),1,4
2,leaky,T3T4_cal,A_fixed,300,16,5 (3--8),300,2,1 (0--2),0.0123444756094127,-0.016233383085539142,0,0 (0--1),16,0
2,leaky,T3T4_cal,B_rederived,300,6,2 (1--4),300,0,0 (0--1),0.005643047989321149,-0.005381748559018421,0,0 (0--1),5,1
2,leaky,T3T4_cal,C_flowmatched,299,14,5 (3--8),299,40,13 (10--18),0.0085479001244508,-0.02442893581254826,6,2 (1--4),13,1
2,leaky,T3T4_cal,D_perterritory,300,14,5 (3--8),300,14,5 (3--8),0.00951083100099175,-0.012626039142052617,0,0 (0--1),11,3
3,leaky,T5_vox_narrow,A_fixed,150,36,24 (18--31),150,76,51 (43--59),0.0908364376667009,-0.09344885126804539,19,13 (8--19),36,0
3,leaky,T5_vox_narrow,B_rederived,150,36,24 (18--31),150,76,51 (43--59),0.0908364376667009,-0.09344885126804539,19,13 (8--19),36,0
3,leaky,T5_vox_narrow,C_flowmatched,150,41,27 (21--35),150,103,69 (61--76),0.1164166235501304,-0.1286028894298422,26,17 (12--24),41,0
3,leaky,T5_vox_narrow,D_perterritory,150,41,27 (21--35),150,122,81 (74--87),0.12143388221651445,-0.1288549171813474,23,15 (10--22),41,0
3,leaky,T5_vox_wide,A_fixed,150,50,33 (26--41),150,69,46 (38--54),0.0590984898960393,0.059530875219105564,8,5 (3--10),0,50
3,leaky,T5_vox_wide,B_rederived,150,50,33 (26--41),150,69,46 (38--54),0.0590984898960393,0.059530875219105564,8,5 (3--10),0,50
3,leaky,T5_vox_wide,C_flowmatched,150,61,41 (33--49),150,100,67 (59--74),0.06427132986468939,0.061851053516397365,20,13 (9--20),0,61
3,leaky,T5_vox_wide,D_perterritory,150,58,39 (31--47),150,94,63 (55--70),0.06662184799978241,0.06895697459962685,18,12 (8--18),0,58
3,leaky,T5_vox_pooled,A_fixed,300,86,29 (24--34),300,145,48 (43--54),0.0730317817333693,-0.016958988024469913,27,9 (6--13),36,50
3,leaky,T5_vox_pooled,B_rederived,300,86,29 (24--34),300,145,48 (43--54),0.0730317817333693,-0.016958988024469913,27,9 (6--13),36,50
3,leaky,T5_vox_pooled,C_flowmatched,300,102,34 (29--40),300,203,68 (62--73),0.08919827660676435,-0.033375917956722415,46,15 (12--20),41,61
3,leaky,T5_vox_pooled,D_perterritory,300,99,33 (28--39),300,216,72 (67--77),0.08694982203184609,-0.029948971290860278,41,14 (10--18),41,58
3,leaky,T1T2_topo,A_fixed,262,87,33 (28--39),225,40,18 (13--23),0.0669104063526489,0.09125008285814046,56,21 (17--27),0,87
3,leaky,T1T2_topo,B_rederived,265,14,5 (3--9),225,10,4 (2--8),0.0084218920608797,0.007992132123935295,0,0 (0--1),2,12
3,leaky,T1T2_topo,C_flowmatched,190,12,6 (4--11),190,14,7 (4--12),0.0125796686510309,0.010872142028001667,0,0 (0--2),2,10
3,leaky,T1T2_topo,D_perterritory,190,12,6 (4--11),190,8,4 (2--8),0.0059194493876867,0.005501118072029351,0,0 (0--2),2,10
3,leaky,T3T4_cal,A_fixed,300,16,5 (3--8),300,0,0 (0--1),0.009611328915108151,-0.015235879747714766,0,0 (0--1),16,0
3,leaky,T3T4_cal,B_rederived,300,6,2 (1--4),300,1,0 (0--2),0.0049208525237201504,-0.004075929498030993,0,0 (0--1),5,1
3,leaky,T3T4_cal,C_flowmatched,300,21,7 (5--10),300,36,12 (9--16),0.0068158953363783,-0.02237038667268784,7,2 (1--5),20,1
3,leaky,T3T4_cal,D_perterritory,300,12,4 (2--7),300,8,3 (1--5),0.00797974118779795,-0.009360042753330836,0,0 (0--1),10,2
