tree_node,s_mm,r_asmeshed_mm,r_area_equiv_mm,r_max_inscribed_mm,section_area_mm2,covered
0,0.0,1.4355467055127917,1.7101651666057964,1.4355467055127917,9.188105754852817,1
1,0.38329003491815533,1.4027323997323935,1.5592896501122804,1.4027323997323935,7.638418781449369,1
2,0.6827893773825024,1.3275623971908657,1.455046636191304,1.3275623971908657,6.651256543974225,1
3,1.0207457985567503,1.3019704763010624,1.4043726485944041,1.3019704763010624,6.196045494425161,1
4,1.3735428799738958,1.2360922700789083,1.333313010422193,1.2360922700789083,5.584883350857163,1
5,1.7115186949615364,1.1780716720699105,1.2918666254041637,1.1780716720699105,5.2430648568342475,1
6,2.0334737363043196,1.1464717495627315,1.3245206573881616,1.1464717495627315,5.511468691346304,1
7,2.3521178287356728,1.1572413407120885,1.3666159856736544,1.1572413407120885,5.867361754577762,1
8,2.6719365496151832,1.1988527456676383,1.393840427350497,1.1988527456676383,6.103458363196603,1
9,2.998579927394996,1.1735448932649624,1.4171384943430503,1.1735448932649624,6.309202444907146,1
10,3.3346093404311667,1.2755506988593641,1.4603310446647755,1.2755506988593641,6.699656066542589,1
11,3.6802039494249033,1.2832494196087092,1.516783164747133,1.2832494196087092,7.227645978711307,1
12,4.0339431390433065,1.3830526226687903,1.5776513960920067,1.3830526226687903,7.819373621823136,1
13,4.3719855639915775,1.469646063433956,1.6116054273430236,1.469646063433956,8.159570802465858,1
14,4.693936162101107,1.475018841798228,1.6288840476592847,1.475018841798228,8.335472305082327,1
15,5.0124995569349915,1.4407344642900353,1.6494438576237131,1.4407344642900353,8.54722130082286,1
16,5.330864086415183,1.4297889760919613,1.6701000686156227,1.4297889760919613,8.762637794980128,1
17,5.649306326684071,1.4661759326117576,1.6958179461533585,1.4661759326117576,9.034587461211688,1
18,5.9691250475635815,1.5523023788543937,1.755110386444563,1.5523023788543937,9.6774011813977,1
19,6.29555633303319,1.6842703993851256,1.8772326350634798,1.6842703993851256,11.070979944721646,1
20,6.627888611662672,1.7710498413753508,1.9867012245049576,1.7710498413753508,12.399808886773089,1
21,6.953007375271518,1.7939473194941071,2.0255510964630195,1.7939473194941071,12.889506177679852,1
22,7.271652137015909,1.822450120829991,2.03831694321975,1.822450120829991,13.052487972735406,1
23,7.595552485674476,1.8223978255576512,2.0188479676435436,1.8223978255576512,12.804337198955704,1
24,7.935301539132562,1.8946468969671448,2.015672094535716,1.8946468969671448,12.76408358345515,1
25,8.292773820473695,1.9060058804932178,2.0199204486009603,1.9060058804932178,12.81794501450227,1
26,8.649746793843095,1.8785443298645712,2.026295007494369,1.8785443298645712,12.89897560714119,1
27,9.00735705488425,1.8226606345040317,2.0191391067679643,1.8226606345040317,12.808030505611553,1
28,9.372031055017711,1.8229439335813076,2.0460190311228765,1.8229439335813076,13.15131592645509,1
29,9.736130221139964,1.8672864535305902,2.121157314646617,1.8672864535305902,14.134994069524334,1
30,10.098536777212953,1.8788534794284029,2.2141573359980655,1.8788534794284029,15.401635077470928,1
31,10.437777217998036,1.9025381578110305,2.3024919887866115,1.9025381578110305,16.655057189664166,1
32,10.859623853205868,,,,,0
33,11.372256272224726,1.9121527223034496,2.5684189903626575,1.9121527223034496,20.724383364727117,1
34,11.74661152385942,1.8152329369847875,2.4496121908694115,1.8152329369847875,18.85144051790876,1
35,12.137369263574223,1.7191469769215721,2.359824899549391,1.7191469769215721,17.4948180947101,1
36,12.524097474759817,1.633548214629129,2.2947207736943955,1.633548214629129,16.542820872940744,1
37,12.926407880239616,1.577727513320988,2.1941907667093847,1.577727513320988,15.125113386936597,1
38,13.355548522952379,1.483013742594835,2.022685856717958,1.483013742594835,12.853066312255807,1
39,13.799991099884178,1.4057817423344332,1.5163488456641079,1.4057817423344332,7.223507410697444,1
40,14.244577196695555,1.3842323846913163,1.4890204395040887,1.3842323846913163,6.965482272142685,1
41,14.676358794136458,1.3618510470026828,1.502732189796064,1.3618510470026828,7.094357204304352,1
42,15.094289201550755,1.3382898681402458,1.488444113198067,1.3382898681402458,6.9600913269617415,1
43,15.511362482009183,1.3531400485372314,1.4523320193238454,1.3531400485372314,6.626461777990133,1
44,15.92839478583271,1.3643113195622338,1.4392734799777411,1.3643113195622338,6.507834786416773,1
45,16.345972680008238,1.3644683201906374,1.4363541879940012,1.3644683201906374,6.481461754463617,1
46,16.76758102279092,1.350971107684246,1.417768314058821,1.350971107684246,6.314811696387553,1
47,17.200653573473684,1.2863086846718577,1.400120824087089,1.2863086846718577,6.158584471078663,1
48,17.65519332607521,1.2557412741353213,1.4178610971786814,1.2557412741353213,6.315638244839115,1
49,18.11386915499781,1.2993412848182848,1.427061107045989,1.2993412848182848,6.397864130639839,1
50,18.548028539882097,1.354148705486304,1.4534146159000352,1.354148705486304,6.636344447348232,1
51,18.972976457450205,1.3716849007271052,1.4635773856768026,1.3716849007271052,6.729476076114486,1
52,19.427843948959335,1.3268268405608703,1.433692005802239,1.3268268405608703,6.457458146035801,1
53,19.91966299597078,1.309460741355933,1.382400216307498,1.309460741355933,6.0036789336275795,1
54,20.430129254536524,1.2318749845682455,1.3505186176666144,1.2318749845682455,5.7299525268625535,1
55,20.94637148337779,1.2392300437408035,1.3908756088026062,1.2392300437408035,6.077520815816035,1
56,21.464932896842296,1.2748182126032603,1.4269679600284542,1.2748182126032603,6.397028956153921,1
57,21.97898219597413,1.296753785480068,1.4096992690847014,1.296753785480068,6.243136375948159,1
58,22.503089880797557,1.289112298768571,1.3795239448227579,1.289112298768571,5.978721984275757,1
59,23.07212635532719,1.2534664024669486,1.3309504699747552,1.2534664024669486,5.565108815072135,1
60,23.67326484488124,1.131383399319605,1.203653276966802,1.131383399319605,4.55148040961694,1
61,24.25873523915299,0.8628621866999928,0.9462097152055341,0.8628621866999928,2.812708194153883,1
62,24.82666030421473,0.6658766248796465,0.7191473104537521,0.6658766248796465,1.6247464391798758,1
63,25.414618448934476,0.6724759975376108,0.7180533459806767,0.6724759975376108,1.619807081255214,1
64,26.02634895948011,0.6996982936924967,0.7456623145984849,0.6996982936924967,1.7467641174403579,1
65,26.61081906821108,0.6641362237086151,0.7214329396469459,0.6641362237086151,1.635090548545261,1
66,27.130321126030157,0.6171132256384317,0.6763738751672916,0.6171132256384317,1.4372208934304709,1
67,27.616484187406677,0.5682502645968033,0.6129441056325069,0.5682502645968033,1.1802978573298413,1
68,28.131016876409202,0.4725697050364366,0.5225494140340117,0.4725697050364366,0.8578366615657881,1
69,28.688574149214762,0.3879087296141624,0.4387092385707084,0.3879087296141624,0.6046491308038164,1
70,29.260196159938097,0.33707944964025155,0.3756977167709674,0.33707944964025155,0.443431952677145,1
71,29.838192618211753,0.299963648720036,0.32650432671937285,0.299963648720036,0.33490972160669136,1
72,30.444009458453746,0.2688304819541751,0.29261650832236186,0.2688304819541751,0.268997051801689,1
73,31.084993799995747,0.260594236823714,0.27563786839865256,0.260594236823714,0.23868638013801605,1
74,31.73568314570899,0.26123555164418266,0.28213461374135507,0.26123555164418266,0.2500705875815085,1
75,32.364982617770224,0.27590127206934983,0.3037295133648155,0.27590127206934983,0.28981700315635817,1
76,32.94976638618493,0.3123281527684813,0.34599638323293397,0.3123281527684813,0.3760910433713306,1
77,33.47755106012322,0.3664258068890359,0.39773627291554847,0.3664258068890359,0.49698155683864337,1
78,33.97653001657861,0.4389732242579839,0.4578717530576744,0.4389732242579839,0.6586240369771582,1
79,34.50431469051689,0.4877941167147252,0.5393839832345255,0.4877941167147252,0.9139995143033612,1
80,35.089164848874866,0.5362299511948904,0.6522407129118715,0.5362299511948904,1.3364898988219043,1
81,35.71923521528717,0.603354191208331,0.744343351484102,0.603354191208331,1.740590063164677,1
82,36.37543785910741,0.7188196947501947,0.8273807407420374,0.7188196947501947,2.150605180247468,1
83,37.036271253179265,0.8133681889923569,0.9008102025553051,0.8133681889923569,2.5492736991498806,1
84,37.67380500737342,0.8920198053581201,0.9797016271358864,0.8920198053581201,3.0153486268362726,1
85,38.267140076461104,1.009866139531786,1.0830913751556785,1.009866139531786,3.685361271686308,1
86,38.83603541050213,1.0789021260299954,1.1579910778960436,1.0789021260299954,4.2126977347872465,1
87,39.424072507699826,1.1002578578873876,1.180037382853139,1.1002578578873876,4.374630777653162,1
88,40.03583625620085,1.0861553863929154,1.1822580324652228,1.0861553863929154,4.39111103989241,1
89,40.62066289792618,1.1247532618504215,1.2063089447213455,1.1247532618504215,4.571586787833888,1
90,41.14218527559972,1.1340161562626643,1.2041163075183074,1.1340161562626643,4.554982879778857,1
91,41.636490298731594,1.0643200008019276,1.1236046663036638,1.0643200008019276,3.9662212860407777,1
92,42.173222440932165,1.0077901848500486,1.1022964419823382,1.0077901848500486,3.817215546064925,1
93,42.754723353806575,1.0317608262541393,1.1393879883163058,1.0317608262541393,4.07843125290146,1
94,43.31304721390254,1.103731169303148,1.1823040670369107,1.103731169303148,4.391453007290234,1
95,43.81270240211789,1.107297037270507,1.1943878154827943,1.107297037270507,4.481677496344147,1
96,44.27737024576656,1.1000453056698951,1.1958577493481657,1.1000453056698951,4.492715491250374,1
97,44.73762975024347,1.0617142374696398,1.1740027910137643,1.0617142374696398,4.330002344043734,1
98,45.20265248770851,1.0366448125075922,1.1283667804388655,1.0366448125075922,3.999912181372915,1
99,45.68825122889282,1.0366426038091847,1.1137356651642942,1.0366426038091847,3.8968539329084724,1
100,46.2269375236778,1.055096439122216,1.116005238563247,1.055096439122216,3.9127521530433476,1
101,46.80094719244314,1.0592815997646747,1.1048854377982447,1.0592815997646747,3.83516781490648,1
102,47.3463184569033,0.997646767241325,1.047221872706977,0.997646767241325,3.445301884348932,1
103,47.855738085537844,0.9528054193705172,0.994522376054035,0.9528054193705172,3.1072699887840627,1
104,48.364872918530416,0.8880146143092227,0.9540545058722519,0.8880146143092227,2.859540465700741,1
105,48.863764265503356,0.8422568055245685,0.9420210175414847,0.8422568055245685,2.787860622643405,1
106,49.33911966773212,0.8568684724828551,0.9455100386017711,0.8568684724828551,2.808550007085037,1
107,49.81756926982955,0.8990409448169869,0.9509409442546592,0.8990409448169869,2.8409066721157714,1
108,50.30251908888101,0.873800549862269,0.9552515320352891,0.873800549862269,2.8667205420345963,1
109,50.791389132895496,0.8825649085558464,0.9645855329533294,0.8825649085558464,2.923017131317232,1
110,51.29921720415529,0.8840766714009834,0.9732473328876571,0.8840766714009834,2.9757491428526444,1
111,51.809647013389814,0.8822875010756629,0.9771387586974467,0.8822875010756629,2.9995931486635943,1
112,52.31019433371603,0.9221121741750707,0.994637850795582,0.9221121741750707,3.1079916055891346,1
113,52.818970241395256,0.9097956422681394,0.9902940402896113,0.9097956422681394,3.080904265935619,1
114,53.31394167308522,0.9215828322292743,0.9879190066013303,0.9215828322292743,3.0661440500802746,1
115,53.7446876744455,0.9398194775129489,1.0035161446907126,0.9398194775129489,3.163724082617554,1
116,54.343830927937645,0.8658888900632513,0.9944037218585204,0.8658888900632513,3.1065285904287836,1
117,11.532457698446107,,,,,0
118,12.125207807387802,1.7939583703373432,2.7542191533293297,1.7939583703373432,23.831252103135018,1
119,55.23936926328056,0.8991852067177757,0.9827504282544589,0.8991852067177757,3.034145171591293,1
120,55.68779464743702,0.9247474561824212,1.0024990621904393,0.9247474561824212,3.1573143446522582,1
121,56.09392913585775,0.9494734534223893,1.0200839173670235,0.9494734534223893,3.2690508326531558,1
122,56.49285639263006,0.9877989871019597,1.044822826973414,0.9877989871019597,3.4295345107013127,1
123,56.91012203844412,1.0194852471854852,1.0780794106778833,1.0194852471854852,3.6513324473261597,1
124,57.33753946589409,1.0630958877099204,1.1244664807762554,1.0630958877099204,3.9723078712649955,1
125,57.77394610566828,1.0951624323068114,1.167104967236196,1.0951624323068114,4.279270181890963,1
126,58.230876707571866,1.1013894177212673,1.182126801161654,1.1013894177212673,4.3901362624276725,1
127,58.68734021469403,1.0853037968441572,1.1994580906646175,1.0853037968441572,4.519808443618716,1
128,59.119537995592985,1.0534651184823922,1.1911001338347689,1.0534651184823922,4.457038849249068,1
129,59.535189853211165,1.038485039478199,1.1680930885842158,1.038485039478199,4.28651927829345,1
130,59.947915927681215,1.0230556605042196,1.1215876072882627,1.0230556605042196,3.9519940015192314,1
131,60.370402495462606,1.0116279838585613,1.0780830405856152,1.0116279838585613,3.6513570355375005,1
132,60.80693580937052,1.0031801197054524,1.0461243867295782,1.0031801197054524,3.438084332317747,1
133,61.26400034399347,0.9867030531548278,1.0386866750467258,0.9867030531548278,3.389370094200241,1
134,61.72773102877189,0.9530238979085124,1.025678493527646,0.9530238979085124,3.3050069059988667,1
135,62.191644909643564,0.9738359058700445,1.0212620114663042,0.9738359058700445,3.276606041265058,1
136,62.691247665537105,0.9961241484190014,1.065987126236309,0.9961241484190014,3.56988143511645,1
137,63.2448621264726,1.0728278039443309,1.1416346726009547,1.0728278039443309,4.09453109141622,1
138,63.832478653747884,1.140200449872058,1.2298791369406468,1.140200449872058,4.751981503359591,1
139,64.42643754716283,1.18976520433956,1.3208039391489381,1.18976520433956,5.4805807842992085,1
140,65.0106725575533,1.1968459220255236,1.3850986059861208,1.1968459220255236,6.027139688639653,1
141,65.56494428405018,1.1556878034495472,1.383095121725089,1.1556878034495472,6.009716313477016,1
142,66.07231963540094,1.068166962275134,1.3126448543203135,1.068166962275134,5.4130788529097815,1
143,66.56352434204308,1.015972017183771,1.2295508611971575,1.015972017183771,4.74944507189377,1
144,67.0964357379028,1.014305456531959,1.1296089036435726,1.014305456531959,4.0087233560005355,1
145,67.69512364793715,0.9836565472560086,1.0753477139731187,0.9836565472560086,3.632851997815512,1
146,68.32922444060708,0.9941866285740979,1.0681223229720107,0.9941866285740979,3.584196867113272,1
147,68.95626300769699,1.023290319566069,1.0754122930641543,1.023290319566069,3.633288346582292,1
148,69.56710165169389,1.0515671596791663,1.1144152442822106,1.0515671596791663,3.901610947677257,1
149,70.176734208074,1.0590681009867478,1.130017631362887,1.0590681009867478,4.011624843011285,1
150,70.79739904757297,1.059193846920129,1.1271262883044684,1.059193846920129,3.9911222520229117,1
151,71.42290312869338,1.0478665354812513,1.116702146169067,1.0478665354812513,3.917640442177703,1
152,72.03974720408571,1.082167117166726,1.1359422114451838,1.082167117166726,4.0538002862968705,1
153,72.63833174213312,1.0793378780576204,1.1386421570717753,1.0793378780576204,4.073093605118092,1
154,73.19817370542698,1.068489403284466,1.12719761225614,1.068489403284466,3.991627380188624,1
155,73.70291398403862,1.0439317994859705,1.1108853944148278,1.0439317994859705,3.8769338091234893,1
156,74.18310834119447,1.028258345598526,1.0847560568951482,1.028258345598526,3.6966985759634596,1
157,74.70017098070277,1.068458249096821,1.1059650591703325,1.068458249096821,3.8426664241254227,1
158,75.27354294426414,1.0379051620465747,1.0996716580567862,1.0379051620465747,3.7990581129331624,1
159,75.87754313530714,1.0139449331654256,1.072478130974151,1.0139449331654256,3.6134892170885404,1
160,76.4881546136188,0.9816767339188431,1.0163710234677261,0.9816767339188431,3.245296807238899,1
161,77.09441897710663,0.8861427151021422,0.9692413923350516,0.8861427151021422,2.9513028573456483,1
162,77.69248501445982,0.939151824717636,1.0072495764488127,0.939151824717636,3.1873081964865997,1
163,78.28607121084927,1.023790214590514,1.0996550964220202,1.023790214590514,3.7989436821598193,1
164,78.87886577061441,1.0470925762711425,1.1249627814222032,1.0470925762711425,3.975815123927574,1
165,79.47161588446608,1.0226434273320648,1.0976083336466045,1.0226434273320648,3.7848150697866236,1
166,80.06439860573414,0.9614907191581347,1.0452352475895512,0.9614907191581347,3.4322425102837553,1
167,80.65756389802809,0.9275288918201126,1.0067846683236956,0.9275288918201126,3.1843665948421,1
168,81.25125678767185,0.9029358162641835,0.9922043582732225,0.9029358162641835,3.092802112994847,1
169,81.8406275164084,0.9164535017109043,0.9935077624318319,0.9164535017109043,3.100933137346488,1
170,82.41805841166418,0.9766647684999682,1.0300816191470323,0.9766647684999682,3.3334438801938937,1
171,82.97681266813639,1.064799054057861,1.1137663965312543,1.064799054057861,3.897068988067715,1
172,83.5237381586165,1.0977351086389167,1.1580502244981978,1.0977351086389167,4.213128088915192,1
173,84.07797948216862,1.0691965101384449,1.1461580198954888,1.0691965101384449,4.127041802943677,1
174,84.64152179792623,1.0156426007161623,1.0887492627595738,1.0156426007161623,3.7239652571616504,1
175,85.19129529723175,0.9489087833536156,1.0132214821234697,0.9489087833536156,3.2252148500462097,1
176,85.71595686621941,0.9296224001119294,0.9807005539642334,0.9296224001119294,3.0215008024929224,1
177,86.23082169914676,0.9634322352647998,1.0028038155294594,0.9634322352647998,3.1592342433869742,1
178,86.75069024698301,0.9781886105293016,1.0406727969168232,0.9781886105293016,3.402344436193113,1
179,87.28159228833506,0.9788999964727729,1.0580075959174826,0.9788999964727729,3.5166362139715823,1
180,87.82470830192435,0.9824206197855646,1.0840503390737264,0.9824206197855646,3.6918901631830754,1
181,88.36472499147067,1.034000185134245,1.1153260423919946,1.034000185134245,3.907991032737002,1
182,88.88581021074353,1.051380867303293,1.109149046825452,1.051380867303293,3.8648237502855634,1
183,89.39923856780672,1.0116266885511227,1.0780816601878758,1.0116266885511227,3.651347685011463,1
184,89.91714268525863,0.9501772219938306,1.0441162747257593,0.9501772219938306,3.4248976939338083,1
185,90.43909075220135,0.938826826479516,1.0375743971671934,0.938826826479516,3.3821149652740083,1
186,90.9617972698698,0.9894611445870163,1.0506255076466422,0.9894611445870163,3.467733819239367,1
187,91.48291940232436,0.9838547345562404,1.0484853331946196,0.9838547345562404,3.453620329245724,1
188,91.99991078513625,0.9823031796301492,1.0530100469147161,0.9823031796301492,3.4834926812895133,1
189,92.51567473560293,0.9878553837509801,1.0613202359861174,0.9878553837509801,3.53869198603291,1
190,93.03248533246929,0.9850647361604211,1.04368665974338,0.9850647361604211,3.422079837939269,1
191,93.55233008473648,0.931297850761253,0.9910275563691168,0.931297850761253,3.0854700407132882,1
192,94.06968494516788,0.8622201088316188,0.9274912071126132,0.8622201088316188,2.7025234735389705,1
193,94.58192268058319,0.8409568770360953,0.8892902539821026,0.8409568770360953,2.4844881989336858,1
194,95.09530553329235,0.8574555434332473,0.8924962847702657,0.8574555434332473,2.5024344291612826,1
195,95.61837713154776,0.8757095944995573,0.9332360090585182,0.8757095944995573,2.7361055575276727,1
196,96.15026553161606,0.8788745472291559,0.9498988151777444,0.8788745472291559,2.83468342719049,1
197,96.68174694688037,0.8691717938874811,0.9394119556682998,0.8691717938874811,2.7724392510479277,1
198,97.21552451589558,0.8909793328077803,0.9421877135460143,0.8909793328077803,2.7888473656909984,1
199,97.75765733514373,0.9017662034695089,0.9504060499842547,0.9017662034695089,2.8377116107701683,1
200,98.30063733327327,0.8682194537315222,0.9201095581151316,0.8682194537315222,2.6596773637310114,1
201,98.8340292196806,0.7736904152160906,0.8568668274441869,0.7736904152160906,2.3066225456482683,1
202,99.36327533619745,0.7142961292790756,0.804098725621846,0.7142961292790756,2.0312745177300195,1
203,99.89723111158452,0.7541307279996836,0.8208559492278255,0.7541307279996836,2.116819233800557,1
204,100.43857891749553,0.8448701614365992,0.889381436515197,0.8448701614365992,2.4849977143377693,1
205,100.98373495745925,0.8833853491045937,0.9343815794610535,0.8833853491045937,2.7428269555285727,1
206,101.5234789839497,0.8293013649530946,0.8837791671997021,0.8293013649530946,2.453790002379051,1
207,102.05152828692147,0.7764584180489169,0.8262573440197004,0.7764584180489169,2.144769069950598,1
208,102.5759628075259,0.7507946966167642,0.8066298141381558,0.7507946966167642,2.044082465854901,1
209,103.09941805107476,0.6962617733130289,0.7682888533109283,0.6962617733130289,1.8543808651328009,1
210,103.60959813833443,0.6340984384966444,0.7161582364197396,0.6340984384966444,1.611268269863587,1
211,104.11046645361145,0.5764854838845002,0.6510894876813178,0.5764854838845002,1.3317761696045876,1
212,104.61565632740366,0.5487819467422899,0.619800786908939,0.5487819467422899,1.2068522912013226,1
213,105.13230848479778,0.5733379154539362,0.6473574952128672,0.5733379154539362,1.3165526576397546,1
214,105.659642096171,0.6654375074299373,0.7354294755435618,0.6654375074299373,1.6991508494523802,1
215,106.19229574740355,0.7673444409158485,0.8276973744710276,0.7673444409158485,2.1522515430471696,1
216,106.72012570594069,0.8476383486247859,0.8942118842635104,0.8476383486247859,2.512064276559741,1
217,107.24468190597847,0.8824622333103102,0.9243479174746025,0.8824622333103102,2.684236681377521,1
218,107.7775678654969,0.8684686821550035,0.9084073008309267,0.8684686821550035,2.592454271830127,1
219,108.30839192300044,0.8128490183752465,0.8698580297818078,0.8128490183752465,2.377095480908188,1
220,108.82100864126309,0.7423345265116272,0.8384013475896026,0.7423345265116272,2.2082783166659192,1
221,109.32252945268262,0.7226702002640415,0.8358595087391324,0.7226702002640415,2.194908636756007,1
222,109.82302343943114,0.761957463307454,0.861507059511699,0.761957463307454,2.3316725172649972,1
223,110.32709333305559,0.8204098804465098,0.9107684422591324,0.8204098804465098,2.6059484528111003,1
224,110.83138595418666,0.893145080281221,0.9574342854541957,0.893145080281221,2.8798364447716187,1
225,111.33138690042405,0.9520090104416451,0.9861087812248497,0.9520090104416451,3.054917772322324,1
226,111.83574082215357,0.954057509463238,0.999341432114573,0.954057509463238,3.137456112073662,1
227,112.34092715587572,0.9497026818620772,0.9912837904872104,0.9497026818620772,3.087065768090274,1
228,112.84806700881379,0.9132300227322696,0.9657172454810707,0.9132300227322696,2.929880090752387,1
229,113.36393742784823,0.8473804199846144,0.9048119904895681,0.8473804199846144,2.571973958926897,1
230,113.88438756266947,0.7576354726668236,0.8099761689641274,0.7576354726668236,2.061077656604727,1
231,114.40019009637511,0.679527506804948,0.728440370202133,0.679527506804948,1.6670087734373416,1
232,114.90634482502347,0.6392888479182023,0.6821163521100853,0.6392888479182023,1.4617287681329432,1
233,115.40742536861056,0.6887972770291941,0.7250859832359602,0.6887972770291941,1.651691342007812,1
234,115.91008428220022,0.7637035468725084,0.8091521040295722,0.7637035468725084,2.0568859337200953,1
235,116.42090241839178,0.8158787727325367,0.880049013284534,0.8158787727325367,2.4331203628903224,1
236,116.94904761300496,0.8539907737898483,0.9230041156080837,0.8539907737898483,2.6764377558086787,1
237,117.47832036529331,0.8725236307569363,0.9411490848614145,0.8725236307569363,2.7827021351892394,1
238,117.98934256230868,0.8943357292373817,0.9646767416493106,0.8943357292373817,2.923569943227606,1
239,118.49095124586789,0.9025098110072065,0.9833640783836772,0.9025098110072065,3.037935523300192,1
240,118.99200977402509,0.922678901052731,0.996493982987354,0.922678901052731,3.119602315953979,1
241,119.4973599408709,0.9695090780203237,1.025477074688502,0.9695090780203237,3.3037089840951306,1
242,120.0081628098163,1.004906152428766,1.060120776188588,1.004906152428766,3.5306979421235605,1
243,120.52007767713982,1.0233310219130978,1.0905548652595438,1.0233310219130978,3.736327289107695,1
244,121.03732340133492,0.9981393790029134,1.0657887024555572,0.9981393790029134,3.568552557070231,1
245,121.56511098027357,0.9160686482312305,1.0188502649578428,0.9160686482312305,3.2611486713463163,1
246,122.06494508765148,0.9137117744567888,1.0219397336627543,0.9137117744567888,3.2809562774173204,1
247,122.73976083840743,0.9238016102092336,1.049399003068137,0.9238016102092336,3.459642051471031,1
248,12.531202428358474,1.7111914668695147,3.0654281183505683,1.7111914668695147,29.521073509317922,1
249,12.8490422706684,1.63851691829837,2.9762103907205635,1.63851691829837,27.827688282099352,1
250,13.179719359357321,,,,,0
251,13.502530841466807,,,,,0
252,13.826321887523672,,,,,0
253,14.165327994766301,,,,,0
254,14.522847882842955,1.0397214191949986,1.203259886538839,1.0397214191949986,4.54850577188007,1
255,14.879820848059415,0.9260625314335655,1.081710044734657,0.9260625314335655,3.6759669481463892,1
256,15.237431045295343,0.8897380483176859,1.0007817401129888,0.8897380483176859,3.146506391464333,1
257,15.600228490061824,0.8157073120404431,0.9222793156559655,0.8157073120404431,2.6722359970802287,1
258,15.957839820489971,0.7419567311182161,0.8608875824551374,0.7419567311182161,2.328320488285203,1
259,16.31486813799462,0.7578148344456952,0.8556509169178319,0.7578148344456952,2.3000809066910133,1
260,16.67309997443483,0.7724478063602578,0.8811330387132411,0.7724478063602578,2.439118185175508,1
261,17.014259630495317,0.8214615059865091,0.9033775188996914,0.8214615059865091,2.56382530695938,1
262,17.33775651436321,0.8736557582518312,0.9423702560918629,0.8736557582518312,2.789928111293032,1
263,17.656445036703523,0.910561998626791,0.9898707050585451,0.910561998626791,3.0782707520662544,1
264,17.976525407348436,0.9569518621053463,1.032217738900149,0.9569518621053463,3.3472835961021215,1
265,18.306662048694687,0.9747079704541772,1.0705176935537892,0.9747079704541772,3.600290729110515,1
266,18.651033013227813,0.957527072286779,1.0793770868343717,0.957527072286779,3.660127900992549,1
267,19.00540970916302,0.9587838695851691,1.078152266811243,0.9587838695851691,3.651825974889922,1
268,19.348003777035448,0.9533706788851884,1.0767480608585658,0.9533706788851884,3.6423197546973376,1
269,19.68395537462429,0.9655271636430232,1.071868698499139,0.9655271636430232,3.609383675123641,1
270,20.04622817818079,0.9870253347998618,1.0865797115359146,0.9870253347998618,3.7091385494692632,1
271,20.462199410742777,0.9635962838603602,1.056129289624553,0.9635962838603602,3.5041609601746107,1
272,20.884401849000024,0.9166930854240917,0.9831623574863214,0.9166930854240917,3.0366892865524955,1
273,21.269484776627205,0.8685568970536747,0.9224707247934643,0.8685568970536747,2.673345299773829,1
274,21.642274073132906,0.8242938007000565,0.8752482071157432,0.8242938007000565,2.4066466588379973,1
275,22.03141288180892,0.8065963778348034,0.859582662220094,0.8065963778348034,2.3212673726469086,1
276,22.435237583050572,0.7906521900392175,0.8340946180633504,0.7906521900392175,2.1856494632420693,1
277,22.820066067964905,0.7677138860273035,0.8081602475185362,0.7677138860273035,2.0518463736690586,1
278,23.167713963168527,0.7264175065944254,0.7681678176093624,0.7264175065944254,1.8537966353643822,1
279,23.502708462223612,0.6770033418232317,0.717465201925854,0.6770033418232317,1.6171546606544556,1
280,23.85313619920333,0.6448428916859712,0.684704391007364,0.6448428916859712,1.4728417916434764,1
281,24.217211132941994,0.6203053716989627,0.6758774394667763,0.6203053716989627,1.4351119239708616,1
282,24.575574834354956,0.6257923670068855,0.679265267327887,0.6257923670068855,1.4495349451119925,1
283,24.938600817332375,0.6655013395811015,0.755145457302048,0.6655013395811015,1.7914764398949972,1
284,25.32767526537872,0.7082048805205531,0.8103422676201069,0.7082048805205531,2.0629412380630474,1
285,25.73745502646165,0.7346478701781044,0.8816454750062978,0.7346478701781044,2.441956022535447,1
286,26.145751405252643,0.7928523666728149,0.9343463464570483,0.7928523666728149,2.7426201102455434,1
287,26.54432047342017,0.8242297247876059,0.9431002279077085,0.8242297247876059,2.794252011908968,1
288,26.9334824449527,0.8314280047682657,0.9390245700912176,0.8314280047682657,2.770153179363923,1
289,27.315687523544064,0.8064808811783802,0.8913080565170475,0.8064808811783802,2.495775613935836,1
290,27.698709701560908,0.7719121192942862,0.8326243084522638,0.7719121192942862,2.1779506987267223,1
291,28.094613001687957,0.7462006468909155,0.7892774537675064,0.7462006468909155,1.9570831006675817,1
292,28.51785633981184,0.6985045865357051,0.7497084856567645,0.6985045865357051,1.765772405640039,1
293,28.972840402862516,0.6866816118888213,0.7577176407049062,0.6866816118888213,1.8037015121293023,1
294,29.434792332102976,0.7522359340437014,0.8081782335436977,0.7522359340437014,2.051937704494306,1
295,29.881422323463568,0.8060575413760609,0.8431260338126424,0.8060575413760609,2.233237294056864,1
296,30.315947873114865,0.7911657054830902,0.8730104336365132,0.7911657054830902,2.3943560986294736,1
297,30.753477975950567,0.7688165825953969,0.8483493325190586,0.7688165825953969,2.260993519912174,1
298,31.211655407175474,0.751319517852268,0.8104120642001992,0.751319517852268,2.0632966247929008,1
299,31.676415278672426,0.775829566986266,0.8115079534037059,0.775829566986266,2.068880631804286,1
300,32.143603145280714,0.7934997695868126,0.8311628892975285,0.7934997695868126,2.1703119460968687,1
301,32.636274816037854,0.7937894040570536,0.8394118652434782,0.7937894040570536,2.213604760942597,1
302,33.12569599555909,0.7968216395445679,0.8594930044525676,0.7968216395445679,2.320783163726065,1
303,33.57769263638714,0.8389746091040983,0.9049613761122857,0.8389746091040983,2.5728233014483903,1
304,34.01456260662162,0.8571207975023253,0.9118714816661666,0.8571207975023253,2.612264447846713,1
305,34.47045322879903,0.8171550316998774,0.8695640751004627,0.8171550316998774,2.3754891491768824,1
306,34.94533559948892,0.7573711394800814,0.7995581646519417,0.7573711394800814,2.0083990049007037,1
307,35.40761539067469,0.7217989343556357,0.7724221654252561,0.7217989343556357,1.8743872796201715,1
308,35.843007937209656,0.7399969770350111,0.7911191306738563,0.7399969770350111,1.9662269570753577,1
309,36.26119986936995,0.7218797773556569,0.7965569957027938,0.7218797773556569,1.9933501124017914,1
310,36.683833429707526,0.7098739855891685,0.8017400307830609,0.7098739855891685,2.019375158800066,1
311,37.14768638722733,0.7057446383926214,0.7970762974787252,0.7057446383926214,1.995950020966538,1
312,37.678086954043955,0.6934244540982597,0.7772299531458939,0.6934244540982597,1.8977933965845213,1
313,38.228958154269236,0.6405550583516838,0.724442118617954,0.6405550583516838,1.648759294031613,1
314,38.74060142306962,0.5417944550354655,0.6025830325395423,0.5417944550354655,1.140732119438148,1
315,39.22625617159888,0.5316863223367955,0.6003285612017795,0.5316863223367955,1.1322123409843092,1
316,39.74373596146739,0.6037597089802785,0.6973250111126215,0.6037597089802785,1.5276376645193235,1
317,40.30677079486355,0.67055448608179,0.7232947265601332,0.67055448608179,1.6435407261200496,1
318,40.86692861869828,0.6278426198148587,0.6506309745387947,0.6278426198148587,1.3299010913688003,1
319,41.38003189477398,0.6087426527751403,0.6533665507197115,0.6087426527751403,1.3411077322081362,1
320,41.86984032311175,0.6076834971036407,0.6789344477744083,0.6076834971036407,1.4481233677693222,1
321,42.39236734678641,0.6264588166740596,0.6626231453629238,0.6264588166740596,1.3793773044081252,1
322,42.93432471159729,0.5806093802612254,0.6555677271150228,0.5806093802612254,1.350159273993175,1
323,43.4385219003473,0.6156919450537225,0.7088793619227345,0.6156919450537225,1.5786815665217393,1
324,43.91451483446972,0.7033589188697368,0.812359219440762,0.7033589188697368,2.0732233903327932,1
325,44.42064216568724,0.74801368450042,0.8457415286822149,0.74801368450042,2.247114413922824,1
326,44.9744193789551,0.716176034998106,0.8194630228881905,0.716176034998106,2.109641186241129,1
327,45.529096215917455,0.7060658466184365,0.7913991519073261,0.7060658466184365,1.9676191184272707,1
328,46.046426788836506,0.6904589774053879,0.7447647396732273,0.6904589774053879,1.7425613891874645,1
329,46.55285792063211,0.6576457557796961,0.7074303297184119,0.6576457557796961,1.5722341439201766,1
330,47.09247696101093,0.6828728584480586,0.7486413153819754,0.6828728584480586,1.7607490166775568,1
331,47.675003948789225,0.6794877823720312,0.7725106368396338,0.6794877823720312,1.8748166800128943,1
332,48.28313353328219,0.6124969053915224,0.7050003595980437,0.6124969053915224,1.5614516815427806,1
333,48.9033064160526,0.5771693018638555,0.6347245343854249,0.5771693018638555,1.2656698771780404,1
334,49.53062467779494,0.5664859271115615,0.5933739340209376,0.5664859271115615,1.1061316058910826,1
335,50.13915651065957,0.5539004887126942,0.6228609871709967,0.5539004887126942,1.218799120538859,1
336,50.68671797566419,0.5432625614538215,0.6216119488445424,0.5432625614538215,1.213915846532029,1
337,51.177470511391206,0.5676056134010641,0.6548192650002125,0.5676056134010641,1.3470780783975969,1
338,51.66714825002223,0.5889220652431866,0.6624224403569275,0.5889220652431866,1.378541818946409,1
339,52.201854948358815,0.5694015648028963,0.634129564430346,0.5694015648028963,1.2632981944281738,1
340,52.774836948852105,0.5075641985919799,0.5842200007487443,0.5075641985919799,1.0722664425125337,1
341,53.337546853195605,0.5666019103693168,0.6589480238211781,0.5666019103693168,1.3641187941210333,1
342,53.84321419690109,0.6501834583181159,0.7662164664471951,0.6501834583181159,1.8443903219388038,1
343,54.307996503990964,0.6869121139084723,0.7591628215056935,0.6869121139084723,1.8105884063673605,1
344,54.77278563284511,0.6722400030972908,0.7400441740398364,0.6722400030972908,1.7205415329578677,1
345,55.23762439837995,0.622012049830019,0.712920727517072,0.622012049830019,1.5967332017768576,1
346,55.70307150977987,0.6217759251732381,0.7195754702791364,0.6217759251732381,1.626681670604699,1
347,56.213325787289676,0.641355501934701,0.7243544492438977,0.641355501934701,1.6483602643635051,1
348,56.79343037955986,0.6837588791917987,0.7442576240205577,0.6837588791917987,1.7401891520042054,1
349,57.40994796574264,0.6982121820010396,0.7371039397693616,0.6982121820010396,1.706897088674786,1
350,58.02902296278554,0.6671991524577157,0.7070750542437086,0.6671991524577157,1.5706553708642015,1
351,58.644571888960265,0.5934151832091733,0.640088287506524,0.5934151832091733,1.2871514005269324,1
352,59.25367621922329,0.5607835762869863,0.5983518226945053,0.5607835762869863,1.1247684073347153,1
353,59.831710510400185,0.5852339439459495,0.6362070211491533,0.5852339439459495,1.2715890750743848,1
354,60.341662098117126,0.6370444364776863,0.7359784627145991,0.6370444364776863,1.7016885779884012,1
355,60.81453915810244,0.7168597449280865,0.8496115495443988,0.7168597449280865,2.2677265659994217,1
356,61.32812246724308,0.7645502215214776,0.9290736869121754,0.7645502215214776,2.7117533987435998,1
357,61.90093909162543,0.776658949684311,0.9204846811073316,0.776658949684311,2.661846473923349,1
358,62.503873168129445,0.819409571698394,0.9113461756887571,0.819409571698394,2.6092555964880275,1
359,63.10685523193336,0.7987551379415804,0.8426427828834255,0.7987551379415804,2.2306779976527213,1
360,63.67990026454148,0.7301939030144137,0.7600339756308291,0.7301939030144137,1.8147461614801061,1
361,64.19513954098119,0.7249033694293717,0.7640035136700943,0.7249033694293717,1.833751932427331,1
362,64.6699880546316,0.7528551426078901,0.8134915321940378,0.7528551426078901,2.0790069730014644,1
363,65.16649803088755,0.7571922594520307,0.8069331279907226,0.7571922594520307,2.0456200115409735,1
364,65.70458467504288,0.7323781401310704,0.7913652728688955,0.7323781401310704,1.9674506582596756,1
365,66.25437929794711,0.7498717567756468,0.827228625597971,0.7498717567756468,2.1498144692043657,1
366,66.80668760068619,0.8143703364715894,0.876019149488712,0.8143703364715894,2.4108882054257896,1
367,67.3770876426271,0.8908847582820953,0.9439019624353974,0.8908847582820953,2.799004848297307,1
368,67.9674833451635,0.9510590887993143,1.025861489041957,0.9510590887993143,3.3061863309257533,1
369,68.56216492848363,0.9732066217352433,1.0313714013559008,0.9732066217352433,3.3417968266327844,1
370,69.14451999064796,0.8467815597633305,0.8973904044942181,0.8467815597633305,2.529954528692566,1
371,69.70036128893864,0.6718177284715058,0.7320046977250229,0.6718177284715058,1.6833623482938755,1
372,70.23390700422303,0.5697169085961604,0.6207568448879582,0.5697169085961604,1.2105783615302466,1
373,70.77123355566589,0.5192559146318173,0.5585642113066049,0.5192559146318173,0.980157989728367,1
374,71.33343628033387,0.5040928088897183,0.5448299343900712,0.5040928088897183,0.9325492870054792,1
375,71.8915078659697,0.5444889748567536,0.5849815436471628,0.5444889748567536,1.0750637076042016,1
376,72.396061010937,0.5451251050402557,0.6240936678003436,0.5451251050402557,1.2236280527070849,1
377,72.86762477382788,0.5354658144196427,0.6329132280901245,0.5354658144196427,1.2584565283032694,1
378,73.37590622860579,0.5388123313876726,0.6125765143330293,0.5388123313876726,1.178882599002082,1
379,73.94553595924681,0.5334103908025475,0.5599166425630108,0.5334103908025475,0.9849101778699296,1
380,74.53669323061503,0.4825878015895139,0.5275720379010844,0.4825878015895139,0.8744065681151839,1
381,75.12779572101374,0.4654222189829271,0.5771993865903938,0.4654222189829271,1.0466502811915883,1
382,75.71659262209035,0.4509470790805061,0.630545487868135,0.4509470790805061,1.249058321868455,1
383,76.2955920207057,0.5082138844004511,0.6137042247610717,0.5082138844004511,1.1832270747384892,1
399,12.89555986517841,,,,,0
400,13.468196222795227,1.5373958822455005,1.884397275085691,1.5373958822455005,11.155648141886719,1
401,14.071773317162931,1.3134916059209882,1.369719728020518,1.3134916059209882,5.89404292722888,1
402,14.637413711174824,1.1509760044129247,1.2130578344719871,1.1509760044129247,4.6228828372745685,1
403,15.135848769505122,1.107415907277054,1.1682629351494196,1.107415907277054,4.287765931517079,1
404,15.575099066673857,1.087196007461269,1.142573059705983,1.087196007461269,4.101265004418109,1
405,15.995117141717222,1.0719972658886647,1.1357926079562464,1.0719972658886647,4.05273258633003,1
406,16.434028032758544,1.0567690756896446,1.1585480094746896,1.0567690756896446,4.216750872395983,1
407,16.916778163196735,1.064054096869884,1.2034025712701737,1.064054096869884,4.5495845759044204,1
408,17.421059201834826,1.092161884031075,1.2500246195335485,1.092161884031075,4.908931884502565,1
409,17.877306250617305,1.1082213857993384,1.2687618731982886,1.1082213857993384,5.057199794140744,1
410,18.271298997522536,1.1036397846808637,1.222609523050616,1.1036397846808637,4.695971161231791,1
411,18.64571756858945,1.0611826891126148,1.1415154937940304,1.0611826891126148,4.09367625427584,1
412,19.011743586635287,1.0020318057543034,1.0481126455283565,1.0020318057543034,3.451165563491666,1
413,19.372534493185956,0.9580832176949317,0.992400558976687,0.9580832176949317,3.094025389109617,1
414,19.745830289782337,0.9326738332915758,0.9627600859784007,0.9326738332915758,2.911964168834975,1
415,20.135730399443172,0.9099266994042846,0.9599226718990255,0.9099266994042846,2.8948253762175713,1
416,20.534163438492634,0.8989764308967996,0.9547784866998357,0.8989764308967996,2.863882016339491,1
417,20.929791361542403,0.8439911613404458,0.922663472827733,0.8439911613404458,2.6744625946018887,1
418,21.321105865018005,0.8273730633837654,0.9120108825962758,0.8273730633837654,2.6130632006000005,1
419,21.705904928056654,0.8275997999750558,0.9168130859081677,0.8275997999750558,2.640653875284067,1
420,22.097274222491105,0.8074529310916749,0.9089673684018656,0.8074529310916749,2.595651950132508,1
421,22.500994204398825,0.8062648791330768,0.9076299524104818,0.8062648791330768,2.588019305303636,1
422,22.905199355586266,0.7979938043734072,0.8956449402470412,0.7979938043734072,2.5201223518610765,1
423,23.306098543908973,0.807187964741327,0.8640123237385824,0.807187964741327,2.3452532515471707,1
424,23.733196655523656,0.7502680601233173,0.8125304090402815,0.7502680601233173,2.0740972689549686,1
425,24.224146648047164,0.7255578603373243,0.8037712683845971,0.7255578603373243,2.0296204419725714,1
426,24.755767283807046,0.7349180585436825,0.8226306405260941,0.7349180585436825,2.125982258501504,1
427,25.28070852905526,0.6809916902149833,0.8129977065186104,0.6809916902149833,2.07648363903747,1
428,25.78187561383109,0.7037966810804923,0.810088849230167,0.7037966810804923,2.0616511523243863,1
429,26.256277062044575,0.758340689989031,0.8243911283428114,0.758340689989031,2.1350915004189464,1
430,26.71810735648221,0.788687147275334,0.8458747288092072,0.788687147275334,2.247822288576111,1
431,27.191746885763585,0.7900114731130371,0.848763064784215,0.7900114731130371,2.263199389685116,1
432,27.687730435186026,0.8454099875608905,0.9094085394626732,0.8454099875608905,2.598172182343443,1
433,28.19274718824577,0.8778234226754357,0.9554929299671312,0.8778234226754357,2.8681696008964996,1
434,28.684571225179763,0.8671344857743383,0.9804254397587071,0.8671344857743383,3.019805807636908,1
435,29.142700354365317,0.8783344707556148,0.9985797227920132,0.8783344707556148,3.1326751258854,1
436,29.55978176745202,0.8961076910566499,1.01346191206331,0.8961076910566499,3.2267456707580053,1
437,29.944668514911513,0.9492268356738469,1.0290366371998019,0.9492268356738469,3.3266839852032217,1
438,30.303295617405468,0.9710914271355432,1.0222525636185744,0.9710914271355432,3.2829652774949283,1
439,30.653040400339588,0.9493070771423349,1.0199051680118907,0.9493070771423349,3.2679052611540698,1
440,31.006919904882764,0.9467463948658038,1.0089393021210633,0.9467463948658038,3.1980109935284053,1
441,31.365918143788395,0.9464185782519128,0.996279846407526,0.9464185782519128,3.1182617174029463,1
442,31.73991222196947,0.9316303208942565,1.004904615796052,0.9316303208942565,3.172484835312773,1
443,32.13087264145724,0.9908376569715683,1.057216265085275,0.9908376569715683,3.511377684686489,1
444,32.519159061643045,1.0412687068033262,1.1080515016580603,1.0412687068033262,3.857178754472517,1
445,32.90143346700024,1.0465105214717847,1.1166187892620545,1.0465105214717847,3.9170555947267633,1
446,33.280922120259646,1.0382460590353473,1.1002979931951582,1.0382460590353473,3.803386970928905,1
447,33.65631607674446,0.9692712704149267,1.0536934742341064,0.9692712704149267,3.4880158796025476,1
448,34.0452746630219,0.911490008646185,1.005782078506135,0.911490008646185,3.1780275553867954,1
449,34.46668913785334,0.9316039029895712,0.9971868860605441,0.9316039029895712,3.123942198757136,1
450,34.915358290524345,0.982890231697792,1.0572962032768014,0.982890231697792,3.5119087090436243,1
451,35.367746913752896,0.9978189333042413,1.0908302413896804,0.9978189333042413,3.738214448178401,1
452,35.805212440304516,1.0221346489808698,1.0970622592835124,1.0221346489808698,3.7810500175584334,1
453,36.2332932214226,1.0327045579330796,1.0944252980964848,1.0327045579330796,3.7628951694638677,1
454,36.674741428527014,1.0445116414317217,1.089479608146722,1.0445116414317217,3.7289630893907773,1
455,37.14535986720072,0.9920000508276062,1.0584565305136142,0.9920000508276062,3.5196212106966853,1
456,37.64507988168623,0.9285187182937825,1.0407371064711535,0.9285187182937825,3.402764952642886,1
457,38.15804242270824,0.9322337732444559,1.0642926517505924,0.9322337732444559,3.5585412132511682,1
458,38.65446665937837,1.0116381750241783,1.15237124406292,1.0116381750241783,4.1719077596489225,1
459,39.09881447605629,1.0805791099520559,1.2371152490373898,1.0805791099520559,4.808063480997778,1
460,39.73256061854436,1.1035591702246457,1.442734349795751,1.1035591702246457,6.539169829235935,1
542,123.49124314813899,0.8188438768981233,0.9470965323159016,0.8188438768981233,2.81798297966431,1
543,124.02438053329607,0.7295081642985234,0.8239151032077441,0.7295081642985234,2.1326264962498547,1
544,124.55436637680972,0.713773440558476,0.763083960228114,0.713773440558476,1.8293403869372942,1
545,125.03060763411654,0.6989786554328827,0.735803759012276,0.6989786554328827,1.7008807934541799,1
546,125.48769819683936,0.6882521333520357,0.7377930014469196,0.6882521333520357,1.7100898734566972,1
547,125.95942558193299,0.6818892908393934,0.755196525404191,0.6818892908393934,1.791718751874586,1
548,126.42947585310861,0.6537869613079383,0.7312271678981338,0.6537869613079383,1.6797881381654483,1
549,126.88928199099148,0.6767104092276481,0.783150635539805,0.6767104092276481,1.9268170564839746,1
550,127.3597467619923,0.7324474047668105,0.8548032970426948,0.7324474047668105,2.295526178577957,1
551,127.83704646148342,0.7618477726314595,0.845756402568562,0.7618477726314595,2.2471934537173066,1
552,128.30616198056913,0.7380777052166512,0.7865629157404478,0.7380777052166512,1.9436443769795169,1
553,128.76427887203715,0.6962530918291421,0.7376876230282771,0.6962530918291421,1.7096014066459142,1
554,129.20216644138853,0.7180865989203837,0.7509331823874935,0.7180865989203837,1.771546121834918,1
555,129.61932546417827,0.7244069913169259,0.7729367655469694,0.7244069913169259,1.8768856057120913,1
556,130.0358596187395,0.5577102284942749,0.7262032502401348,0.5577102284942749,1.6567853640424917,1
557,130.44957499922694,0.5821889935233745,0.6364575166323099,0.5821889935233745,1.2725906045025464,1
558,130.83449214610357,0.46516121355445583,0.5140877445408779,0.46516121355445583,0.8302796129132142,1
582,40.32797041805063,1.0175769055935364,1.164986344251925,1.0175769055935364,4.263748130995301,1
583,40.75798427279921,0.941902227837226,1.0635045241432581,0.941902227837226,3.553272838720816,1
584,41.291298855910036,0.9602880247350207,1.0452539709750557,0.9602880247350207,3.4323654754734383,1
585,41.906898122152256,0.9829020563890188,1.0862855426239595,0.9829020563890188,3.707130476721964,1
586,42.9730774621122,0.8659484856092788,1.278939301822935,0.8659484856092788,5.138658297288632,1
587,40.10229645076972,,,,,0
588,40.38940087104019,0.8773158961084366,1.1357885060825537,0.8773158961084366,4.052703313790229,1
589,40.70173875520614,0.7607622340006347,0.958427575873083,0.7607622340006347,2.8858149183075277,1
590,41.0212840586859,0.6500126067322072,0.8008607461777181,0.6500126067322072,2.014948208042783,1
591,41.34626342204391,0.5148487797434315,0.5926047489590419,0.5148487797434315,1.1032657285612524,1
592,41.66688923581533,0.4071352601548339,0.4703640212956457,0.4071352601548339,0.6950532237056135,1
593,41.98596855168054,0.23642004684845572,0.42943456496973803,0.23642004684845572,0.5793538108466675,1
594,42.30846804402646,0.43970532070705726,0.5039693961190429,0.43970532070705726,0.7979178883496661,1
595,42.652321336755094,0.42313248367598144,0.5710068769946645,0.42313248367598144,1.024312683103222,1
596,43.03989586003672,0.551518928021704,0.5925343005331619,0.551518928021704,1.1030034332819991,1
597,43.46523444353387,0.4943208834798362,0.5310825504798139,0.4943208834798362,0.8860820466672229,1
600,43.58991215691929,,,,,0
601,44.02172627168277,,,,,0
602,44.477478669208686,0.8067289281185684,0.8899511901970608,0.8067289281185684,2.4881826022703564,1
603,44.94213407463986,0.7488229410318981,0.7918609878842803,0.7488229410318981,1.9699162713752973,1
604,45.44331995445036,0.6686887414621339,0.7086536701970113,0.6686887414621339,1.5776764909957344,1
605,46.0122514472809,0.605585041382602,0.6696326597953255,0.605585041382602,1.4087149615128616,1
606,46.63837951794831,0.553914682802756,0.5903020032950208,0.553914682802756,1.0947082394196128,1
607,47.273319183232445,0.5866889057466872,0.6430279440000907,0.5866889057466872,1.299001239710913,1
608,47.87797345765101,0.6699919896178024,0.7239544227644171,0.6699919896178024,1.646540145276988,1
609,48.454792893719954,0.7267415685731052,0.7672224678953022,0.7267415685731052,1.849236674048778,1
610,49.02607506781737,0.7127085612437278,0.7551223694742422,0.7127085612437278,1.7913668963180025,1
611,49.600522035257534,0.7158107799722625,0.7535226699002893,0.7158107799722625,1.7837850431256077,1
612,50.17991323522269,0.7132906235451397,0.7471466511998177,0.7132906235451397,1.7537253557898722,1
613,50.75957966805263,0.6664101640624525,0.7015194240194137,0.6664101640624525,1.546070428966748,1
614,51.323653391818056,0.6443181389857291,0.6739486564559476,0.6443181389857291,1.426932719508812,1
615,51.871560588126165,0.6298075009064162,0.6555451871344531,0.6298075009064162,1.3500664322031628,1
616,52.42666538772449,0.654094044507766,0.6758125838498249,0.654094044507766,1.4348365172235553,1
617,53.01502665370307,0.6708751505538468,0.7082441832357887,0.6708751505538468,1.5758537351796302,1
618,53.62405771005164,0.6696820382013335,0.7037927385371634,0.6696820382013335,1.556106926982601,1
619,54.20334954294297,0.6883293579471736,0.7335465398155544,0.6883293579471736,1.6904612436846582,1
620,54.74194669505097,0.7046384965042827,0.7853669945412598,0.7046384965042827,1.9377384834306808,1
621,55.269387170986526,0.6809026658660098,0.786647945711855,0.6809026658660098,1.944064628063046,1
622,55.80653515449644,0.6485998073245972,0.7605105377933775,0.6485998073245972,1.8170226662731432,1
623,56.35655165512014,0.6494405473947082,0.7736777895631722,0.6494405473947082,1.8804861175996914,1
624,56.91234847981388,0.6897283346628635,0.8145178838342644,0.6897283346628635,2.0842562920046452,1
625,57.460133222773585,0.6981908306207321,0.7883292821012494,0.6981908306207321,1.9523837744060557,1
626,57.99380184234403,0.7191716753430546,0.7828037319038089,0.7191716753430546,1.9251104325698294,1
627,58.51755180217759,0.756882109359693,0.796757807791856,0.756882109359693,1.9943552865673178,1
628,59.03323477127986,0.7146242508561348,0.7768670470694994,0.7146242508561348,1.896021565833531,1
629,59.53950038764909,0.6625472482475326,0.7517934450395272,0.6625472482475326,1.77560738304578,1
630,60.04092574777442,0.6543915369736009,0.7400906218283841,0.6543915369736009,1.7207575142735752,1
631,60.54322673233054,0.7055846589151408,0.7672347078174938,0.7055846589151408,1.849295678299831,1
632,61.05381166131697,0.7647951135112662,0.833311763238373,0.7647951135112662,2.1815486257014896,1
633,61.57322805723476,0.8018578933639481,0.893724550793972,0.8018578933639481,2.509326940070897,1
634,62.08766191473136,0.8204560366356246,0.9228529920496658,0.8204560366356246,2.6755614007014445,1
635,62.598064842260136,0.8165264047614426,0.9314136001073694,0.8165264047614426,2.725429941450395,1
636,63.117646547844814,0.8226180469567566,0.9383623507596657,0.8226180469567566,2.7662474197072076,1
637,63.65292666574067,0.7743673062259703,0.9177686592307795,0.7743673062259703,2.6461613302827893,1
638,64.18382765300696,0.6903826984857607,0.8559050511238803,0.6903826984857607,2.301447389278973,1
639,64.66926427533473,0.6143134466284815,0.7549151145239689,0.6143134466284815,1.7903836948616834,1
640,65.09878339412073,0.6069276945001189,0.7116482338314679,0.6069276945001189,1.5910382639608924,1
641,65.48899081639034,0.5987155752737207,0.6548605635426271,0.5987155752737207,1.3472480004461924,1
642,65.85052603693765,0.574754896669509,0.5938390588632674,0.574754896669509,1.1078664004422274,1
643,66.19663502949425,0.5126371289308508,0.5347070115786285,0.5126371289308508,0.8982177451637914,1
644,66.54490248520091,0.47351229377469617,0.5116498773471405,0.47351229377469617,0.8224237083173412,1
645,66.90158448387328,0.4705238626879894,0.510084918784445,0.4705238626879894,0.8174003876873095,1
646,67.26344825316941,0.5037304949876181,0.5476047331042359,0.5037304949876181,0.9420723538100142,1
647,67.63476633093273,0.5833141711600647,0.6242247996845879,0.5833141711600647,1.2241423136832075,1
648,68.02232783478857,0.5745614929519939,0.6061308057515541,0.5745614929519939,1.1542040308132193,1
649,68.42871034560945,0.545926700001101,0.5934761699426744,0.545926700001101,1.1065128027046556,1
650,68.83455675307621,0.5945529834777711,0.6263236248127431,0.5945529834777711,1.2323879968090976,1
651,69.2175074537341,0.6169315152115693,0.657458487076974,0.6169315152115693,1.357958646562311,1
652,69.59866615750778,0.6245945973998589,0.6737200151728815,0.6245945973998589,1.4259646921002904,1
653,70.00685936249174,0.6439203665094242,0.6890815990254318,0.6439203665094242,1.4917332785613802,1
654,70.4438958186003,0.6053754597650112,0.6844676472868347,0.6053754597650112,1.4718234667454448,1
655,70.9043616277483,0.6002485660803726,0.7038166750040845,0.6002485660803726,1.5562127772801495,1
656,71.39067785812495,0.6226095491752166,0.7414885177266192,0.6226095491752166,1.7272640460904936,1
657,71.92419497483833,0.6664720110219862,0.8331485798364116,0.6664720110219862,2.180694305179821,1
658,72.51318525693567,0.6846002816178547,0.942777043761489,0.6846002816178547,2.792337256312696,1
659,73.12243456170415,0.69490422004896,0.9500531007705642,0.69490422004896,2.83560433860545,1
660,73.72289723356228,0.7233431551865587,0.8524323855139327,0.7233431551865587,2.2828099390334824,1
661,74.31623777656095,0.7401666591944572,0.8091610096473315,0.7401666591944572,2.05693121059848,1
662,74.90513803744561,0.8256152872470683,0.8905513210754895,0.8256152872470683,2.491539502519183,1
663,75.48158657851616,0.9099490759824899,0.9805392724373803,0.9099490759824899,3.0205070798111686,1
664,76.03571773851246,0.916961296934535,0.9991102475298524,0.916961296934535,3.136004661013873,1
665,76.57123198745116,0.8748576795124628,0.9561620373414652,0.8748576795124628,2.8721880197120235,1
666,77.10200470099198,0.8134789701430354,0.9688019025281379,0.8134789701430354,2.9486270049438845,1
667,77.6483119551793,0.7656437352128449,0.9715382860481545,0.7656437352128449,2.965307337995748,1
668,78.23451372347064,0.7546792359700647,0.8275769131450466,0.7546792359700647,2.151625120355939,1
669,78.84867961820991,0.675888668653024,0.7356910600249962,0.675888668653024,1.700359804370613,1
670,79.44845652274617,0.6417028298479966,0.698480470241865,0.6417028298479966,1.5327044131692475,1
671,80.02505755890805,0.7000745926881601,0.7651355923499918,0.7000745926881601,1.8391903616300092,1
672,80.6002152521205,0.7725323400138124,0.8782931282148211,0.7725323400138124,2.423420862976194,1
673,81.18783961625567,0.8149582294296419,0.954448093659287,0.8149582294296419,2.8619003148518494,1
674,81.78592131969401,0.8087986367251251,0.9483503991769513,0.8087986367251251,2.825449408441532,1
675,82.38437020801645,0.7968430951148684,0.9059320606465547,0.7968430951148684,2.5783456126569604,1
676,82.95707570731679,0.8044223044580029,0.8818973615391483,0.8044223044580029,2.443351557860965,1
677,83.47084044549487,0.7827861879237475,0.8557533013547398,0.7827861879237475,2.3006313801912563,1
678,83.93346962916456,0.6864096084116972,0.7630189466915938,0.6864096084116972,1.8290286864486227,1
679,84.38269656753717,0.5749521785417483,0.6814248041976275,0.5749521785417483,1.458766390647595,1
680,84.83242936518226,0.5489193321991404,0.6474591025926493,0.5489193321991404,1.3169659747483704,1
681,85.28260658258966,0.5536193641615714,0.6466686717646852,0.5536193641615714,1.3137523815406937,1
682,85.73278079823598,0.5562503191574366,0.6555198360589548,0.5562503191574366,1.349962015375949,1
683,86.1823243415698,0.5501726299361548,0.6681414662499878,0.5501726299361548,1.4024478607143442,1
684,86.62744888623601,0.5499663433665374,0.6804800772348132,0.5499663433665374,1.454724328750922,1
685,87.05669318468321,0.5716203847474943,0.6859973956118707,0.5716203847474943,1.4784097108267364,1
686,87.46095314667005,0.5764134231038966,0.6729002525593263,0.5764134231038966,1.4224966598522908,1
687,87.86099129739384,0.5995404752712699,0.6769428811332884,0.5995404752712699,1.4396400621137007,1
688,88.27967801279024,0.6041528156101819,0.6815917725485189,0.6041528156101819,1.4594813562830808,1
689,88.69690646179738,0.5861491491095681,0.6771790553079269,0.5861491491095681,1.4406447705584589,1
690,89.09660617039314,0.5626239365791477,0.6752008247093666,0.5626239365791477,1.4322400072267198,1
691,89.49822139479508,0.5930221374874209,0.7026295116240766,0.5930221374874209,1.5509673184326893,1
692,89.93878987429157,0.6435251599187279,0.7599553695402662,0.6435251599187279,1.814370802670006,1
693,90.40818870770154,0.7391909548775366,0.8634301180831173,0.7391909548775366,2.3420936677492037,1
694,90.87520612446318,0.8216307364866294,0.9633965755409167,0.8216307364866294,2.9158156942322093,1
695,91.34388042821341,0.8415622845838658,0.9645587996895163,0.8415622845838658,2.922855112081838,1
696,91.83756470086195,0.8534359582884394,0.9454343205097457,0.8534359582884394,2.8081001979361138,1
697,92.3541642308283,0.8840205330703844,0.9476529469776408,0.8840205330703844,2.8212950552119507,1
698,92.88563714427396,0.9009282820605434,0.961989081827437,0.9009282820605434,2.9073020780160763,1
699,93.39298996258013,0.8395262260618376,0.9283158290076463,0.8395262260618376,2.707331175659972,1
700,94.10191921041782,0.596617011787329,0.769085686165339,0.596617011787329,1.858229412085822,1
701,43.54351031333895,,,,,0
702,44.03953500784242,,,,,0
703,44.62573416101118,0.7464259835741045,0.8638318185273169,0.7464259835741045,2.3442734363247384,1
704,45.23606647630762,0.758125137085629,0.8479240635121821,0.758125137085629,2.258727261357751,1
705,45.82783774534578,0.771127289838234,0.8489055332301055,0.771127289838234,2.2639592285003522,1
706,46.369737042336745,0.7340247150643195,0.7981596973197849,0.7340247150643195,2.0013795677642747,1
707,46.87346998062553,0.6487537851533842,0.7054382695379902,0.6487537851533842,1.5633920708369617,1
708,47.38941408197361,0.5924266289764101,0.6757824561173913,0.5924266289764101,1.434708590019626,1
709,47.93663020792818,0.5967321747448336,0.6996935583526724,0.5967321747448336,1.538032894515719,1
710,48.492320419923516,0.6020917089218693,0.6800094594882288,0.6020917089218693,1.4527128595889038,1
711,49.0389958817722,0.6461239055449448,0.7129643095668357,0.6461239055449448,1.5969284297460185,1
712,49.563937933078236,0.7768386017510134,0.8379382670572728,0.7768386017510134,2.205839560363301,1
713,50.05617416291794,0.8788849754625633,0.9698041108552423,0.8788849754625633,2.9547307647512873,1
714,50.53019671694218,0.9582142952723424,1.077511780612036,0.9582142952723424,3.6474884625083432,1
715,51.016963467001375,1.006709895056197,1.1299017847785187,1.006709895056197,4.010802361660026,1
716,51.53214908392864,1.051714111902925,1.1647797577960712,1.051714111902925,4.26223608835107,1
717,52.06896107178806,1.0675226310111334,1.163160106842982,1.0675226310111334,4.250390870265949,1
718,52.62618442883224,0.9943529903845747,1.0834353267432493,0.9943529903845747,3.687702324638091,1
719,53.19524327967338,0.8515956356415464,0.9204154197624345,0.8515956356415464,2.661445910754118,1
720,53.74387673702831,0.7609249244291655,0.8048517370817567,0.7609249244291655,2.035080739872127,1
721,54.248055173340916,0.7144158780308246,0.7744830688115771,0.7144158780308246,1.884402746854876,1
722,54.70634494117895,0.7097418144276201,0.7655642043264217,0.7097418144276201,1.8412514860048748,1
723,55.15860281275893,0.6648321437372168,0.733607882744515,0.6648321437372168,1.6907439856082485,1
724,55.65476051590188,0.6316175604296455,0.678589709905503,0.6316175604296455,1.44665313387016,1
725,56.206589121162935,0.6491174548543226,0.6847832490770875,0.6491174548543226,1.4731810684190174,1
726,56.78620603283648,0.6300662175770764,0.6749196473397227,0.6300662175770764,1.431047385383948,1
727,57.36284067421379,0.6111877301101084,0.6489688076456458,0.6111877301101084,1.3231147745559968,1
728,57.91735672545402,0.6542210093596678,0.743167004063535,0.6542210093596678,1.735092813328067,1
729,58.4529994804745,0.6986132925647405,0.8007174409634967,0.6986132925647405,2.0142271669593534,1
730,58.98167959024267,0.69968632475591,0.7939352158304734,0.69968632475591,1.9802499208957305,1
731,59.50745592980887,0.7040213064327524,0.776040605455994,0.7040213064327524,1.8919896850730407,1
732,60.03447335606864,0.7277298102210911,0.7889164197178987,0.7277298102210911,1.9552930785855114,1
733,60.57002286176436,0.751037951823771,0.8152128757322303,0.751037951823771,2.087814615898835,1
734,61.125328045029754,0.7214586304937748,0.8392870884104885,0.7214586304937748,2.2129467143406165,1
735,61.69215020675729,0.6601978455362117,0.7554116526795057,0.6601978455362117,1.7927396847312913,1
736,62.23834691990978,0.6242952213957804,0.6952633805224817,0.6242952213957804,1.5186181431274843,1
737,62.75937658027207,0.6963095259782138,0.776083796728292,0.6963095259782138,1.8922002918766776,1
738,63.27457189829787,0.7903069447828758,0.885821412893853,0.7903069447828758,2.465143589942386,1
739,63.79780558920191,0.8484311706748964,0.9418759501764055,0.8484311706748964,2.7870020506007203,1
740,64.32830157563298,0.8512374388790954,0.9253790571825083,0.8512374388790954,2.690228725656196,1
741,64.84936247589305,0.7729598085151987,0.8396450110372539,0.7729598085151987,2.214834584662206,1
742,65.3409919548081,0.6629885790122034,0.744119018192272,0.6629885790122034,1.7395410487367626,1
743,65.79260881145981,0.5724511714143938,0.6917077785831113,0.5724511714143938,1.5031253244711416,1
744,66.22645696853635,0.5078794142450631,0.7069076123401765,0.5078794142450631,1.56991156754696,1
745,66.67065517203827,0.5679870044178571,0.7728352320429742,0.5679870044178571,1.8763925401363573,1
746,67.14096961827936,0.6182603319268807,0.7897123959033906,0.6182603319268807,1.959240649796794,1
747,67.63956136445368,0.6875287126999079,0.8126494824532796,0.6875287126999079,2.0747052165080153,1
748,68.1476276254236,0.7375450829333093,0.8327642819788951,0.7375450829333093,2.1786830363773335,1
749,68.64845017018774,0.7618139364822397,0.8811341915939158,0.7618139364822397,2.439124567898514,1
750,69.14965297754789,0.7788472983807342,0.9230782795623517,0.7788472983807342,2.6768678799621313,1
751,69.65092979713363,0.7922373471634369,0.8947621803257639,0.7922373471634369,2.51515706577537,1
752,70.16428635586587,0.7869793692547771,0.8820916751314938,0.7869793692547771,2.4444283922963725,1
753,70.6964137244232,0.8478879690058294,0.9363346065681998,0.8478879690058294,2.75430495096533,1
754,71.25142367226442,0.9082905751485342,1.0019899500609037,0.9082905751485342,3.1541083189711445,1
755,71.82512425664851,0.7943807332588547,0.9031325979117306,0.7943807332588547,2.5624353022445554,1
756,72.39847218761916,0.7134770879081682,0.8177536186272529,0.7134770879081682,2.1008489205134206,1
757,72.95619914291815,0.7035344116568393,0.7956692450651018,0.7035344116568393,1.988909471623907,1
758,73.50871781144058,0.6562528481576577,0.7194574940120954,0.6562528481576577,1.6261483169620858,1
759,74.07076649272305,0.46102351309529926,0.5103178297220496,0.46102351309529926,0.8181470278992689,1
760,74.63902256636634,0.402026723684304,0.45122305328507584,0.402026723684304,0.6396353134264494,1
761,75.19068117315508,0.5703425040314222,0.6085511260991422,0.5703425040314222,1.1634400599882866,1
762,75.71859382083666,0.7392703650108481,0.7988126106904244,0.7392703650108481,2.004655257957067,1
763,76.24344916297237,0.8771875134434738,0.9424222149166168,0.8771875134434738,2.790235772493483,1
764,76.78724626454336,0.9275494557563599,1.0235028477311559,0.9275494557563599,3.291000766180822,1
765,77.33514955554946,0.913197617433053,0.982327774369677,0.913197617433053,3.031535928296349,1
766,77.81571816269442,0.8128992217053489,0.893961404969022,0.8128992217053489,2.5106571560041093,1
767,78.1944321331096,0.7290393003077714,0.81256333144679,0.7290393003077714,2.074265350434876,1
768,78.5272216107617,0.6959865262680963,0.7710122149831252,0.6959865262680963,1.8675506525422416,1
769,78.8647095867212,0.6406806970540281,0.7410282761106831,0.6406806970540281,1.7251204873935642,1
770,79.22608713090216,0.581368881036498,0.6890297849321457,0.581368881036498,1.4915089512787345,1
771,79.59292303715222,0.5522278219801581,0.6490426276891172,0.5522278219801581,1.323415799641116,1
772,79.95621477998179,0.5311826975653261,0.5960229124608053,0.5311826975653261,1.1160297797761292,1
773,80.32543464581903,0.5107766660829788,0.5383271537215741,0.5107766660829788,0.9104213755605578,1
774,80.67946905945358,0.5401085928654484,0.574748989835935,0.5401085928654484,1.0377824115921208,1
775,81.01133730411892,0.5480379651701308,0.5847523523005598,0.5480379651701308,1.0742214689606155,1
776,81.33569668645119,0.523816096691143,0.5975182597503749,0.523816096691143,1.1216367641467788,1
777,81.66359887622782,0.5231893431037407,0.6349711324162469,0.5231893431037407,1.2666535238216632,1
778,81.99435880448341,0.5626585888226666,0.7045529804528584,0.5626585888226666,1.5594705782351657,1
779,82.31466454648564,0.6044468278543512,0.7556116504296286,0.6044468278543512,1.7936890779927708,1
780,82.63351561022279,0.6457468092817418,0.7927736176276626,0.6457468092817418,1.974459594520932,1
781,82.97647813148849,0.751606863702241,0.860487033113628,0.751606863702241,2.326154374385873,1
782,83.37283449822758,0.8367520883490034,0.8980902246290404,0.8367520883490034,2.5339019822605593,1
783,83.8208085706609,0.833898337489874,0.895913708515339,0.833898337489874,2.5216350730691874,1
784,84.2641156750336,0.8343922382759263,0.9126379769277913,0.8343922382759263,2.616657895601566,1
785,84.67365194574211,0.8537669507293602,0.9255506048848591,0.8537669507293602,2.691226252734438,1
786,85.09796470971428,0.7573317309221865,0.8337185122905518,0.7573317309221865,2.1836788233923436,1
787,85.58058184761349,0.6456535871599323,0.7152535050028007,0.6456535871599323,1.6071997717450823,1
788,86.1136100010657,0.6353594983207996,0.6896498938464066,0.6353594983207996,1.4941947979829342,1
789,86.65934486596478,0.714874959580067,0.7711010799964768,0.714874959580067,1.867981176143601,1
790,87.20296301126331,0.8323902224271169,0.914684290510587,0.8323902224271169,2.628405172510977,1
791,87.73460339079426,0.9745890670155124,1.0512421397021257,0.9745890670155124,3.4718055714028875,1
792,88.24090957892076,1.0680103007213393,1.122410116223831,1.0680103007213393,3.9577924647749962,1
793,88.69596252961524,1.0669524353643538,1.135382481465946,1.0669524353643538,4.049806289948068,1
794,89.09556436257843,1.0667063757794195,1.1730781687558707,1.0667063757794195,4.3231845749744195,1
795,89.48679409188544,1.0793947754049926,1.1854947742575026,1.0793947754049926,4.415187591692884,1
796,89.89591882378664,1.0627050194300203,1.0979910780133288,1.0627050194300203,3.787455117560418,1
797,90.33808803654024,0.8582997982177297,0.9500723451968571,0.8582997982177297,2.835719216671383,1
798,90.83157860062981,0.6708446019441708,0.7641685017440373,0.6708446019441708,1.8345440226778083,1
799,91.33962892948186,0.5528026487310304,0.6325279085761739,0.5528026487310304,1.2569246903526508,1
800,91.81223310709181,0.544740443086588,0.6159106773277478,0.544740443086588,1.1917504887903247,1
801,92.24506102742363,0.5175002473698166,0.5963347321997368,0.5175002473698166,1.1171978259651076,1
802,92.6478537856791,0.47692096416982466,0.5384928372215569,0.47692096416982466,0.9109818712055089,1
803,93.01563035145685,0.44216349879831746,0.5277129577696276,0.44216349879831746,0.8748737563154888,1
804,93.3586137077664,0.4752086930281753,0.5630407885219716,0.4752086930281753,0.9959317737194018,1
805,93.70349079578057,0.5099218091454962,0.6161519086136743,0.5099218091454962,1.1926842079578686,1
806,94.08909198286825,0.5695863505975344,0.644179352239537,0.5695863505975344,1.3036573975969739,1
807,94.5495629617296,0.6381305922616517,0.6952995902033452,0.6381305922616517,1.5187763281024922,1
808,95.05902828863722,0.7209365265712868,0.7655018171795974,0.7209365265712868,1.840951404716711,1
809,95.58075932428864,0.688136706779189,0.8148336845838385,0.688136706779189,2.085872799907668,1
810,96.10161036115633,0.7452134973927024,0.8737941505267464,0.7452134973927024,2.398656939778199,1
811,96.61131950307303,0.8263517046555613,0.9059388134819722,0.8263517046555613,2.5783840508781455,1
812,97.11448390779188,0.8014726419623147,0.8475366915868406,0.8014726419623147,2.2566639453077295,1
813,97.63552778692751,0.7102746965805175,0.755828864339834,0.7102746965805175,1.794720481409711,1
814,98.18101990903992,0.7139980831998438,0.7779639162813712,0.7139980831998438,1.9013793831285297,1
815,98.74198043001897,0.8001205267164708,0.8751524107052409,0.8001205267164708,2.4061198699966613,1
816,99.31750004365838,0.9019055307514545,0.9630325639664775,0.9019055307514545,2.913612675932889,1
817,99.90938184467137,0.9354392188744551,0.9935046249273233,0.9354392188744551,3.1009135518400535,1
818,100.51417035283554,0.8741014910276035,0.9605193340973385,0.8741014910276035,2.8984251863358437,1
819,101.12426683360626,0.8098576586468172,0.927176224150907,0.8098576586468172,2.7006881907977296,1
820,101.72558193203207,0.8526601352185449,0.9847978085036192,0.8526601352185449,3.0468005102221603,1
821,102.28550379662825,0.9309199689210974,1.0826434973655334,0.9309199689210974,3.6823139753538747,1
822,102.7606327402588,0.9783870392984491,1.1543674589313133,0.9783870392984491,4.186373996157069,1
823,103.15368038764647,0.9738839401775665,1.1687509130472207,0.9738839401775665,4.291348638665913,1
824,103.49641579748128,0.9607317552461803,1.2030144656473682,0.9607317552461803,4.546650504349056,1
825,103.78052599272839,0.9524985111548238,1.384357092115606,0.9524985111548238,6.0206881459667585,1
826,104.2107455159483,0.8862293018041709,1.429138366948852,0.8862293018041709,6.416503415498498,1
