quantity,M50_tube_to_36mm,E60_tube_to_58mm,difference,tolerance,tolerance_kind,moved,scan,cohort_label
flow_red_distal_pct,5.478826005403048,5.479382472466332,0.0005564670632836055,0.5,abs,False,837,PILOT_OUT_OF_COHORT
flow_red_total_pct,2.943022747699109,2.943389452725076,0.00036670502596702903,0.5,abs,False,837,PILOT_OUT_OF_COHORT
added_static_loss_mmHg,4.741009408182227,4.741627234144497,0.0006178259622702242,0.1422302822454668,rel,False,837,PILOT_OUT_OF_COHORT
p_min_over_Pao,0.9361029734190489,0.9360941754565251,-8.797962523843239e-06,0.0033,abs,False,837,PILOT_OUT_OF_COHORT
umax_ms,1.160267201381406,1.1603533793520757,8.617797066978738e-05,0.0580133600690703,rel,False,837,PILOT_OUT_OF_COHORT
tau_peak_throat_Pa,54.739890265657266,54.74627402625159,0.006383760594324883,2.7369945132828635,rel,False,837,PILOT_OUT_OF_COHORT
onset_arc_mm,24.25,24.25,0.0,0.25,abs,False,837,PILOT_OUT_OF_COHORT
recovery_arc_wss_mm,39.0,39.0,0.0,1.0,abs,False,837,PILOT_OUT_OF_COHORT
max_reversed_wall_fraction,1.0,1.0,0.0,0.05,abs,False,837,PILOT_OUT_OF_COHORT
max_reversed_area_fraction,0.6699321759328811,0.6702944241564648,0.00036224822358366104,0.05,abs,False,837,PILOT_OUT_OF_COHORT
