case,scan,label,mode,cells,ranks,contended,b1_variant,bc_error_criterion,iterations_run,FFR_proxy_last100_at_end,wall_clock_total_s,status,iter_settled_criterion_a_only_first,criterion_b_holds_at_end,criterion_c_holds_at_end,extra_throat_plane_first_settled_iteration,iter_first_settled,wall_clock_to_first_settled_s,FFR_proxy_at_first_settled,FFR_proxy_end_minus_at_first_settled,iter_permanently_settled,fraction_of_budget_at_first_settled,wall_clock_to_permanently_settled_s,FFR_proxy_at_permanently_settled,FFR_proxy_end_minus_at_permanently_settled,wall_clock_note
baseline_resistance,14,frozen cohort (E0 assertion passed),resistance,3657147,16,"no (one solve at a time, 16 ranks)",PROXY_NOT_B1: LAD-outlet pressure / P_aorta replaces the measurement-probe pressure (no solve monitored it); outlet-flow bands and BC errors as specified,applied (< 0.1 %),3000,0.8559459234676616,8311,ok,1197,True,True,687,1229,4067,0.8558563049164181,8.961855124356433e-05,1429,0.4096666666666667,4639,0.8559492468766513,-3.3234089896749808e-06,
baseline_prescribed,14,frozen cohort (E0 assertion passed),prescribed-flow,3657147,16,"no (one solve at a time, 16 ranks)",PROXY_NOT_B1: LAD-outlet pressure / P_aorta replaces the measurement-probe pressure (no solve monitored it); outlet-PRESSURE bands < 0.1 % replace the outlet-flow bands and the BC-error criterion is not applicable (flows are imposed): not authorised by B1,N/A (flows imposed),3000,0.8804897289179584,7821,ok,551,True,True,508,551,1826,0.8807129436642117,-0.0002232147462533085,771,0.18366666666666667,2512,0.8806038691025405,-0.00011414018458211217,
baseline_roundtrip,14,frozen cohort (E0 assertion passed),resistance,3657147,16,"no (one solve at a time, 16 ranks)",PROXY_NOT_B1: LAD-outlet pressure / P_aorta replaces the measurement-probe pressure (no solve monitored it); outlet-flow bands and BC errors as specified,applied (< 0.1 %),3000,0.8804872013009438,8239,ok,1222,True,True,701,1232,4091,0.8804369647526706,5.023654827318591e-05,1434,0.4106666666666667,4647,0.8804846108647568,2.590436186999945e-06,
T1_missed_branch_resistance,14,PILOT (T1 targets provisional),resistance,3485528,16,"no (one solve at a time, 16 ranks)",PROXY_NOT_B1: LAD-outlet pressure / P_aorta replaces the measurement-probe pressure (no solve monitored it); outlet-flow bands and BC errors as specified,applied (< 0.1 %),3000,0.9284183455477052,7518,ok,1235,True,True,576,1235,3822,0.9284550948080584,-3.674926035324155e-05,1235,0.4116666666666667,3822,0.9284550948080584,-3.674926035324155e-05,
T1_missed_branch_prescribed,14,PILOT (T1 targets provisional),prescribed-flow,3485528,16,"no (one solve at a time, 16 ranks)",PROXY_NOT_B1: LAD-outlet pressure / P_aorta replaces the measurement-probe pressure (no solve monitored it); outlet-PRESSURE bands < 0.1 % replace the outlet-flow bands and the BC-error criterion is not applicable (flows are imposed): not authorised by B1,N/A (flows imposed),3000,0.8626256907438801,7512,ok,549,True,True,508,549,1708,0.8628495759882924,-0.00022388524441230295,772,0.183,2378,0.8627395844575123,-0.00011389371363224043,
T1_missed_branch_roundtrip,14,PILOT (T1 targets provisional),resistance,3485528,16,"no (one solve at a time, 16 ranks)",PROXY_NOT_B1: LAD-outlet pressure / P_aorta replaces the measurement-probe pressure (no solve monitored it); outlet-flow bands and BC errors as specified,applied (< 0.1 %),3000,0.8625845591151918,7642,ok,1078,True,True,633,1078,3378,0.8625193364352637,6.522267992814523e-05,1266,0.35933333333333334,3892,0.8626124224264062,-2.786331121440444e-05,
clean_nolesion_resistance,14,frozen cohort (E0 assertion passed),resistance,3889165,16,"no (one solve at a time, 16 ranks)",PROXY_NOT_B1: LAD-outlet pressure / P_aorta replaces the measurement-probe pressure (no solve monitored it); outlet-flow bands and BC errors as specified,applied (< 0.1 %),3000,0.9762867955442879,8418,ok,976,True,True,706,1049,3757,0.9762911433271829,-4.347782895042229e-06,1049,0.3496666666666667,3757,0.9762911433271829,-4.347782895042229e-06,
clean_nolesion_prescribed,14,frozen cohort (E0 assertion passed),prescribed-flow,3889165,16,"no (one solve at a time, 16 ranks)",PROXY_NOT_B1: LAD-outlet pressure / P_aorta replaces the measurement-probe pressure (no solve monitored it); outlet-PRESSURE bands < 0.1 % replace the outlet-flow bands and the BC-error criterion is not applicable (flows are imposed): not authorised by B1,N/A (flows imposed),3000,0.9822176640014402,7492,ok,509,True,True,504,509,1713,0.9822150888658869,2.57513555323996e-06,560,0.16966666666666666,1864,0.9822163565569739,1.3074444662475315e-06,
clean_nolesion_roundtrip,14,frozen cohort (E0 assertion passed),resistance,3889165,16,"no (one solve at a time, 16 ranks)",PROXY_NOT_B1: LAD-outlet pressure / P_aorta replaces the measurement-probe pressure (no solve monitored it); outlet-flow bands and BC errors as specified,applied (< 0.1 %),3000,0.982214978439834,8356,ok,891,True,True,629,931,3406,0.9822250658155944,-1.0087375760470252e-05,931,0.31033333333333335,3406,0.9822250658155944,-1.0087375760470252e-05,
solve_baseline,837,PILOT_OUT_OF_COHORT,resistance,1108603,16,"yes (32 solver threads on 16 physical cores, i.e. all hyper-threads busy)",PROXY_NOT_B1: LAD-outlet pressure / P_aorta replaces the measurement-probe pressure (no solve monitored it); outlet-flow bands and BC errors as specified,applied (< 0.1 %),816,0.9303989315075119,1150,ok,516,True,True,,516,787,0.9303997686253332,-8.371178213950614e-07,618,0.6323529411764706,921,0.9303988274419993,1.0406551254060759e-07,believed concurrent: identical ClockTime in both logs
solve_missedbranch,837,PILOT_OUT_OF_COHORT,resistance,1017542,16,"yes (32 solver threads on 16 physical cores, i.e. all hyper-threads busy)",PROXY_NOT_B1: LAD-outlet pressure / P_aorta replaces the measurement-probe pressure (no solve monitored it); outlet-flow bands and BC errors as specified,applied (< 0.1 %),756,0.9211364312949936,1150,ok,514,True,True,,514,841,0.921136614072196,-1.8277720248427443e-07,602,0.6798941798941799,961,0.921136365481066,6.581392753002291e-08,believed concurrent: identical ClockTime in both logs
solve_lesion80,837,PILOT_OUT_OF_COHORT,resistance,2682675,16,"yes (32 solver threads on 16 physical cores, i.e. all hyper-threads busy)",PROXY_NOT_B1: LAD-outlet pressure / P_aorta replaces the measurement-probe pressure (no solve monitored it); outlet-flow bands and BC errors as specified,applied (< 0.1 %),1364,0.882680003271778,5745,ok,540,True,True,,599,3192,0.8827434891000736,-6.348582829562854e-05,650,0.43914956011730205,3446,0.8827476860498145,-6.768277803648193e-05,pair run
solve_baseline_ref,837,PILOT_OUT_OF_COHORT,resistance,3245362,16,"yes (32 solver threads on 16 physical cores, i.e. all hyper-threads busy)",PROXY_NOT_B1: LAD-outlet pressure / P_aorta replaces the measurement-probe pressure (no solve monitored it); outlet-flow bands and BC errors as specified,applied (< 0.1 %),768,0.9304085400759066,4664,ok,518,True,True,,519,3270,0.9303975692917231,1.0970784183439442e-05,630,0.67578125,3927,0.93040572756851,2.812507396532382e-06,pair run
solve_baseline_extcomp,837,PILOT_OUT_OF_COHORT,resistance,1108603,32,"yes (32 solver threads on 16 physical cores, i.e. all hyper-threads busy)",PROXY_NOT_B1: LAD-outlet pressure / P_aorta replaces the measurement-probe pressure (no solve monitored it); outlet-flow bands and BC errors as specified,applied (< 0.1 %),3000,0.9291715605943174,2673,ok,515,True,True,,515,670,0.9291725073431242,-9.467488067960161e-07,619,0.17166666666666666,785,0.9291714490198335,1.1157448387422164e-07,"32 ranks alone on the host (3000 iterations, no early stop)"
solve_lesion80_T25a,837,PILOT_OUT_OF_COHORT,resistance,3531665,10,"yes (32 solver threads on 16 physical cores, i.e. all hyper-threads busy)",PROXY_NOT_B1: LAD-outlet pressure / P_aorta replaces the measurement-probe pressure (no solve monitored it); outlet-flow bands and BC errors as specified,applied (< 0.1 %),1315,0.8833735657052516,12451,ok,824,True,True,,824,8422,0.8833803539304175,-6.788225165865747e-06,965,0.626615969581749,9570,0.8833962229934547,-2.2657288203054016e-05,three concurrent runs
solve_lesion80_T25b,837,PILOT_OUT_OF_COHORT,resistance,5032409,14,"yes (32 solver threads on 16 physical cores, i.e. all hyper-threads busy)",PROXY_NOT_B1: LAD-outlet pressure / P_aorta replaces the measurement-probe pressure (no solve monitored it); outlet-flow bands and BC errors as specified,applied (< 0.1 %),1470,0.8833730856964509,13649,ok,826,True,True,,826,9064,0.8833754305450964,-2.344848645474684e-06,981,0.5619047619047619,10426,0.8833817124005542,-8.626704103287253e-06,three concurrent runs
solve_lesion80_W100,837,PILOT_OUT_OF_COHORT,resistance,1300542,8,"yes (32 solver threads on 16 physical cores, i.e. all hyper-threads busy)",PROXY_NOT_B1: LAD-outlet pressure / P_aorta replaces the measurement-probe pressure (no solve monitored it); outlet-flow bands and BC errors as specified,applied (< 0.1 %),688,0.880728219041452,3671,ok,538,True,True,,538,3024,0.8807282392450024,-2.0203550388231406e-08,580,0.7819767441860465,3226,0.8807280129864374,2.060550146065765e-07,three concurrent runs
solve_baseline_ref_hyp,837,PILOT_OUT_OF_COHORT,resistance,3245362,16,"yes (32 solver threads on 16 physical cores, i.e. all hyper-threads busy)",PROXY_NOT_B1: LAD-outlet pressure / P_aorta replaces the measurement-probe pressure (no solve monitored it); outlet-flow bands and BC errors as specified,applied (< 0.1 %),1010,0.767778210882925,6488,ok,534,True,True,,534,3351,0.7678307870765682,-5.2576193643183444e-05,637,0.5287128712871287,3996,0.7678215357673737,-4.33248844486922e-05,"pair run; the lesion case then ran with 16 ranks while other work (post-processing, audits, a second job) shared the host"
solve_lesion80_hyp,837,PILOT_OUT_OF_COHORT,resistance,2682675,16,"yes (32 solver threads on 16 physical cores, i.e. all hyper-threads busy)",PROXY_NOT_B1: LAD-outlet pressure / P_aorta replaces the measurement-probe pressure (no solve monitored it); outlet-flow bands and BC errors as specified,applied (< 0.1 %),2106,0.6054527286572692,8649,ok,1022,True,True,,1022,5419,0.6054729798589547,-2.0251201685472786e-05,1022,0.4852801519468186,5419,0.6054729798589547,-2.0251201685472786e-05,pair run; host also carried light analysis/test jobs
solve_baseline_ref_E60,837,PILOT_OUT_OF_COHORT,resistance,4433120,16,"yes (32 solver threads on 16 physical cores, i.e. all hyper-threads busy)",PROXY_NOT_B1: LAD-outlet pressure / P_aorta replaces the measurement-probe pressure (no solve monitored it); outlet-flow bands and BC errors as specified,applied (< 0.1 %),728,0.9305366047914074,6599,ok,573,True,True,,573,5289,0.9305250557280702,1.1549063337223942e-05,702,0.7870879120879121,6379,0.9305364840294759,1.2076193156573822e-07,extended 50 um tube (E60); pair run
solve_lesion80_E60,837,PILOT_OUT_OF_COHORT,resistance,3870345,16,yes (32 solver threads on 16 physical cores until 21:32; 16 ranks alone afterwards),PROXY_NOT_B1: LAD-outlet pressure / P_aorta replaces the measurement-probe pressure (no solve monitored it); outlet-flow bands and BC errors as specified,applied (< 0.1 %),1450,0.8827893673793937,9114,ok,542,True,True,,603,5187,0.8828389221395486,-4.955476015489069e-05,703,0.41586206896551725,5977,0.8828246188472687,-3.525146787497491e-05,extended 50 um tube (E60); the wall-clock is not a clean single-job cost; host also carried light analysis and audit processes
solve_baseline_ref_hyp_E60,837,PILOT_OUT_OF_COHORT,resistance,,,,PROXY_NOT_B1: LAD-outlet pressure / P_aorta replaces the measurement-probe pressure (no solve monitored it); outlet-flow bands and BC errors as specified,applied (< 0.1 %),,,,no log.simpleFoam retained,,,,,,,,,,,,,,
solve_lesion80_hyp_E60,837,PILOT_OUT_OF_COHORT,resistance,,,,PROXY_NOT_B1: LAD-outlet pressure / P_aorta replaces the measurement-probe pressure (no solve monitored it); outlet-flow bands and BC errors as specified,applied (< 0.1 %),,,,no log.simpleFoam retained,,,,,,,,,,,,,,
