label,station,s_mm,s_from_throat_mm,s_to_measurement_mm,x_mm,y_mm,z_mm,section_ok,area_mm2,r_eq_mm,station_centroid_offset_over_req,offset_over_req,oN,oB,direction_deg,offset_over_req_absw,oN_absw,oB_absw,offset_over_req_fwd,oN_fwd,oB_fwd,Q_through_mls,Q_reverse_mls,reverse_flow_fraction,u_axial_max,p_mean_kin,n_polyhedra_cut,n_boundary_loops,hole_area_fraction,kappa_per_mm,curvature_normal_angle_deg,t_x,t_y,t_z,N_x,N_y,N_z
69_resistance,0,24.862488658577007,2.0,28.403969491960183,53.275297483954,-166.42639727631712,-192.61854381686268,1,1.5347567496455516,0.698947956788973,0.022463889443421023,0.05537354039752028,-0.037582525463022064,0.04066672787398942,132.7428493082403,0.05506372258076997,-0.0374183032738673,0.04039658555567399,0.05521859961505295,-0.03750040222336926,0.04053163673641922,1.2407669824956886,-0.00018355015862241516,0.00014791093906846834,1.7039221537822349,9.762548590970061,0,1,0.0,0.10769302390079769,0.0,0.5187632256206738,0.7065151668757466,-0.4813741109762446,0.7090142018419289,-0.040934210984322164,0.7040051505191873
69_resistance,1,25.862488658577007,3.0,27.403969491960183,53.86774404132021,-165.74021262590105,-193.03250545345014,1,2.1971162141003586,0.8362797450870408,0.10057882587823222,0.18690471941034761,-0.17955654945086727,0.05189238563757714,163.88054625276826,0.17258633496503742,-0.16633065474244663,0.04604515511552885,0.1796842006588895,-0.17288958805811316,0.04894489051494538,1.2407276435760577,-0.010217623439453111,0.008167922057717351,1.6161143633704513,9.830469520343472,0,1,0.0,0.16316078591199257,23.29083129877162,0.6888342127204719,0.6272928363936773,-0.36333335216429413,0.5845277417653061,-0.1841881545429078,0.7901911432260106
69_resistance,2,26.862488658577007,4.0,26.403969491960183,54.61447375476536,-165.1827205403296,-193.39224959434256,1,3.2054144064425523,1.0101064770045838,0.02533390917368785,0.4307303362049528,-0.4215334268651353,0.08853356743386862,168.1387175810357,0.37035874618363157,-0.362428743029439,0.07622996196255438,0.3996172926209486,-0.3910732989370563,0.08219279421083506,1.2408820255631725,-0.03932528564708173,0.03071790428216291,1.5609612712202316,9.84406264685175,0,1,0.0,0.06105141857945699,-21.734629444011794,0.7622323081358531,0.5654657121376647,-0.3150403733341705,0.5155650386948659,-0.2360606012437671,0.8236917405291816
69_resistance,3,27.862488658577007,5.0,25.403969491960183,55.357410508669076,-164.55884186277015,-193.62841332039818,1,4.330700006867205,1.1740973666106407,0.07616960594241422,0.6097142418152832,-0.5895785104729246,0.15539831614568148,165.2340743481919,0.5009367681155102,-0.48477901318931965,0.12620203651764864,0.5525111952263843,-0.5344679837035067,0.1400449757984764,1.2418692292192446,-0.06775008435100031,0.05173265516854823,1.5453501167248278,9.84212042408922,0,1,0.0,0.030588048036333394,-23.195706819560588,0.7300165341832758,0.63654987273574,-0.24875714932269058,0.4986702864796813,-0.24722891188390336,0.8307862604250107
69_resistance,4,28.862488658577007,6.0,24.403969491960183,56.103232395060196,-163.96799960236694,-193.92984514974563,1,5.524317653770013,1.326063695157453,0.1321727497611686,0.6810330800365437,-0.6500482089803721,0.20308466733230218,162.6504238794691,0.5333542355042992,-0.5099816435421762,0.1561584572810458,0.6021042117470173,-0.5751901088167292,0.17800511375490438,1.2414870792905113,-0.09185844954907531,0.0688932070211537,1.5004902179197603,9.855031094074787,0,1,0.0,0.0460855123979637,-41.99419411732182,0.7802901810186588,0.5702808401947711,-0.25676252980646275,0.47061101100549213,-0.2649916251606721,0.8416084094845384
69_resistance,5,29.862488658577007,7.0,23.403969491960183,56.87520752664561,-163.35774910994874,-194.0871723722768,1,6.282600124996352,1.4141477047062156,0.1457194862233317,0.7326654403340183,-0.707066455126257,0.19197832037766574,164.80961314543907,0.5596739158144065,-0.5419425878448396,0.13976095135290714,0.6389541329283743,-0.6176294669302901,0.16369552701786438,1.2419329554309526,-0.11281158538912553,0.08327148181075998,1.4789982064920781,9.850620727111137,2,1,0.0,0.06354708178630782,-129.16582708437932,0.7316876725262154,0.6625707265827996,-0.16010366063494932,0.4412409140361084,-0.2813581373631802,0.8521408653034435
69_resistance,6,30.862488658577007,8.0,22.403969491960183,57.57010455854055,-162.6849868082363,-194.33217773877524,1,7.047345672400983,1.4977449044746527,0.09279076384057483,0.7447196747891174,-0.7202589716142992,0.18929978295582092,165.27444650617144,0.5620470377135159,-0.5402066357244351,0.155156899046823,0.644743279035636,-0.6217574362580424,0.17062117781638483,1.2421266969753912,-0.12909107034434297,0.09414337636294798,1.4892101590868418,9.839258818350068,0,1,0.0,0.07376235568151616,30.91718454770845,0.6956423934381711,0.6630460117744007,-0.2764989090786325,0.5229357298393694,-0.203469400883978,0.8277308894570029
69_resistance,7,31.862488658577007,9.0,21.403969491960183,58.31135302416764,-162.05148772503145,-194.5331670469933,1,8.127598833223852,1.6084449196509634,0.09143914545489677,0.7126749466149542,-0.6921912353772298,0.16963747581113187,166.22974635654862,0.501380511318976,-0.48267642164826097,0.13566830549287506,0.5939526542402901,-0.5745521153770896,0.1505643456957757,1.2423085162919059,-0.1741816718126998,0.1229670867298918,1.2283631801916899,9.842424256051519,0,1,0.0,0.1805737919329987,10.529815603989219,0.8192274509155154,0.5669832832101542,-0.08600197803946558,0.33774697098165324,-0.35583204203385616,0.8713842673899583
69_resistance,8,32.86248865857701,10.0,20.403969491960183,59.17961414007803,-161.5578069251541,-194.54995488227686,1,8.946426968074139,1.6875236738959472,0.09364213839171272,0.7410762629554948,-0.7263162441455937,0.14716908984674798,168.54558005488005,0.48461621944534633,-0.4776838813647289,0.08167612646194593,0.5919367523442982,-0.581795666407706,0.1091005101964628,1.2426031493636895,-0.24114509728322644,0.16252426773085255,1.0553291892030554,9.840829105032613,0,1,0.0,0.3112470103345494,167.69566070172883,0.8654365089781582,0.5010176089814291,-0.0010022066803286177,0.2412624414105784,-0.41499167220733857,0.8772538665421568
69_resistance,9,33.86248865857701,11.0,19.403969491960183,59.85978948310737,-161.02355246652337,-194.81118995345886,1,12.510197206751602,1.9955248555249514,0.3605836639304004,2.273177309239799,-2.2672172106681896,0.1645028841469036,175.8500522232442,0.5728408066311645,-0.5728363028239912,-0.0022715432604122144,0.9690015237971682,-0.96830803098498,0.036653925454518274,0.6341875090240363,-0.724386480929491,0.5331961941611071,1.012415412790278,9.8323549619291,55,4,0.0008979140765299074,0.4306331389502638,172.1149004313532,0.463999923805995,0.5642110332752974,-0.682912864601665,0.803134075453405,0.05731405429276996,0.5930352063968294
69_resistance,10,34.86248865857701,12.0,18.403969491960183,60.213321537664086,-160.49362025094234,-195.58188194338425,1,6.6393681117073635,1.453745682012456,0.0417881128752305,1.228965522164926,-1.225859024897927,0.08732643211773357,175.92530794287362,0.2242845626084373,-0.22221186900133258,0.03042121462717486,0.5299381471378776,-0.5277828163838613,0.04774660743808137,0.6176879468839228,-0.3967094564551992,0.39107893528644583,0.8219389816724516,9.876913501800832,0,1,0.0,0.04645436067920423,160.04505322725606,0.36648127434067057,0.5275439502258132,-0.766412980146985,0.8569598614589997,0.1294271336504917,0.49886712952768286
69_resistance,11,35.86248865857701,13.0,17.403969491960183,60.61281285923879,-159.9713164048484,-196.33511123656425,1,5.382028896919488,1.3088747096709887,0.0513513209558966,0.15533296858836743,-0.10557373463621117,-0.1139408516969994,-132.81714492613443,0.054719151208495326,-0.013605403915096695,-0.05300074049751802,0.09465567115998287,-0.052491616153679914,-0.07876754608543762,0.6167832580089108,-0.11258228559004937,0.15435646306312553,0.639561145231807,9.928562050877693,0,1,0.0,0.05277773931211842,-88.72855572554317,0.4035832249742396,0.5305064655898639,-0.7454417955056871,0.8403950082084644,0.10718361115070256,0.5312700854358263
69_resistance,12,36.86248865857701,14.0,16.403969491960183,60.987516639397434,-159.41292590748577,-197.0735783373704,1,4.9565741264540035,1.2560758520300817,0.04509867655229525,0.48838338587563107,0.45613061002549293,-0.174537096908128,-20.939209249099488,0.3508821156378043,0.31638654088981305,-0.15171623452432548,0.4143911625423422,0.3812798518171022,-0.16231361677789855,0.6176553989436525,-0.04738755801647973,0.07125488289220466,0.6151534574476593,9.937131501325258,0,1,0.0,0.0886901809879192,-37.50090798397089,0.3279524451581562,0.6134790389161869,-0.7183945034069081,0.8553524988022658,0.12998253282668107,0.5014744698912207
69_resistance,13,37.86248865857701,15.0,15.403969491960183,61.331067225744945,-158.75746073990075,-197.7405730653941,1,4.06463353348418,1.1374590267003766,0.03248686492674713,0.5072219937671315,0.49097057066286043,-0.12736581057760013,-14.542890395300374,0.4394135992677222,0.4227589305082178,-0.11982987063734274,0.47214027912888207,0.455709928304358,-0.1234702572311876,0.6184577574934588,-0.021674876213071348,0.033859976935667724,0.6892241118061702,9.922725373466497,0,1,0.0,0.1328368308728709,8.136343878850148,0.4774132746593129,0.6268620456903807,-0.6157276515245541,0.7855568403148868,0.009453560564676028,0.6187172866723069
69_resistance,14,38.86248865857701,16.0,14.403969491960183,61.910190412161846,-158.187494412628,-198.3207303236192,1,3.377480626524765,1.0368632859818385,0.13528135233941177,0.28504256390951427,0.28268601068255506,-0.036577077582714605,-7.372606585830584,0.28504256390951427,0.28268601068255506,-0.036577077582714605,0.28504256390951427,0.28268601068255506,-0.036577077582714605,0.6179035291440259,0.0,-0.0,0.6347947370515469,9.923990615167583,0,1,0.0,0.02750470184698378,-150.83032285785725,0.5552717038592625,0.5944396704670889,-0.5816483586052748,0.7425920488950887,-0.03946889291338298,0.6685800291737605
69_resistance,15,39.86248865857701,17.0,13.403969491960183,62.389391176241695,-157.55207724768167,-198.92346524650384,1,2.693979781930645,0.9260239725664647,0.1402390085958695,0.15098264316552704,0.14598090593733745,-0.03854002645254795,-14.789069217034408,0.15098264316552704,0.14598090593733745,-0.03854002645254795,0.15098264316552704,0.14598090593733745,-0.03854002645254795,0.6182814766591747,0.0,-0.0,0.546723467793239,9.918668448787828,0,1,0.0,0.1332168169985881,-174.8628953994607,0.4280664216038996,0.6463977829612404,-0.6316083001972231,0.806020866264132,0.043039567434876656,0.5903202171549243
69_resistance,16,40.86248865857701,18.0,12.403969491960183,62.76685982530486,-156.90608960435765,-199.58503730200425,1,3.298248216016702,1.0246292081754096,0.21193181825279006,0.10838500945884841,0.0942042606588709,0.053599137578044784,29.638457977625407,0.10838479547827486,0.0942041704854337,0.05359886336498948,0.1083849024685029,0.09420421557213393,0.053599000471518186,0.617594453389333,-7.771905735309155e-08,1.258415569412669e-07,0.44127551005202026,9.916650876474675,0,1,0.0,0.20910683288242726,118.83653763003903,0.3318620611923972,0.6015399333768493,-0.7266479759100064,0.856527511375857,0.130610078934842,0.49930114113319995
69_resistance,17,41.86248865857701,19.0,11.403969491960183,63.10573306392217,-156.45204392548092,-200.3955773894961,1,3.816521464264131,1.1021962225066413,0.20754257134184537,0.18066099665281984,0.17927613795121794,0.02232626419457715,7.098816927283069,0.18066099665281984,0.17927613795121794,0.02232626419457715,0.18066099665281984,0.17927613795121794,0.02232626419457715,0.6180228035315602,0.0,-0.0,0.367098246655834,9.919445606962425,111,2,0.0022763330344209146,0.19179779858182988,98.13250638755466,0.3847824104042795,0.30356404490473526,-0.8716601214260914,0.8787384109733661,0.16847688619839402,0.4465807249500327
69_resistance,18,42.86248865857701,20.0,10.403969491960183,63.509192792056446,-156.20739549869006,-201.2768608061089,1,4.511627613269327,1.198372092500241,0.15243477934007796,0.19968908987517206,0.18049715327028223,-0.08541961294983022,-25.325680843664014,0.19968908987517206,0.18049715327028223,-0.08541961294983022,0.19968908987517206,0.18049715327028223,-0.08541961294983022,0.6174972265080625,0.0,-0.0,0.33930677362897,9.917438169385655,0,1,0.0,0.06057851222497647,34.828314719017165,0.4124462080168622,0.25286554545537715,-0.8751840614488279,0.872876546752158,0.16525391344823512,0.4591053018862569
69_resistance,19,43.86248865857701,21.0,9.403969491960183,63.94994869016504,-155.94235855736605,-202.13361298012717,1,4.673355950488568,1.2196620026451412,0.0800737824209578,0.19520377349702975,0.17080439472452102,-0.09450064513149997,-28.954361744207446,0.19520377349702975,0.17080439472452102,-0.09450064513149997,0.19520377349702975,0.17080439472452102,-0.09450064513149997,0.6174292371284461,0.0,-0.0,0.3200145843501795,9.916438303025673,0,1,0.0,0.08217829211237467,31.236827713720338,0.48878533446442923,0.2535163894270808,-0.8347564537662184,0.8346364201870909,0.14259837216412016,0.532022321292463
69_resistance,20,44.86248865857701,22.0,8.403969491960183,64.48153784497974,-155.7261631436764,-202.95199793159958,1,3.257191448886417,1.018231918265113,0.13175117363664773,0.13476924280736302,0.10934200335048154,-0.0787849929248791,-35.77415709885664,0.13476924280736302,0.10934200335048154,-0.0787849929248791,0.13476924280736302,0.10934200335048154,-0.0787849929248791,0.6177139625586606,0.0,-0.0,0.3563970074625552,9.902166547584974,0,1,0.0,0.03804836385738014,27.137010594537383,0.5511792121383872,0.19125499586659928,-0.8121717814985779,0.8059493606162764,0.12992302370663913,0.5775514141902341
69_resistance,21,45.86248865857701,23.0,7.403969491960183,65.03510408325799,-155.52384963516488,-203.75959711084346,1,2.8061964200803367,0.945113783142079,0.18026465709088932,0.04284631938191284,0.026827785418792265,-0.03340773883548718,-51.2341060099637,0.04284631938191284,0.026827785418792265,-0.03340773883548718,0.04284631938191284,0.026827785418792265,-0.03340773883548718,0.6194560126006842,0.0,-0.0,0.3892573103365129,9.880659904802124,0,1,0.0,0.0473738967540287,-62.56045125863191,0.5527122034618892,0.22918851655995529,-0.8012376950826454,0.7990370926324638,0.12738784279974572,0.5876325910841628
69_resistance,22,46.86248865857701,24.0,6.403969491960183,65.58792430330514,-155.2678973798158,-204.5524278199902,1,2.889930575579268,0.9591107718046405,0.22246716026455796,0.05366405531940996,-0.04273887912060922,-0.032453336420754125,-142.78914717543822,0.05366405531940996,-0.04273887912060922,-0.032453336420754125,0.05366405531940996,-0.04273887912060922,-0.032453336420754125,0.6193258771638965,0.0,-0.0,0.39305413160781905,9.87164860182129,0,1,0.0,0.08256468843335339,-28.631039095211587,0.5657198679770906,0.27778127941629865,-0.7764010508634229,0.7817036590619656,0.11905792204689812,0.6121802027238459
69_resistance,23,47.86248865857701,25.0,5.403969491960183,66.18846414808856,-154.9683267859554,-205.29262900831304,1,2.931174339824898,0.9659305205316326,0.14606532895690827,0.05609157698259483,0.003700296083509741,-0.05596939178951943,-86.217517196081,0.05609157698259483,0.003700296083509741,-0.05596939178951943,0.05609157698259483,0.003700296083509741,-0.05596939178951943,0.6190719157991672,0.0,-0.0,0.40255688039243076,9.860959421496696,0,1,0.0,0.03916522918910554,-1.7669774532662958,0.642157065687664,0.3203546507330444,-0.6964245836708512,0.7128163874616038,0.08467238506565071,0.6962207875189327
69_resistance,24,48.86248865857701,26.0,4.403969491960183,66.84019227244328,-154.6475319515667,-205.97920735077673,1,3.4779843670221187,1.052177175201883,0.20632093404067656,0.051849920008809516,-0.023934901706546816,0.04599494195254396,117.49161993213255,0.051849920008809516,-0.023934901706546816,0.04599494195254396,0.051849920008809516,-0.023934901706546816,0.04599494195254396,0.6187665180987868,0.0,-0.0,0.39283924687908134,9.860435507387919,0,1,0.0,0.09437156674310494,131.48112933698155,0.6246633681835528,0.2885930671889945,-0.7256098938272738,0.735415026429155,0.09506723941480119,0.6709150161475403
69_resistance,25,49.86248865857701,27.0,3.403969491960183,67.432140072254,-154.41589265792751,-206.74874234456934,1,3.578172714690749,1.067224320168519,0.2658388376769011,0.06600213978898702,-0.050318629312687456,0.0427120357840426,139.67435503922465,0.06600213978898702,-0.050318629312687456,0.0427120357840426,0.06600213978898702,-0.050318629312687456,0.0427120357840426,0.6183439526947634,0.0,-0.0,0.38120553225063847,9.85837269876373,0,1,0.0,0.0746836058472533,100.851658211942,0.5816208617124908,0.17110702302854613,-0.7952606867506581,0.7893389651386749,0.11759274326787242,0.6025910261898547
69_resistance,26,50.86248865857701,28.0,2.403969491960183,68.02667970834976,-154.2866018850112,-207.54157569783513,1,3.4330227777232234,1.0453540499005303,0.2429033255497977,0.06088001631087565,-0.03459444075315866,-0.05009591854621172,-124.62756401996337,0.06088001631087565,-0.03459444075315866,-0.05009591854621172,0.06088001631087565,-0.03459444075315866,-0.05009591854621172,0.6186993876405135,0.0,-0.0,0.37887617589147493,9.852751998419802,1,1,0.0,0.08102079221839056,5.787761215890854,0.6357989367293261,0.14310703652433773,-0.7584722065778551,0.7513422703800159,0.11028912114419429,0.6506313107263163
69_resistance,27,51.86248865857701,29.0,1.4039694919601828,68.7082059089539,-154.09506085032447,-208.24638960681844,1,3.8421014695314177,1.105883755859141,0.13752642644689056,0.09868380031389846,-0.05221925189981235,-0.08373554905425372,-121.94853367302504,0.09868380031389846,-0.05221925189981235,-0.08373554905425372,0.09868380031389846,-0.05221925189981235,-0.08373554905425372,0.6183805035186197,0.0,-0.0,0.37054872251524845,9.849758485431355,0,1,0.0,0.12167952231930829,71.5467253997566,0.7039643018288715,0.1724388079301725,-0.6889841212032469,0.6849183663759691,0.09187375323917434,0.7228042922303526
69_resistance,28,52.86248865857701,30.0,0.40396949196018284,69.416148648179,-154.04188488624607,-208.94440936068887,1,3.837305088111642,1.1051932617643385,0.03795315635724329,0.07843509804559423,-0.04317340083160076,-0.0654837542147357,-123.39684134018432,0.07843509804559423,-0.04317340083160076,-0.0654837542147357,0.07843509804559423,-0.04317340083160076,-0.0654837542147357,0.6182715892386001,0.0,-0.0,0.35470281235874546,9.84787464604297,0,1,0.0,0.22573723342703855,94.46334860373419,0.712948831038343,-0.08086550235975438,-0.6965376765467645,0.701167031133862,0.093959202432569,0.7067789348368848
69_resistance,29,53.26645815053719,30.403969491960183,0.0,69.703125,-154.1027374267578,-209.22213745117188,1,3.460302923755176,1.0494992281187958,0.07138250333373551,0.08650770140146832,-0.04559381192345093,-0.07351725454649807,-121.80629485266348,0.08650770140146832,-0.04559381192345093,-0.07351725454649807,0.08650770140146832,-0.04559381192345093,-0.07351725454649807,0.6187090993648957,0.0,-0.0,0.3585252846151914,9.843317864003547,0,1,0.0,0.22763510224915803,93.09153237696545,0.7106814127911691,-0.14583460481894284,-0.6882326623682217,0.7024671159522775,0.09375217580542691,0.7055143375846008
