case,mode,probe_id,kind,tree_node,s_mm,s_from_lesion_mm,x_mm,y_mm,z_mm,resolved,time,section_ok,section_area_mm2,r_eq_mm,centroid_offset_over_req,p_mean_Pa,p_over_Paorta,Q_through_mls,Q_abs_mls,Re_section
69,resistance,inlet,inlet,0,0.0,-19.968439226816404,37.39062500000001,-178.046875,-180.04998779296875,1,3000.0,1,14.327975343303631,2.1355880222484718,0.034069314611238896,11925.567083313656,0.9938817368904403,2.8869541220690214,2.8869541220690214,228.0596234260719
69,resistance,p000,grid,38,0.0,-19.968439226816404,39.84314727783203,-177.0083465576172,-179.56057739257812,1,3000.0,1,22.23692354695337,2.6604948042250305,0.4467088941555187,11924.077275378324,0.9937575756754594,2.882494991201753,2.9045820834759346,182.7814604608039
69,resistance,p001,grid,50,5.0,-14.968439226816402,43.921875,-174.68797302246094,-181.72213745117188,1,3000.0,1,7.452183759902679,1.5401635511968574,0.14812398907948196,11911.594069358327,0.9927172200769004,1.2428213746632633,1.2428213746632633,136.13439618439529
69,resistance,p002,lesion_prox,58,9.968439226816404,-10.0,46.671875,-172.55410766601562,-184.8789520263672,1,3000.0,1,7.244993706203801,1.5186023580990553,0.06631337000001575,11891.248023514738,0.9910215721265256,1.2409846984616937,1.2409846984616937,137.86319959844465
69,resistance,p003,grid,66,15.0,-4.968439226816404,49.421112060546875,-170.60195922851562,-188.36842346191406,1,3000.0,1,4.161526852389867,1.1509366354126571,0.1284968800886036,11832.504739447799,0.9861258823206472,1.2417745796303818,1.2417745796303818,182.0192614097876
69,resistance,p004,throat,76,19.968439226816404,0.0,52.20934295654297,-167.73361206054688,-191.54998779296875,1,3000.0,1,1.0325150439174755,0.573288536526262,0.09043110304881326,10463.647285933352,0.8720447309632445,1.2420541103478908,1.2420541103478908,365.5049438003942
69,resistance,p005,grid,86,25.0,5.031560773183598,55.265625,-164.640625,-193.59507751464844,1,3000.0,1,4.197958592223693,1.155963546871176,0.06759885104699165,10432.144290913997,0.8694192582131145,1.2420654932460085,1.370973601624021,181.2701752012651
69,resistance,p006,bif_prox,92,27.751814596927314,7.783375370110909,57.328125,-162.921875,-194.22096252441406,1,3000.0,1,6.7240022517334594,1.4629820202069572,0.09319169172329433,10431.549600760816,0.8693696964876029,1.2418863076049729,1.4912559965500518,143.20851684878795
69,resistance,p007,lesion_dist,97,29.968439226816404,10.000000000000002,59.03883361816406,-161.63427734375,-194.5499267578125,1,3000.0,1,8.82842719451382,1.6763578542386397,0.08537961500543369,10432.460901886101,0.8694456447036416,1.2422807091562145,1.7094405833184103,125.01985896042278
69,resistance,p008,bif_dist,520,33.503296576771895,13.534857349955493,60.72743606567383,-159.82812500000003,-196.53945922851562,1,3000.0,1,5.253051173140262,1.2930963309204404,0.05766867078251093,10531.003022738101,0.8776581861739999,0.6169674873438705,0.7634463679743694,80.49286690338087
69,resistance,p009,grid,523,35.0,15.0315607731836,61.26443099975587,-158.83509826660156,-197.664306640625,1,3000.0,1,4.165409769987264,1.1514734516233953,0.02830751902735277,10517.012165736522,0.8764921823135402,0.6182341028352344,0.6837078490347246,90.57847935132041
69,resistance,p010,grid,534,40.0,20.031560773183596,63.634025573730476,-156.1269989013672,-201.550048828125,1,3000.0,1,4.78847828811053,1.2345930418085207,0.1212090081562362,10512.631834471485,0.8761271236781365,0.6174139389283195,0.6174139389283195,84.3681647359318
69,resistance,p011,grid,542,45.0,25.031560773183596,66.265625,-154.92979431152344,-205.3789520263672,1,3000.0,1,2.9944946921821574,0.9763079763304547,0.14184925100057955,10452.354116851968,0.8711035535397149,0.619302098354998,0.619302098354998,107.01427435459213
69,resistance,p012,measurement,552,50.37240871877656,30.403969491960154,69.703125,-154.1027374267578,-209.22213745117188,1,3000.0,1,3.4391966060644346,1.0462935917991898,0.08153765032540557,10434.324147665666,0.8696009283843849,0.6185724325176115,0.6185724325176115,99.73853680384346
69,resistance,p013,grid,560,55.0,35.0315607731836,72.11660766601562,-154.671875,-213.04887390136722,1,3000.0,1,2.4758123158950123,0.88773618631042,0.14050424532216974,10358.6007175291,0.8632901061197785,0.6189774226894222,0.6189774226894222,117.62967093445329
69,resistance,p014,grid,569,60.0,40.03156077318359,75.203125,-155.966796875,-216.60552978515628,1,3000.0,1,1.9441307475476484,0.7866613229200351,0.25233342664633374,10258.764865491525,0.8549697445525807,0.6211443391855439,0.6211443391855439,133.20812962209894
69,resistance,p015,grid,577,65.0,45.0315607731836,77.953125,-157.7729034423828,-220.0511016845703,1,3000.0,1,2.2601568151917517,0.8481923476436258,0.2404988830966555,10193.51932007119,0.8495321535723195,0.6194169741345741,0.6194169741345741,123.20114647928936
69,resistance,p016,grid,585,70.0,50.0315607731836,80.6648941040039,-160.515625,-223.82215881347656,1,3000.0,1,2.2229681477346874,0.841185317332406,0.3389676810302163,10092.793719745854,0.8411376400115556,0.619118957157527,0.619118957157527,124.16763676803086
69,resistance,out_282,outlet,282,,,71.078125,-244.046875,-225.04998779296875,0,3000.0,1,2.1037892322753327,0.8183256754375031,0.3557078483269066,10389.517305720998,0.865866707480219,0.8900696068562438,0.8900703577432377,183.4948123855132
69,resistance,out_369,outlet,369,,,80.359375,-194.62542724609375,-192.26617431640625,0,3000.0,1,1.041449381074197,0.5757635225992586,0.26576468830136474,10447.768325829846,0.8707213718024237,0.7510028091277279,0.7510028091277279,220.05103299618943
69,resistance,out_486,outlet,486,,,89.06352233886719,-173.578125,-210.83653259277344,0,3000.0,1,0.8045402259463975,0.5060564274379676,0.13157717235011843,9163.377860743003,0.7636797345060167,0.6242550890978893,0.6242550890978893,208.10817620515667
69,resistance,out_657,outlet,657,,,96.05423736572266,-184.921875,-230.78721618652347,0,3000.0,1,0.9025787342623687,0.5360034833608495,0.1974700321462128,8864.42497979202,0.7387648766638515,0.6178288656409575,0.6178288656409575,194.45834264950784
