case,stage,symptom,what_was_ruled_out,final_cause,resolved,source,cohort_label
StageA generator (all cases),geometry,"[PRE-RUN AUDIT FINDING, never run] make_stageA_geometry.py wall triangles wound inward (cap triangles outward); the existing watertight/manifold check passed because it does not test orientation",n/a (two of three auditors generated the STL and confirmed with surfaceCheck / numerically),reversed vertex order in the two wall-triangle calls of write_stl(); fixed; report states normals confirmed outward on 100% of wall facets,yes,references/SETUP-AUDIT-SYNTHESIS-2026-09-18.md blocker 1; drafts/stageA_validation/STAGE-A-VALIDATION.tex Scope and common setup,"n/a (synthetic geometry, no patient scan)"
"sten00 (A3), all Stage A cases",bc,"[PREDICTED PRE-RUN, NOT OBSERVED] fixed relax 0.2-0.3 for the coded resistance BC linearises to loop gain G=R_out/R_vessel about 12-14 on sten00 (stable only for relax < about 0.13-0.15): sign-flipping divergence from iteration 1","n/a (three auditors derived it independently; sten70/sten80 stable in that range, sten50 marginal)","one fixed relaxation constant for all cases; replaced by per-case relax (sten00 0.05, sten80 0.25, sten70 0.20); sten00 then converged with a smooth damped overshoot",yes,references/SETUP-AUDIT-SYNTHESIS-2026-09-18.md blocker 2; drafts/stageA_validation/STAGE-A-VALIDATION.tex A3 sten00 verdict,"n/a (synthetic geometry, no patient scan)"
StageA expected_0D.csv (A3/A4),postprocessing,"[PRE-RUN AUDIT FINDING] p_outlet_Pa of expected_0D.csv sampled at the x=95 mm probe plane but the resistance BC patch is at x=100 mm (about 54-116 Pa, about 1%, viscous drop) so a correct run would report a false A3/A4 failure",n/a,wrong sampling location in the reference CSV; added a separate p_outletPatch_Pa column used for A3/A4,yes,references/SETUP-AUDIT-SYNTHESIS-2026-09-18.md blocker 3,"n/a (synthetic geometry, no patient scan)"
CFD-ARM-SPEC.md section 8,process,[PRE-RUN AUDIT FINDING] spec quoted stale FFR references 0.919/0.693/0.427 (sten50/70/80) against the current 0.946/0.754/0.485 in expected_0D.csv,n/a,left over from the superseded v0.1 leaky-bed spec; section 8 to point at expected_0D.csv as single source of truth,yes,references/SETUP-AUDIT-SYNTHESIS-2026-09-18.md blocker 4,"n/a (synthetic geometry, no patient scan)"
StageA caseTemplate,solve,no case skeleton (fvSchemes/fvSolution/controlDict) was provided; later a real run aborted/was corrected because fvSchemes lacked the entry div((nuEff*dev2(T(grad(U))))),source review alone had missed the missing scheme entry (found only by a real run); exact solver error text is not recorded in the report,incomplete fvSchemes in the case template; template corrected mid-session,yes,references/SETUP-AUDIT-SYNTHESIS-2026-09-18.md blocker 5; drafts/stageA_validation/STAGE-A-VALIDATION.tex Scope and common setup (line 80-81),"n/a (synthetic geometry, no patient scan)"
A4 sten70 round trip,bc,"[PREDICTED PRE-RUN, NOT OBSERVED] flowRateInletVelocity with negative rate imposes a plug profile at the outlet while arriving flow is parabolic: biases the derived R by about 0.5-1.2%, above A4's 0.5% tolerance",n/a (Fable + Gemini; Codex flagged the same mechanism),profile mismatch of the prescribed-flow BC; flowRateOutletVelocity (scales the existing profile) used; round-trip error then -0.0120%,yes,references/SETUP-AUDIT-SYNTHESIS-2026-09-18.md convergent findings; drafts/stageA_validation/STAGE-A-VALIDATION.tex A4 (round-trip error -0.0120%),"n/a (synthetic geometry, no patient scan)"
sten80 (A2/A3),solve,"residuals plateau (Ux~1.5e-3, Uy~0.072, Uz~0.054, p~6e-3 vs 1e-5 spec) and a persistent 0.1-0.13% outlet-flux band, period about 150-160 iterations, over the last 500 of 2000 iterations; 1,086,920 cells, about 6 cells across the throat core (spec >=12); flagged pass on the A3 numeric criterion (0.0024%)",Reynolds number alone (sten70 has similar or higher throat Re and converged to 1e-7..1e-9 under the same pipeline); jet-centroid asymmetry check was uninformative (SIMPLE has no symmetry-breaking seed); pimpleFoam diagnostic never run,"not established (numerical SIMPLE stall vs slow near-threshold physical instability; both reachable auditors later called either plausible; hypothesis: throat under-resolved + unlimited linearUpwind at refinement transitions, untested). Effect on the reported FFR bounded (band 0.001284 vs A5 tolerance 0.005)",no,"drafts/stageA_validation/STAGE-A-VALIDATION.tex sten80 section, pimpleFoam section (Decision: stop here)","n/a (synthetic geometry, no patient scan)"
sten80 A5 medium/fine,solve,"same persistent fluctuation as A3 sten80 at 547,444 cells (band 0.000426) and 1,086,920 cells (band 0.001284) while the coarsest level (282,480 cells) converged cleanly to 1e-5; band grows with resolution",not tested beyond the tabulated ladder,not established (numerical stall vs mesh-resolved physical feature damped by coarse-mesh diffusion),no,drafts/stageA_validation/STAGE-A-VALIDATION.tex A5 section table and bullet on sten80,"n/a (synthetic geometry, no patient scan)"
sten80 pimpleFoam diagnostic (not run),solve,"[PREDICTED PRE-RUN, NOT OBSERVED] setup would have aborted on step 1: p.prevIter() FatalError (p not under relaxationFactors; solution.C relaxField) and missing UFinal solver entry (FatalIOError)","both confirmed by re-reading the installed v2406 source, not by a run","draft fvSolution; fixed by dropping relaxation state (operator==(pTarget)), adding (U|UFinal), nOuterCorrectors 1; 16-core smoke test then ran cleanly (dt 4.51e-6 s)",yes,"drafts/stageA_validation/STAGE-A-VALIDATION.tex pimpleFoam section, Pre-run review","n/a (synthetic geometry, no patient scan)"
sten80 pimpleFoam diagnostic (not run),solve,"measured cost about 317,850 wall s per simulated second on 16 cores (1.09 M cells): 0.3 s about 26.5 h, 0.5 s about 44 h; diagnostic stopped after the smoke test and never run",auditors retracted their '0.3 s is enough' framing (near-threshold growth e-folding 0.6-3 s); cheaper variants (Fable seeded m=1 4-5 h; Astra staged coarsening 8.3 h) judged not worth the cost; Gemini unreachable (7 agy retries),cost of a time-accurate run at 50-100 um cells vs available hardware; operator decision to accept the flagged SIMPLE result,no,drafts/stageA_validation/STAGE-A-VALIDATION.tex pimpleFoam section (measured cost; Decision),"n/a (synthetic geometry, no patient scan)"
A5 sten70 coarse-medium-fine and Item 2 level4,solve,"non-monotone ladder FFR 0.783960 / 0.783200 / 0.787932 / 0.792712 (198k/379k/760k/1.887M cells); successive differences +0.004732 and +0.004780 do not shrink; Celik p=0.97, GCI 2.21%, U_FFR 0.0175 (3.5x the 0.005 tolerance); Eca-Hoekstra 4-point fit degenerate (p about 0.0005)","an early ~30-iteration swing in the level4 solve was a decaying transient (settled: last-100 mean 0.792712, band +-0.0003), not a persistent oscillation","not established; most plausible contributor named in the design and untested: boundary-layer stack (nLayers 4, ratio 1.2) held constant across levels, so the sequence is not a single-parameter h-refinement family. A5 sten70 'marginal PASS' (94.6% of budget) is NOT a demonstrated convergence; work order 2026-09-24 section 8: report 'NOT ESTABLISHED'",no,drafts/stageA_validation/STAGE-A-VALIDATION.tex Item 2 (GCI NOT TRUSTWORTHY) and A5 section; WORK-ORDER-2026-09-24.md section 8,"n/a (synthetic geometry, no patient scan)"
A5 sten70 fine,process,console log stopped updating after iteration about 583 of 3000 with a clean exit code and no error; time directories existed to 3000 and t=2750 and t=3000 fields are identical,"OOM killer (no evidence), stop file (none), low memory (sufficient throughout); data checked by an independent pyvista read",not established (visible log stopped reflecting a solve that had converged by about 580 and ran on unchanged; the data are valid),partly,drafts/stageA_validation/STAGE-A-VALIDATION.tex A5 section 'One data-integrity incident',"n/a (synthetic geometry, no patient scan)"
A5 sten70 fine,process,attempted resume restarted from t=0 (controlDict startFrom startTime; startTime 0),n/a (caught within seconds by checking the resumed run's reported start time),startFrom startTime does not resume; fixed with startFrom latestTime,yes,drafts/stageA_validation/STAGE-A-VALIDATION.tex A5 section 'One data-integrity incident',"n/a (synthetic geometry, no patient scan)"
A5 sten80 medium,process,an earlier serial run kept running after a pkill and briefly wrote to the same log as its parallel replacement (one malformed log line),n/a,pkill pattern on a bash wrapper's command line does not forward the signal to a detached grandchild; fixed by killing the full process tree and verifying no stray process,yes,drafts/stageA_validation/STAGE-A-VALIDATION.tex A5 section (last paragraph),"n/a (synthetic geometry, no patient scan)"
Item 1 branched tree (original design),geometry,"[PRE-RUN AUDIT FINDING, never solved] side branch B on branch A's own centreline for 15 mm: 3D would reconstruct as one fused lumen while the 0D twin models two parallel vessels (single fused contour to x about 53 mm)",n/a (two of three reviewers found it by slicing the generated surface and counting contours),"geometry design error; B now leaves at a genuine 60 deg, clearance >= 0.3 mm checked (A-B 2.18 mm, B1-B2 1.34 mm), contour topology 1-2-3 verified",yes,drafts/stageA_validation/STAGE-A-VALIDATION.tex Panel audit and Item 1,"n/a (synthetic geometry, no patient scan)"
Item 1 branched tree,geometry,voxel-grid sizing: anisotropic spacing from one target resolution on a non-cubic domain,n/a,per-axis dimensions not recomputed; fixed,yes,"drafts/stageA_validation/STAGE-A-VALIDATION.tex Item 1 (own bug, line 682-685)","n/a (synthetic geometry, no patient scan)"
Item 1 branched tree (0D reference),bc,diseased branch's taper re-fit silently shifted all three outlet resistances by about 1.2% although only branch A is diseased,n/a,"Tree.evaluate refit r_fit; fixed with r_override and frozen physiology (r_ref, leaf weights, C unchanged)",yes,drafts/stageA_validation/STAGE-A-VALIDATION.tex Item 1,"n/a (synthetic geometry, no patient scan)"
Item 1 branched tree,bc,"[PREDICTED PRE-RUN, NOT OBSERVED] hand relax 0.05/0.2 and a proposed automatic rule would diverge (true stability limit about 0.006-0.02)",n/a (Fable's hand derivation 0.0058/0.0067/0.0073 matched),"hand values sized on single-outlet Stage A cases; relax now from G=R/R_own: A 0.0058, B1 0.0064, B2 0.0070; all four Item 1 solves converged",yes,drafts/stageA_validation/STAGE-A-VALIDATION.tex Panel audit and Item 1,"n/a (synthetic geometry, no patient scan)"
Items 2-6 (original designs),process,"[PRE-RUN AUDIT FINDINGS, never run] Item 2 GCI formulas numbered backwards and normalised by the wrong grid; Item 3 mixed two surface sources and read a non-existent centreline radius array; Item 4 literal R in coded BC risked dynamicCode recompilation race under mpirun; Item 5 once-per-step capacitor update could freeze on a stale PIMPLE flux; Item 6 reused p.prevIter() known to misbehave under pimpleFoam",n/a,"design defects, all fixed before running",yes,drafts/stageA_validation/STAGE-A-VALIDATION.tex Panel audit,PILOT_OUT_OF_COHORT (the Item 3 part; the other items are synthetic geometry)
Item 3 scan 828 -> 837 selection,process,report says 828-left fails the discrete-bed >=0.90 gate (0.845) and 837 clears it (0.9813); E0_prevalence_test.csv healthy_main_ffr is a leaky-bed column,n/a,"manuscript CONTRADICTED by work order section 8: 0.845/0.9813 are the discrete-bed min-FFR on the network as segmented (min_ffr_main), not the healthy-network gate; under the real gate 828-left is 0.9127 and passes, but was a poor clean-baseline pilot (5 native lesions, max 44.6% DS). Independent recompute by the CFD-side reviewer; not re-derived here",partly,drafts/stageA_validation/STAGE-A-VALIDATION.tex Item 3 (first paragraph); WORK-ORDER-2026-09-24.md section 8 item 8,PILOT_OUT_OF_COHORT
Item 3 surface repair,geometry,pymeshfix MeshFix.repair() default silently capped every open boundary (6 intentional openings -> 0),n/a,undocumented upstream default; use degeneracy_removal()/intersection_removal(),yes,drafts/stageA_validation/STAGE-A-VALIDATION.tex Item 3 (second finding),PILOT_OUT_OF_COHORT
Item 3 baseline and missed-branch (old surfaces),meshing,"cartesianMesh (cfMesh) merged 1-2 outlet patches into wall (0 faces in checkMesh), varying by configuration, across 5+ configurations (localRefinement, finer global size, objectRefinements, extension 10-20 mm)","cap planarity, facet-normal orientation, boundary proximity, inter-branch clearance, MPI decomposition (serial = parallel byte-identical), nCellsBetweenLevels 3 vs 8, local level-5 refinement (12 -> 6 disconnected regions but branch not recovered), physical pinch by radius sampling every 5% arc (smooth ~0.65 mm)","vmtksurfaceremeshing coarsened the surface (median edge 0.32 -> 0.75 mm, max 2.3 mm) on vessels about 1.2 mm across: chords cut the lumen; LAD pinch area 1.7 -> 0.085 mm2 (about 95%); mesher flood-fill correctly refused to pass. Confirmed on cfMesh by workflowControls stopAfter templateGeneration. Fix: rebuild STL from the pre-remesh surface (baseline 1,108,603 cells, missed-branch 1,017,542, all outlets present, checkMesh OK)",yes,drafts/stageA_validation/STAGE-A-VALIDATION.tex Item 3 (Resolution paragraph); memory item3-meshing-root-cause,PILOT_OUT_OF_COHORT
Item 3 baseline and missed-branch (old surfaces),meshing,"snappyHexMesh lost exactly one branch (baseline 4 of 5 outlets, LAD missing; missed-branch 3 of 4, D1 missing): domain truncation, no faces or points there, about 17 mm of a branch absent",patch mislabelling (zero points/faces found by topoSet boxToFace); a 'grid-alignment' lead (13.007 vs 13.0) was a dimensionless grid-index artefact per Astra and Gemini; grid-offset test never completed (blockMeshDict regex edit script corrupted unrelated numeric fields),same surface pinch as the cfMesh row; snappyHexMesh also recovers all outlets on the rebuilt surface but max non-orthogonality 64.9 deg (cfMesh 52.5 deg chosen),yes,drafts/stageA_validation/STAGE-A-VALIDATION.tex Item 3 (snappyHexMesh paragraph and Resolution),PILOT_OUT_OF_COHORT
Item 3 old remeshed STLs,geometry,the same remeshing also shrank lumens broadly (thousands of vertices displaced >0.2 mm from the true surface) and left 14 inconsistent-normal orientation zones and one degenerate triangle,n/a (no solve was ever run on the old surfaces; no invalid result reported),uniform remesh target size (about 0.75 mm) larger than local vessel radius; fixed by the rebuild,yes,drafts/stageA_validation/STAGE-A-VALIDATION.tex Item 3 (A further finding),PILOT_OUT_OF_COHORT
Item 3 missed-branch (D2 deleted),geometry,"deleting D2's mask voxels eroded the parent LAD radius by up to 0.24 mm (10-30%) over about 35 mm, not only at the ostium",not tested,"attributed (not verified) to ambiguous/shared voxel labelling at the bifurcation; the 2026-09-24 work-order scan-14 spec uses a 1.10 r protect radius, not tested on scan 837",no,drafts/stageA_validation/STAGE-A-VALIDATION.tex Item 3 (third finding); WORK-ORDER-2026-09-24.md Task 3,PILOT_OUT_OF_COHORT
"Item 3/4 baseline vs 0D twin (solve_baseline, solve_missedbranch)",solve,"3D per-outlet flow differs from the 0D twin by -1.7% to +3.1% (LAD highest, D1 lowest; +0.28%/+0.25% in total); pullback pressure differences +0.0015..+0.038 growing distally","20 mm extension resistance (extcomp diagnostic: total flow +1.6%, mean gap worsened +0.4% -> +2.0%, leaf pressure differences barely moved)","partly explained: 0D uses the mask EDT (inscribed) radius, the 3D area-equivalent radius is 23-44% larger; a Poiseuille re-evaluation with 3D radii predicts the direction and size (1.4-2.9x the measurement); remainder (non-circular sections, junction/curvature losses) untested",partly,drafts/stageA_validation/STAGE-A-VALIDATION.tex Item 3/4 (extcomp and radius diagnostics),PILOT_OUT_OF_COHORT
Item 3 lesion80 / baseline_ref / validated baseline,meshing,"strict checkMesh -allGeometry -allTopology fails: validated baseline 2 failed checks, lesion80 2, baseline_ref 3 (one face, volume ratio 0.0089 < 0.01, 11.7 mm from throat); clusters at IM ostium arc 16.5-18 mm (6.1-6.3 mm from throat) and LAD wall arc 34-36 mm past the D1 ostium; standard checkMesh OK",no flagged entity within a 3 mm tube around the LAD axis for arc 18.5-32 mm (nearest 6.1 mm),"local wall-cell quality at ostia, shared by lesion and reference because they share the surface there; accepted for the pilot on local evidence, not repaired",partly,drafts/stageA_validation/STAGE-A-VALIDATION.tex Item 3 case 2 (strict checkMesh table); scratchpad/item3_M1_pilot/lesion80/sens_logs/mesh_M50_rebuild.log,PILOT_OUT_OF_COHORT
Item 3 lesion80 design and cases (audit round 1-2),process,"[PRE-RUN AUDIT FINDINGS] case builders had no lesion path; wrong numbers in design text (window centre, junction location, '>100 mm from every outlet' false since IM cap is 25 mm, throat radius, Re); no self-intersection/ownership gate; 0D (EDT) and 3D (area-equivalent) radii define different severities; pullback script silently evaluated the healthy tree for any case name; WSS metric sign/units/curved-vessel masking traps; first boundary-layer numbers too low; inlet dynamic pressure 4 Pa not 12 Pa",n/a,assistant scripts and design text; all fixed and re-audited (five rounds) before launch,yes,drafts/stageA_validation/STAGE-A-VALIDATION.tex Item 3 case 2 (Pre-run audit gate),PILOT_OUT_OF_COHORT
Item 3 lesion80 launch script (run_pair.sh),process,"[FOUND BY AUDIT, before production] set -u enabled before sourcing the OpenFOAM env; dynamic-library path that does not exist in v2406; bare wait hides failed jobs (failed smoke would continue to production with endTime 2); && chains under set -e fatal only on last term; failure injection: after one smoke failed while its sibling ran, EXIT trap restored endTime 3000 into the live smoke case (runTimeModifiable) so an orphan would run 3000 iterations; SIGTERM skipped the restore",n/a (Fable 15 failure-injection scenarios; author tests with shims),"script defects; rewritten with per-job waits, separate assertions, signal trap that kills children first",yes,drafts/stageA_validation/STAGE-A-VALIDATION.tex Item 3 case 2; scratchpad/item3_M1_pilot/lesion80_audit/AUDIT_STATUS.md. Disclosure: solves launched under 1-of-3 confirmation of the last script round (Astra and Gemini quotas exhausted),PILOT_OUT_OF_COHORT
Item 3 lesion80 convergence watcher,process,[FOUND BY Astra POST-LAUNCH] stop counter not reset when a check was interrupted (a stop could follow non-consecutive converged checks); unhandled failure of the stop command would end the watcher,neither occurred: watcher log shows no interrupted check and both stops followed two consecutive converged verdicts; final state re-evaluated independently after stop,watcher defects; fixed,yes,drafts/stageA_validation/STAGE-A-VALIDATION.tex Item 3 case 2 (Disclosure paragraph),PILOT_OUT_OF_COHORT
Item 3 lesion80 mesh-sensitivity T100 (rejected),meshing,"planned coarse throat-only level (100 um only for |s-23.5| < 3 mm inside the 50 um tube, 2,567,703 cells) had 3 failed strict checks (others 2) with flagged points inside the lesion tube at the size-jump interface (162 concave-cell, 57 concave-face, 54 low-quality-tet, 10 low-volume-ratio points; nearest about 3.0 mm from the throat)",rejected by its own pre-registered gate before any solve,"size-jump interface inside the tube; the acceptance rule cannot be met by any 25 um zone inside a 50 um tube either, so the design became W100 (whole tube 100 um) + T25a + T25b",yes,"drafts/stageA_validation/STAGE-A-VALIDATION.tex Mesh-sensitivity design; scratchpad/item3_M1_pilot/lesion80/rejected/mesh_T100/ (mesh_gates.json, failed_sets_localisation.json); mesh_sensitivity_design.md",PILOT_OUT_OF_COHORT
Item 3 lesion80 mesh-sensitivity first T25b (zone 20.5-28.0 mm),meshing,"second fine mesh shared its upstream interface (20.5 mm) with T25a, so it could not test interface contamination (found in the design round-1 audit: Astra NOT READY, Fable READY WITH FIXES, Gemini READY)",never solved; polyMesh removed for disk space,"design error; replaced by T25b zone 19.0-28.0 mm (5,032,409 cells) with both interfaces moved",yes,drafts/stageA_validation/STAGE-A-VALIDATION.tex Mesh-sensitivity design; scratchpad/item3_M1_pilot/lesion80/rejected/mesh_T25b_zone20.5-28.0_superseded/README.txt,PILOT_OUT_OF_COHORT
Item 3 lesion80 mesh build (cfMesh request),meshing,"cfMesh cell-size/refinement request given in mm instead of metres (own error, fixed directly)",n/a,"unit error in my mesh request; the log of the failed build was NOT located in this pass, so symptom and case are recorded only in the session transcript",yes,session transcript 'Where I deviated from the protocol' (bulleted own-fix list); no local log found,PILOT_OUT_OF_COHORT
Item 3 sensitivity scripts (section/mesh),postprocessing,empty-slice connectivity bug in the section and mesh scripts,n/a,"empty slice not handled; fixed (my own fix, later flagged as a protocol deviation)",yes,session transcript 'Where I deviated from the protocol'; details of failing case not preserved,PILOT_OUT_OF_COHORT
Item 3 sensitivity analysis script (mesh_sensitivity.py),postprocessing,"eleven audit rounds each found input-handling defects: silent 30.0 vs 29.5 mm station (an earlier report table used 29.5 mm values labelled 30.0), missing-data windows, booleans read as numbers, duplicated/quoted headers, duplicate JSON keys, NUL bytes, pandas accepting malformed quoting, omitted output argument silently analysing default directories",labels re-derived from raw files by two independent audits (max relative difference < 1e-6),script hardening; fixed and tested (162 checks); code frozen with checksums before results,yes,drafts/stageA_validation/STAGE-A-VALIDATION.tex Mesh-sensitivity design (Audits paragraph),PILOT_OUT_OF_COHORT
Item 5 RCR verification,postprocessing,first comparison read an empty cycle-2 array,n/a (loud failure),stale 7-line serial-smoke file at the same postProcessing path; OpenFOAM suffixed the real run's file (_0) and the glob picked the stub; fixed by globbing for the largest file,yes,drafts/stageA_validation/STAGE-A-VALIDATION.tex Item 5 (Operational note),"n/a (synthetic geometry, no patient scan)"
Item 6 pulsatile cost pilot (sten60),solve,isolated pre-contention timing about 7.15 wall s/step at 8 cores; literal Co-1 full-cycle reference projected 3-6 wall-days (design kill threshold 48 h); planning estimate 10-15 h revised to 30-40 h for the Co 3-5 two-cycle campaign; the two production runs were later stopped (writeNow) during contention,n/a,cost of the run (design assumed a smaller achievable dt than Co 3-5 allows); Co-1 replaced by the pre-approved 0.2 s comparison window. Cycle-averaged FFR and dt-sensitivity were not obtained. Manuscript line 840 still says the runs 'are running' but section 'Operational incident' says they were stopped,partly,drafts/stageA_validation/STAGE-A-VALIDATION.tex Item 6 and Operational incident,"n/a (synthetic geometry, no patient scan)"
"Items 1, 2, 3+4, 5, 6 (parallel forks)",process,machine oversubscribed: load average 78 (67 at an earlier point) with 48 concurrent solver processes; wall per step about 8 s uncontended -> about 45 s contended,"coordinator's attribution was wrong on two facts: three solves attributed to Item 3+4 belonged to Item 2 (sten60, sten65, sten70 level4 launched concurrently); host has 16 physical cores, not the 32 logical threads nproc reports","no shared core budget across forks; Open MPI busy-wait amplified the slowdown to about 5x. Fix: Item 6 and Item 2 sten60/65 runs stopped with stopAt writeNow, Item 3+4 sequential; load 78 -> 33; contended timings excluded",yes,drafts/stageA_validation/STAGE-A-VALIDATION.tex Operational incident and Item 2 operational note,"n/a (process row, not tied to a scan)"
"Follow-up tooling (analyze_solve, run_set.sh, hyp_compare, e60_compare, mid_compare, run_handoff, pimple_analyse, run_pimple.sh)",process,"audit rounds 1-6 found defects: refusals mutating live cases, no concurrent-launch lock, strict analysis accepting unfinished logs, hyp_compare freshness/monitor equality, interior NaN, missing banners, mid_compare contradicting reversed stations, run_handoff spec passing tube end 68.0 against realised about 66.5 mm, pimple_analyse returning STEADY on one constant or all-NaN monitor, bare wait in run_pimple.sh","Opus 5.5 x8 fix runs and Fable 5.1 x2 (attempt 1 ended without a report, attempt 2 completed) with tests (44-65 checks); Astra round 6 still found a MAJOR residual","hyp_compare.py:182-208 finite_extent: Astra round 6 reproduced end_established=True with no downstream coverage (Gemini round 6 read the same code as FIXED: the two auditors disagree); E60 inherits the helper; stopped per protocol and mitigated manually. Transient (run_pimple.sh, pimple_analyse.py) and C runs remain unrun",partly,"scratchpad/item3_M1_pilot/hyp_audit/HYP6_ASTRA.md, HYP6_GEMINI.md, OPUS_1..8.out, FABLE_1/2.out",PILOT_OUT_OF_COHORT
"Hyperaemic design text (hyperaemia_design.md, transient_design.md)",process,"my design text stated wrong facts: resting category (ii) instead of (i); 'outlet split unchanged' (false: IM 28.18 -> 29.99%, LAD 16.84 -> 14.53%); 'usual 3-4.5' flow-reserve claim unsourced; tube ends 68 mm vs realised 66.5/58 mm; transient BC fixed-point wording; hyperaemic Re 361.63",n/a,assistant text errors found by Astra audits; corrected before use of the numbers,yes,"scratchpad/item3_M1_pilot/hyp_audit/HYP1_ASTRA.md, HYP6_ASTRA.md; transient_design.md sec 2 and 7",PILOT_OUT_OF_COHORT
"lesion_mid (isolated lesion, C) mesh",meshing,"strict checkMesh flagged ONE cluster of 4 low-quality tet-face points at arc 60.6-60.7 mm, 0.84 mm from the axis, inside the 50 um tube 12.6 mm downstream of the throat, identical in lesion and reference meshes; risk to the primary (absolute) reattachment quantity","tube start 40/41/42 mm x tube end 68/70/71 mm (4 variants built, lesion_mid/scan_*): cluster persists in every variant and other flagged entities are added","property of the local wall geometry, not of tube parameters; meshes kept as built; pre-registered PROVISIONAL rule (reattachment within 3.0 mm of 60.65 mm) and a 25 um mesh check if provisional. Case never solved",no,scratchpad/item3_M1_pilot/lesion_mid_design.md; scratchpad/item3_M1_pilot/lesion_mid/scan_*.sets.log; scratchpad/item3_M1_pilot/lesion_mid/mesh_M50/failed_sets_localisation.json,PILOT_OUT_OF_COHORT
Session process,process,pkill -f <pattern> matched my own shell command line and killed the calling shell (recorded as three occurrences),n/a,pattern present in the caller's own command line; rule now: never pkill -f such a pattern (memory note),yes,session transcript; memory/feedback_bug_escalation_protocol.md line 21. The three individual occurrences are not logged,"n/a (process row, not tied to a scan)"
Launch gate (run_set.sh),process,"free disk on / was 9.7-9.9 GB, below the launcher's 10 GB gate, so the next pair could not start; T25b polyMesh had been removed earlier for disk",n/a,accumulated solved cases and meshes in the session scratchpad; bulk directories moved (mv + symlinks) to cfd_local_only/archive/paper6_t6_cfd_2026-09_bulk_moved (README_MOVED.txt); no data deleted,yes,cfd_local_only/archive/paper6_t6_cfd_2026-09_bulk_moved/README_MOVED.txt; session record (no local log of the 9.7-9.9 GB reading),"n/a (process row, not tied to a scan)"
