case,label,scan,path,path_leaf_node,station,arc_s_mm,x_mm,y_mm,z_mm,section_ok,section_area_mm2,r_eq3D_mm,r0D_edt_mm,r0D_fit_mm,r0D_ref_mm,centroid_offset_over_req,Q_section_mls,p3D_over_Pa,p0D_over_Pa
solve_baseline,PILOT_OUT_OF_COHORT,837,LCX,245,0,0.0,32.7392578125,-160.7490234375,142.44999694824222,0,7.947388892319925,1.5905132673991367,1.1670430922825914,1.0569612954024623,1.0569612954024623,0.7650860596878125,,,1.0
solve_baseline,PILOT_OUT_OF_COHORT,837,LCX,245,1,1.5,34.068058809727425,-160.3012155115206,142.918720609706,1,8.07520148442441,1.6032518409215415,1.1670430922825914,1.1034692790034408,1.0569612954024623,0.4526399667825783,0.6626439379729637,0.997329731398388,0.9994607510318352
solve_baseline,PILOT_OUT_OF_COHORT,837,LCX,245,2,3.0,35.367418281651425,-159.74882611108885,143.401248698731,1,7.72035994223503,1.5676309816122955,1.1670430922825914,1.1499772626044191,1.0569612954024623,0.09955462794499802,0.6616204436589819,0.997145452597969,0.9990128227660464
solve_baseline,PILOT_OUT_OF_COHORT,837,LCX,245,3,4.5,36.76350579803111,-159.22245669881636,143.45007514436395,1,7.450292259143877,1.5399680779302096,1.1786295236467257,1.1964852462053972,1.0569612954024623,0.14841252265905486,0.6633613903609694,0.9969637765489161,0.998610533265377
solve_baseline,PILOT_OUT_OF_COHORT,837,LCX,245,4,6.0,38.22892526947765,-159.15440426361693,143.65681911445952,1,7.288942044721536,1.5232013368742685,1.1699780799129322,1.2429932298063753,1.0569612954024623,0.10759098395410237,0.660917833189469,0.9967790941379943,0.9981482260718093
solve_baseline,PILOT_OUT_OF_COHORT,837,LCX,245,5,7.5,39.6252556560574,-158.90512990342035,143.5533879501198,1,7.156278892461689,1.5092760912964016,1.2160553181195308,1.2895012134073536,1.0569612954024623,0.20476967338117474,0.661630160244438,0.9965577804100029,0.9977429876108215
solve_baseline,PILOT_OUT_OF_COHORT,837,LCX,245,6,9.0,41.036951474417315,-159.04052759145918,143.78282455702134,1,9.06371959522244,1.6985498381728596,1.3303095254046715,1.3360091970083319,1.0569612954024623,0.12733509274635602,0.6610838672728345,0.9965366807476315,0.9974101831727898
solve_baseline,PILOT_OUT_OF_COHORT,837,LCX,245,7,10.5,42.49515935314077,-158.9433762355085,143.9499535283479,1,9.074910996775472,1.6995981544211065,1.2457958482361446,1.38251718060931,1.0569612954024623,0.11276809023142895,0.6625465023109841,0.9965165557251455,0.9971513992427097
solve_baseline,PILOT_OUT_OF_COHORT,837,LCX,245,8,12.0,43.97257221785096,-159.15682840899572,143.94947477546648,1,9.029676881342905,1.6953570185588245,1.1745374026514355,1.4290251642102882,1.0569612954024623,0.09996503572295012,0.6607419032773058,0.9964229901621626,0.9966788602879896
solve_baseline,PILOT_OUT_OF_COHORT,837,LCX,245,9,13.5,45.39810823570548,-159.46720945546497,143.80769854461394,1,11.9082939314492,1.946927755712245,1.5144771425090182,1.4755331478112663,1.0569612954024623,0.06737556079468586,0.6618301624708042,0.9963985321039467,0.9964530502055394
solve_baseline,PILOT_OUT_OF_COHORT,837,LCX,245,10,15.0,46.69998797507447,-160.10290494229037,143.77301052270292,0,31.753784860467505,3.179236330447925,1.6900559973400615,1.5220411314122446,1.0569612954024623,0.7055493250626675,,,0.9963067073762523
solve_baseline,PILOT_OUT_OF_COHORT,837,LCX,245,11,16.5,47.58224470088138,-159.91384904911862,142.6383120192506,1,12.424937804903383,1.988713287158175,1.6403262898939963,1.6684750318527222,1.2155054897128317,0.13070723076914478,0.30717981182372966,0.9964427982937208,0.9962638172098827
solve_baseline,PILOT_OUT_OF_COHORT,837,LCX,245,12,18.0,47.70252362588974,-159.3424020032688,141.28887862995717,1,7.7865772327210125,1.5743393893022946,1.3989154813402656,1.1754174345712025,1.1754174345712025,0.05975130241835034,0.1198769468168675,0.9964023829333042,0.9962282075310029
solve_baseline,PILOT_OUT_OF_COHORT,837,LCX,245,13,19.5,47.78389437999824,-158.65011182325736,139.98129646221258,1,6.694883627233704,1.4598108252093775,1.2428807484281899,1.1646359551118264,1.1646359551118264,0.049361675204472585,0.12038682741761188,0.9963470997111779,0.9961788762464785
solve_baseline,PILOT_OUT_OF_COHORT,837,LCX,245,14,21.0,48.31217368386763,-157.65461645116412,139.00234948329384,1,5.114508755885757,1.2759305231759277,1.0632936885537212,1.1538544756524503,1.1538544756524503,0.1411286184847187,0.12068001595609502,0.9962780470661093,0.9960855301241132
solve_baseline,PILOT_OUT_OF_COHORT,837,LCX,245,15,22.5,49.07772896591171,-156.83068913941275,138.0121443610367,1,5.227768530393213,1.2899807773392076,1.0319758820719813,1.1430729961930743,1.1430729961930743,0.18097020887132864,0.1205290643131251,0.9961990186403387,0.9959318671891029
solve_baseline,PILOT_OUT_OF_COHORT,837,LCX,245,16,24.0,49.89706198657492,-156.11826813249388,136.9847597519627,1,5.049624782540696,1.2678112989721213,1.0497247119500623,1.1322915167336982,1.1322915167336982,0.2032598128001873,0.12052337255991422,0.9961445911640456,0.9958321555998607
solve_baseline,PILOT_OUT_OF_COHORT,837,LCX,245,17,25.5,50.68903969946929,-155.67852044841547,135.79022956973645,1,4.160501322409648,1.1507948133371673,1.039744729366757,1.1215100372743223,1.1215100372743223,0.16501082061190084,0.12058146758993668,0.996031974163379,0.995678971409113
solve_baseline,PILOT_OUT_OF_COHORT,837,LCX,245,18,27.0,51.61632500083551,-155.35017866531646,134.6621717510205,1,5.131785625784141,1.278083760347092,1.0608065453042794,1.1107285578149462,1.1107285578149462,0.16230049031851007,0.12076178525283122,0.9959783822064867,0.9955547706068868
solve_baseline,PILOT_OUT_OF_COHORT,837,LCX,245,19,28.5,52.50374933602098,-155.11276114553715,133.4778720115377,1,5.017791630682854,1.2638087999601193,1.1058948681813052,1.09994707835557,1.09994707835557,0.14060784815574703,0.12041166265535254,0.9959147871358307,0.9954411275459158
solve_baseline,PILOT_OUT_OF_COHORT,837,LCX,245,20,30.0,53.480048152563526,-154.75156993329324,132.3998941186722,1,5.530956734402217,1.3268602822509385,1.1401426045873622,1.089165598896194,1.089165598896194,0.12184231275603866,0.12052481399705511,0.9958657484030232,0.9953526514417083
solve_baseline,PILOT_OUT_OF_COHORT,837,LCX,245,21,31.5,54.47468896982955,-154.33483473868492,131.35791226064043,1,5.361634236389874,1.306392430912081,1.1293331376668252,1.078384119436818,1.078384119436818,0.07804236423308421,0.12073760085937962,0.9958083120777084,0.9952646606582523
solve_baseline,PILOT_OUT_OF_COHORT,837,LCX,245,22,33.0,55.41641106064059,-153.7198570444544,130.37204991473664,1,4.260761391734604,1.164578238530727,1.0501632315748484,1.0676026399774416,1.0676026399774416,0.04808574464625694,0.12060325935798225,0.9957169939051889,0.9951457147481284
solve_baseline,PILOT_OUT_OF_COHORT,837,LCX,245,23,34.5,56.35223200151324,-153.07156966050343,129.3956671519158,1,3.4812993091798607,1.0526784821951811,0.9339132450798702,1.056821160518066,1.056821160518066,0.130188372193959,0.12110385930393106,0.9955715960269025,0.9949627779556472
solve_baseline,PILOT_OUT_OF_COHORT,837,LCX,245,24,36.0,57.331645753596916,-152.36193596282274,128.51433497233597,1,2.937705272493503,0.9670060139052543,0.8551027731007631,1.0460396810586896,1.0460396810586896,0.19961859297159454,0.12133243741625716,0.9953655206380423,0.9947047336357181
solve_baseline,PILOT_OUT_OF_COHORT,837,LCX,245,25,37.5,58.29224123030794,-151.49321738375784,127.75887201343836,1,2.8556782779785066,0.9534099997592126,0.8444901682715188,1.0352582015993135,1.0352582015993135,0.06817681037445374,0.1209295884752875,0.9951216531530505,0.9944105159305577
solve_baseline,PILOT_OUT_OF_COHORT,837,LCX,245,26,39.0,59.35235272030458,-150.83885837173864,126.92637892452198,1,3.1735148367423633,1.0050677322877462,0.8685825113260784,1.0244767221399373,1.0244767221399373,0.08788255130752697,0.12102590313019924,0.9949927407254944,0.9941639552211828
solve_baseline,PILOT_OUT_OF_COHORT,837,LCX,245,27,40.5,60.370841981144885,-150.0840847969829,126.12645730613836,1,3.311923826500237,1.0267512338744351,0.9132477196316603,1.0136952426805614,1.0136952426805614,0.1355766342701388,0.12033893984566853,0.9948297699912276,0.9939352250223713
solve_baseline,PILOT_OUT_OF_COHORT,837,LCX,245,28,42.0,61.35777888599632,-149.31035036954518,125.30606035984722,1,3.546197229545275,1.0624451216518576,0.9915082117216407,1.0029137632211853,1.0029137632211853,0.11037537300749406,0.1208108021585555,0.994713977673421,0.9937577802264663
solve_baseline,PILOT_OUT_OF_COHORT,837,LCX,245,29,43.5,62.21759580865003,-148.4674318233308,124.4117307002569,1,3.6933560117535507,1.0842655263990881,1.0433096690683121,0.9921322837618091,0.9921322837618091,0.06964919001883581,0.12095030093185682,0.9945964388248597,0.9936042361987234
solve_baseline,PILOT_OUT_OF_COHORT,837,LCX,245,30,45.0,63.062827096671086,-147.7519282480999,123.4043608747566,1,4.241980255474358,1.1620087143881195,1.031176804064978,0.981350804302433,0.981350804302433,0.1117945095003257,0.12067103462815061,0.9945244061389039,0.9934578992716435
solve_baseline,PILOT_OUT_OF_COHORT,837,LCX,245,31,46.5,63.93533143983543,-147.05409790714003,122.40576659899996,1,3.488348670441585,1.0537437393681817,0.9891708618486018,0.970569324843057,0.970569324843057,0.19666144851400458,0.12064003597157294,0.9943903129318278,0.9933469263597586
solve_baseline,PILOT_OUT_OF_COHORT,837,LCX,245,32,48.0,64.74719861123788,-146.2507761072406,121.43442841121096,1,3.5657203469441336,1.0653656826644144,0.9965597148324442,0.959787845383681,0.959787845383681,0.10317578276014294,0.12082691888849685,0.994263302924681,0.9931622409755191
solve_baseline,PILOT_OUT_OF_COHORT,837,LCX,245,33,49.5,65.50174316756177,-145.48701597576888,120.39442720595851,1,4.387593182505107,1.1817843655015818,1.0264694237792953,0.9490063659243049,0.9490063659243049,0.15226868457822634,0.12083202772323819,0.9941748972031809,0.9929953423151887
solve_baseline,PILOT_OUT_OF_COHORT,837,LCX,245,34,51.0,65.93345646623786,-144.97367698953337,119.05984696942726,1,4.208384050424847,1.1573980508487187,1.0106048794393794,0.9382248864649289,0.9382248864649289,0.13925975634999202,0.12063723265283738,0.9941019937870127,0.9928942275734749
solve_baseline,PILOT_OUT_OF_COHORT,837,LCX,245,35,52.5,66.40554267498203,-144.59768145113463,117.69035822830256,1,3.627776479200761,1.0745962582266082,0.9311569313073761,0.9274434070055527,0.9274434070055527,0.17145051964498306,0.12055867852420729,0.9939725915287648,0.9926969371221392
solve_baseline,PILOT_OUT_OF_COHORT,837,LCX,245,36,54.0,66.99308282662844,-144.1842865901242,116.37618781282582,1,2.6592293233849404,0.9200320555628805,0.8466251130212112,0.9166619275461767,0.9166619275461767,0.15969744979382114,0.12094078334106627,0.9937361347872532,0.9923950692956048
solve_baseline,PILOT_OUT_OF_COHORT,837,LCX,245,37,55.5,67.36210603189558,-143.8091961172889,114.97214796566443,1,2.431519738226188,0.8797594961854168,0.7831315887553058,0.9058804480868006,0.9058804480868006,0.1304911480374716,0.1206438070187347,0.9934206286905926,0.9921324837299129
solve_baseline,PILOT_OUT_OF_COHORT,837,LCX,245,38,57.0,67.7969537559051,-143.4507829874085,113.5822727131195,1,2.266493154199826,0.8493804671345387,0.7368906656143288,0.8950989686274244,0.8950989686274244,0.2645330052244762,0.12127282354535356,0.9931228194782152,0.9916298823716205
solve_baseline,PILOT_OUT_OF_COHORT,837,LCX,245,39,58.5,68.25083622171147,-142.93720146801525,112.24926719148186,1,2.383018727609651,0.8709411116483534,0.7211121665841058,0.8843174891680484,0.8843174891680484,0.3572994789314754,0.12042712025825125,0.9928580555108317,0.9910035311486958
solve_baseline,PILOT_OUT_OF_COHORT,837,LCX,245,40,60.0,68.57396132084267,-142.30605660369253,110.9319051137244,1,2.584672993454495,0.9070429793393574,0.7167085021825835,0.8735360097086723,0.8735360097086723,0.26819974883975856,0.12113137854825427,0.9926355908140255,0.9903576568199421
solve_baseline,PILOT_OUT_OF_COHORT,837,LCX,245,41,61.5,68.79829514694214,-141.68236676161854,109.58698059327202,1,3.0042082192465163,0.9778901657858958,0.7356717279368937,0.8627545302492963,0.8627545302492963,0.29267041491417395,0.12081236078812836,0.9924239486923004,0.9899515296090984
solve_baseline,PILOT_OUT_OF_COHORT,837,LCX,245,42,63.0,69.22746513043354,-141.0549023241387,108.2979498281893,1,2.950661929002508,0.9691361425453251,0.7688218612387091,0.8519730507899201,0.8519730507899201,0.13014583662786722,0.12096586045081345,0.9922862081693592,0.9894203117616436
solve_baseline,PILOT_OUT_OF_COHORT,837,LCX,245,43,64.5,69.98619083911376,-140.51800119788368,107.12709604822986,1,2.2099415121152144,0.8387170149664476,0.7586131140375587,0.8411915713305441,0.8411915713305441,0.15801857061796368,0.12064460681951296,0.991879144275228,0.9890932590666408
solve_baseline,PILOT_OUT_OF_COHORT,837,LCX,245,44,66.0,70.90223280022708,-140.1735993792483,105.99386827389209,1,2.675168525620547,0.9227852344466373,0.7654801091924947,0.8304100918711681,0.8304100918711681,0.32587944111444345,0.12101867010467417,0.9916428097241802,0.988616484103552
solve_baseline,PILOT_OUT_OF_COHORT,837,LCX,245,45,67.5,71.68899627277503,-139.91040863261483,104.74460296200589,1,2.5271940535454407,0.8969006921328592,0.7886353261548352,0.819628612411792,0.819628612411792,0.3177130551447584,0.12081904536656293,0.9914115507868919,0.9881282586778732
solve_baseline,PILOT_OUT_OF_COHORT,837,LCX,245,46,69.0,72.34655356035609,-139.7450448708291,103.41001882817473,1,2.9833455339376376,0.9744887774390272,0.8274060464361763,0.8088471329524158,0.8088471329524158,0.24039853406822229,0.12079723985438508,0.9912493880382007,0.9877504386920967
solve_baseline,PILOT_OUT_OF_COHORT,837,LCX,245,47,70.5,73.07758211204748,-139.7426841575432,102.10165671636206,1,2.4484942102269702,0.8828249619143183,0.8184320044104045,0.79806565349304,0.79806565349304,0.30980861561250833,0.12045273197446585,0.991000512792554,0.9874957868720562
solve_baseline,PILOT_OUT_OF_COHORT,837,LCX,245,48,72.0,73.87979393115378,-139.81526731330786,100.83663960851601,1,2.201862934724164,0.8371826205460527,0.7773427846581331,0.7872841740336639,0.7872841740336639,0.259719382704935,0.12108848504488168,0.9906239678030708,0.9870298463333901
solve_baseline,PILOT_OUT_OF_COHORT,837,LCX,245,49,73.5,74.68507739795884,-139.80938277850527,99.5719864701286,1,1.8958452322168895,0.7768309211720658,0.7286235392028664,0.7765026945742879,0.7765026945742879,0.24214459832791646,0.12105798959655756,0.9901594886665379,0.9866387209188098
solve_baseline,PILOT_OUT_OF_COHORT,837,LCX,245,50,75.0,75.4973241455021,-139.9711691850028,98.32404787410422,1,1.7076076451551274,0.7372573466408452,0.6670713541225993,0.7657212151149119,0.7657212151149119,0.22151582754188964,0.12126049230405433,0.989516207859008,0.9858374306077055
solve_baseline,PILOT_OUT_OF_COHORT,837,LCX,245,51,76.5,76.43922847381332,-140.25260610399977,97.1990163941597,1,1.8561735575782594,0.7686601289582397,0.6553776849015648,0.7549397356555357,0.7549397356555357,0.23888968845465192,0.12153564197566473,0.98902492621884,0.9850201466925367
solve_baseline,PILOT_OUT_OF_COHORT,837,LCX,245,52,78.0,77.43247887489187,-140.82861332181696,96.23615499150148,1,2.017951458062034,0.8014573594023207,0.6167041693499979,0.7441582561961597,0.7441582561961597,0.36424804233396035,0.12207040092315961,0.9886132931754814,0.9841385830182832
solve_baseline,PILOT_OUT_OF_COHORT,837,LCX,245,53,79.5,78.51631804628273,-141.40860262981877,95.37739342395305,0,0.9940829954606765,0.5625179509511937,0.5260012009834096,0.7333767767367837,0.7333767767367837,0.2994549184634327,,,0.9827237033797406
solve_baseline,PILOT_OUT_OF_COHORT,837,LCX,245,54,81.0,79.49500218387337,-142.24222134825825,94.61023662131907,0,1.1233235293754034,0.5979673776913408,0.500697612070946,0.7225952972774076,0.7225952972774076,0.4187447039172175,,,0.9804778673624359
solve_baseline,PILOT_OUT_OF_COHORT,837,LCX,245,55,82.5,80.51436738310373,-143.14409257901812,93.99260555184185,0,1.164759858008543,0.6088961962717024,0.4917536111645012,0.7118138178180315,0.7118138178180315,0.5179966184228454,,,0.9774325711553642
solve_baseline,PILOT_OUT_OF_COHORT,837,LCX,245,56,84.0,81.49475705923936,-144.15363755015753,93.52478212056927,1,1.3351456524859042,0.6519126173664467,0.5039154819740329,0.7010323383586555,0.7010323383586555,0.3454899511435175,0.1217132896444553,0.9829417673974449,0.975499197079766
solve_baseline,PILOT_OUT_OF_COHORT,837,LCX,245,57,85.5,82.30312439512691,-145.35360500633152,93.16853490750067,1,1.656007279073371,0.7260327048565882,0.5260470627364706,0.6902508588992793,0.6902508588992793,0.43148467201058416,0.12127785283964532,0.9818687730033688,0.9731505343081123
solve_baseline,PILOT_OUT_OF_COHORT,837,LCX,245,58,87.0,83.1066182757696,-146.37055476852947,92.44238440529001,1,1.946898693132772,0.7872211261281442,0.5893580079024806,0.6794693794399033,0.6794693794399033,0.23592400669899788,0.12093578142974899,0.9815805831261961,0.9716917875756724
solve_baseline,PILOT_OUT_OF_COHORT,837,LCX,245,59,88.5,83.6298288958486,-147.28458459343636,91.37728767979672,1,1.700720140924452,0.7357690089206957,0.6061718648464439,0.6686878999805271,0.6686878999805271,0.28488198040107804,0.12110264538194776,0.9810787798054906,0.9704993978086452
solve_baseline,PILOT_OUT_OF_COHORT,837,LCX,245,60,90.0,84.02567207360924,-148.15330036277246,90.22414319800237,1,2.0654445175810348,0.8108337741548225,0.6097850895380189,0.657906420521151,0.657906420521151,0.16794584201231652,0.12099504791050619,0.9805870266225264,0.9692871468981581
solve_baseline,PILOT_OUT_OF_COHORT,837,LCX,245,61,91.5,84.77402975119134,-148.79841195030338,89.10931945525361,1,1.5668697897271677,0.7062224468486362,0.6201418876859816,0.6471249410617749,0.6471249410617749,0.292142949715382,0.12047726479706605,0.9798536423081998,0.9682085036700475
solve_baseline,PILOT_OUT_OF_COHORT,837,LCX,245,62,93.0,85.58609691206559,-149.32726781046816,87.9661367201818,1,2.046539933164802,0.8071145477540784,0.6809366259093388,0.6363434616023987,0.6363434616023987,0.24281808914070702,0.12108980828026954,0.979452110024681,0.9675309313865261
solve_baseline,PILOT_OUT_OF_COHORT,837,LCX,245,63,94.5,86.5064083468274,-150.17318989560488,87.26260522477162,1,2.755729810813,0.9365767680404875,0.7096500381031848,0.6255619821430228,0.6255619821430228,0.11973642564905847,0.12133084898193892,0.9792226458174081,0.9669051466456976
solve_baseline,PILOT_OUT_OF_COHORT,837,LCX,245,64,96.0,87.49593989211864,-151.06117234901956,87.90620463171332,0,1.2418105888939903,0.6287134380722843,0.6285568754307942,0.6147805026836467,0.6147805026836467,0.28805329179745975,,,0.9659893132067816
solve_baseline,PILOT_OUT_OF_COHORT,837,LCX,245,65,97.5,88.47740413777501,-152.17761053458412,88.08050239266008,1,1.7451052375879632,0.7453081574458725,0.6587605977515089,0.6039990232242708,0.6039990232242708,0.21091505977232056,0.12127876309310745,0.977531991684081,0.9650203433882946
solve_baseline,PILOT_OUT_OF_COHORT,837,LCX,245,66,97.92082203885938,88.7705078125,-152.4716796875,88.14909362792969,1,1.6286018664951536,0.7200000519185963,0.6420113820386641,0.6009743004455939,0.6009743004455939,0.2973106225931012,0.12075746906897956,0.9773365379026673,0.9650203433882946
solve_baseline,PILOT_OUT_OF_COHORT,837,IM,311,0,0.0,32.7392578125,-160.7490234375,142.44999694824222,0,7.947388892319925,1.5905132673991367,1.1670430922825914,1.0569612954024623,1.0569612954024623,0.7650860596878125,,,1.0
solve_baseline,PILOT_OUT_OF_COHORT,837,IM,311,1,1.5,34.068058809727425,-160.3012155115206,142.918720609706,1,8.07520148442441,1.6032518409215415,1.1670430922825914,1.1034692790034408,1.0569612954024623,0.4526399667825783,0.6626439379729637,0.997329731398388,0.9994607510318352
solve_baseline,PILOT_OUT_OF_COHORT,837,IM,311,2,3.0,35.367418281651425,-159.74882611108885,143.401248698731,1,7.72035994223503,1.5676309816122955,1.1670430922825914,1.1499772626044191,1.0569612954024623,0.09955462794499802,0.6616204436589819,0.997145452597969,0.9990128227660464
solve_baseline,PILOT_OUT_OF_COHORT,837,IM,311,3,4.5,36.76350579803111,-159.22245669881636,143.45007514436395,1,7.450292259143877,1.5399680779302096,1.1786295236467257,1.1964852462053972,1.0569612954024623,0.14841252265905486,0.6633613903609694,0.9969637765489161,0.998610533265377
solve_baseline,PILOT_OUT_OF_COHORT,837,IM,311,4,6.0,38.22892526947765,-159.15440426361693,143.65681911445952,1,7.288942044721536,1.5232013368742685,1.1699780799129322,1.2429932298063753,1.0569612954024623,0.10759098395410237,0.660917833189469,0.9967790941379943,0.9981482260718093
solve_baseline,PILOT_OUT_OF_COHORT,837,IM,311,5,7.5,39.6252556560574,-158.90512990342035,143.5533879501198,1,7.156278892461689,1.5092760912964016,1.2160553181195308,1.2895012134073536,1.0569612954024623,0.20476967338117474,0.661630160244438,0.9965577804100029,0.9977429876108215
solve_baseline,PILOT_OUT_OF_COHORT,837,IM,311,6,9.0,41.036951474417315,-159.04052759145918,143.78282455702134,1,9.06371959522244,1.6985498381728596,1.3303095254046715,1.3360091970083319,1.0569612954024623,0.12733509274635602,0.6610838672728345,0.9965366807476315,0.9974101831727898
solve_baseline,PILOT_OUT_OF_COHORT,837,IM,311,7,10.5,42.49515935314077,-158.9433762355085,143.9499535283479,1,9.074910996775472,1.6995981544211065,1.2457958482361446,1.38251718060931,1.0569612954024623,0.11276809023142895,0.6625465023109841,0.9965165557251455,0.9971513992427097
solve_baseline,PILOT_OUT_OF_COHORT,837,IM,311,8,12.0,43.97257221785096,-159.15682840899572,143.94947477546648,1,9.029676881342905,1.6953570185588245,1.1745374026514355,1.4290251642102882,1.0569612954024623,0.09996503572295012,0.6607419032773058,0.9964229901621626,0.9966788602879896
solve_baseline,PILOT_OUT_OF_COHORT,837,IM,311,9,13.5,45.39810823570548,-159.46720945546497,143.80769854461394,1,11.9082939314492,1.946927755712245,1.5144771425090182,1.4755331478112663,1.0569612954024623,0.06737556079468586,0.6618301624708042,0.9963985321039467,0.9964530502055394
solve_baseline,PILOT_OUT_OF_COHORT,837,IM,311,10,15.0,46.69998797507447,-160.10290494229037,143.77301052270292,1,18.11252780152983,2.4011240415700525,1.6900559973400615,1.5220411314122446,1.0569612954024623,0.23251455235563476,0.6613046503731345,0.9963996710723257,0.9963067073762523
solve_baseline,PILOT_OUT_OF_COHORT,837,IM,311,11,16.5,47.58224470088138,-159.91384904911862,142.6383120192506,0,29.483412669480018,3.0634721691459705,1.6403262898939963,1.6684750318527222,1.2155054897128317,0.9059681338205346,,,0.9962638172098827
solve_baseline,PILOT_OUT_OF_COHORT,837,IM,311,12,18.0,48.8368536435176,-159.93960232159975,142.06060701959038,0,30.410755348256295,3.111276920119224,1.0530262184374044,1.2428218518148288,1.2428218518148288,0.12079510785795572,,,0.9961669443710766
solve_baseline,PILOT_OUT_OF_COHORT,837,IM,311,13,19.5,50.308662556461975,-160.1114490654876,141.92796937072092,0,2.0208504689406217,0.8020328439427834,0.7337071002924791,1.1280055555409814,1.1280055555409814,0.15988600021739593,,,0.9952540165567617
solve_baseline,PILOT_OUT_OF_COHORT,837,IM,311,14,21.0,51.72338026943903,-160.19740385360038,141.4796439513446,0,2.060871713122153,0.8099357014253084,0.7369767052632372,1.0131892592671332,1.0131892592671332,0.15829310095367097,,,0.994523459309426
solve_baseline,PILOT_OUT_OF_COHORT,837,IM,311,15,22.5,53.09968846931,-160.6321805414598,141.12976011064765,0,2.2435072910850997,0.8450624535960657,0.7147971232061044,0.8983729629932854,0.8983729629932854,0.23975158551961873,,,0.9937142194292495
solve_baseline,PILOT_OUT_OF_COHORT,837,IM,311,16,24.0,54.475060212014455,-160.74896891732385,140.5653943530755,0,2.359082782527365,0.8665560408908507,0.7817382175170706,0.783556666719438,0.783556666719438,0.09453329760139909,,,0.9928370650546006
solve_baseline,PILOT_OUT_OF_COHORT,837,IM,311,17,25.07166044913328,55.3427734375,-160.7490234375,139.9499969482422,0,3.3783407059744306,1.0369952968113152,0.8131760562877662,0.7015272776310043,0.7015272776310043,0.21715094625895343,,,0.992532720134012
solve_baseline,PILOT_OUT_OF_COHORT,837,D1,511,0,0.0,32.7392578125,-160.7490234375,142.44999694824222,0,7.947388892319925,1.5905132673991367,1.1670430922825914,1.0569612954024623,1.0569612954024623,0.7650860596878125,,,1.0
solve_baseline,PILOT_OUT_OF_COHORT,837,D1,511,1,1.5,34.068058809727425,-160.3012155115206,142.918720609706,1,8.07520148442441,1.6032518409215415,1.1670430922825914,1.1034692790034408,1.0569612954024623,0.4526399667825783,0.6626439379729637,0.997329731398388,0.9994607510318352
solve_baseline,PILOT_OUT_OF_COHORT,837,D1,511,2,3.0,35.367418281651425,-159.74882611108885,143.401248698731,1,7.72035994223503,1.5676309816122955,1.1670430922825914,1.1499772626044191,1.0569612954024623,0.09955462794499802,0.6616204436589819,0.997145452597969,0.9990128227660464
solve_baseline,PILOT_OUT_OF_COHORT,837,D1,511,3,4.5,36.76350579803111,-159.22245669881636,143.45007514436395,1,7.450292259143877,1.5399680779302096,1.1786295236467257,1.1964852462053972,1.0569612954024623,0.14841252265905486,0.6633613903609694,0.9969637765489161,0.998610533265377
solve_baseline,PILOT_OUT_OF_COHORT,837,D1,511,4,6.0,38.22892526947765,-159.15440426361693,143.65681911445952,1,7.288942044721536,1.5232013368742685,1.1699780799129322,1.2429932298063753,1.0569612954024623,0.10759098395410237,0.660917833189469,0.9967790941379943,0.9981482260718093
solve_baseline,PILOT_OUT_OF_COHORT,837,D1,511,5,7.5,39.6252556560574,-158.90512990342035,143.5533879501198,1,7.156278892461689,1.5092760912964016,1.2160553181195308,1.2895012134073536,1.0569612954024623,0.20476967338117474,0.661630160244438,0.9965577804100029,0.9977429876108215
solve_baseline,PILOT_OUT_OF_COHORT,837,D1,511,6,9.0,41.036951474417315,-159.04052759145918,143.78282455702134,1,9.06371959522244,1.6985498381728596,1.3303095254046715,1.3360091970083319,1.0569612954024623,0.12733509274635602,0.6610838672728345,0.9965366807476315,0.9974101831727898
solve_baseline,PILOT_OUT_OF_COHORT,837,D1,511,7,10.5,42.49515935314077,-158.9433762355085,143.9499535283479,1,9.074910996775472,1.6995981544211065,1.2457958482361446,1.38251718060931,1.0569612954024623,0.11276809023142895,0.6625465023109841,0.9965165557251455,0.9971513992427097
solve_baseline,PILOT_OUT_OF_COHORT,837,D1,511,8,12.0,43.97257221785096,-159.15682840899572,143.94947477546648,1,9.029676881342905,1.6953570185588245,1.1745374026514355,1.4290251642102882,1.0569612954024623,0.09996503572295012,0.6607419032773058,0.9964229901621626,0.9966788602879896
solve_baseline,PILOT_OUT_OF_COHORT,837,D1,511,9,13.5,45.39810823570548,-159.46720945546497,143.80769854461394,1,11.9082939314492,1.946927755712245,1.5144771425090182,1.4755331478112663,1.0569612954024623,0.06737556079468586,0.6618301624708042,0.9963985321039467,0.9964530502055394
solve_baseline,PILOT_OUT_OF_COHORT,837,D1,511,10,15.0,46.69998797507447,-160.10290494229037,143.77301052270292,0,35.9300016180315,3.3818448701291755,1.6900559973400615,1.5220411314122446,1.0569612954024623,1.2281921743582982,,,0.9963067073762523
solve_baseline,PILOT_OUT_OF_COHORT,837,D1,511,11,16.5,47.69662287827565,-160.75162915513786,143.89902112416925,1,14.385619422623607,2.139879641731901,1.5041629773751182,1.5339449551086777,1.2155054897128317,0.2906273709432852,0.5419732578040207,0.9964412384917833,0.996258250085033
solve_baseline,PILOT_OUT_OF_COHORT,837,D1,511,12,18.0,48.582201037629396,-161.87519701174134,144.33648691692292,0,8.313689445211303,1.626754296466615,1.4140246843147355,1.5479892968705804,1.2155054897128317,0.10740807422992692,,,0.9961387230524014
solve_baseline,PILOT_OUT_OF_COHORT,837,D1,511,13,19.5,49.59816431341289,-162.963352110277,144.449806880651,1,9.145698384064373,1.706213999386598,1.5149250411898216,1.5620336386324833,1.2155054897128317,0.11599236967049924,0.35675385239190366,0.9963155584003818,0.9960515642706869
solve_baseline,PILOT_OUT_OF_COHORT,837,D1,511,14,21.0,50.62407365640608,-164.05616648228096,144.44999694824222,1,9.757923260103272,1.762397072828265,1.5867451757403117,1.576077980394386,1.2155054897128317,0.15414916978326507,0.3565915943550091,0.9962872264007426,0.9959650481581115
solve_baseline,PILOT_OUT_OF_COHORT,837,D1,511,15,22.5,51.560253641098285,-165.22501899385486,144.44999694824222,1,10.946390692807787,1.8666398623063185,1.61536663372093,1.590122322156289,1.2155054897128317,0.15971516032037658,0.3562406303560562,0.9962590268453541,0.9958907248168507
solve_baseline,PILOT_OUT_OF_COHORT,837,D1,511,16,24.0,52.73923598224933,-166.14913725438583,144.44999694824222,1,11.203041908755118,1.888395878752143,1.6840674449651982,1.604166663918192,1.2155054897128317,0.14488936484348997,0.3562976934027046,0.9962326400260021,0.9958432894214486
solve_baseline,PILOT_OUT_OF_COHORT,837,D1,511,17,25.5,53.93878950650233,-167.04880617834004,144.44999694824222,1,11.484747150910053,1.9119907317912903,1.7637236068740114,1.6182110056800947,1.2155054897128317,0.051140210009969475,0.3563964682150426,0.9961952278908123,0.9957904685147575
solve_baseline,PILOT_OUT_OF_COHORT,837,D1,511,18,27.0,55.144694178972635,-167.93717922709178,144.4188371806242,1,12.25494429081834,1.9750620046973415,1.6966068879443685,1.6322553474419976,1.2155054897128317,0.13310378563615288,0.35603867897993885,0.9961758487174545,0.995737498390505
solve_baseline,PILOT_OUT_OF_COHORT,837,D1,511,19,28.5,56.315193012264835,-168.76257410286576,143.99270341917068,1,11.284712048459639,1.8952665796035235,1.662971279523031,1.6462996892039006,1.2155054897128317,0.022845496993337717,0.35645023481136656,0.9961374609761724,0.99567226544013
solve_baseline,PILOT_OUT_OF_COHORT,837,D1,511,20,30.0,57.36131919548138,-169.75279884540305,143.58033676984354,1,11.135962635031067,1.8827339161187078,1.6532929580183453,1.6603440309658035,1.2155054897128317,0.06700705580238195,0.35643614278862906,0.9960942959250333,0.995617432166583
solve_baseline,PILOT_OUT_OF_COHORT,837,D1,511,21,31.5,58.51305546197807,-170.59564161463658,143.13417049364696,1,10.935285373138202,1.865692751369017,1.580859163244143,1.6743883727277062,1.2155054897128317,0.09817715565431545,0.35639580841118673,0.996052043012205,0.9955628022981017
solve_baseline,PILOT_OUT_OF_COHORT,837,D1,511,22,33.0,59.905899591414666,-170.86529305042544,142.94999694824222,0,18.583345293450673,2.4321312722121653,1.4923283830464502,1.5197204699056541,1.1845040115952712,0.4748970141481422,,,0.9954828327458621
solve_baseline,PILOT_OUT_OF_COHORT,837,D1,511,23,34.5,61.28177393350158,-170.3190091121535,142.9499169993402,0,20.51069765456425,2.5551434081034454,1.1641122823183878,1.0959343260523784,1.0959343260523784,1.108965607269155,,,0.9954319194877049
solve_baseline,PILOT_OUT_OF_COHORT,837,D1,511,24,36.0,62.740551830806545,-170.1814637402058,142.73972109037842,0,3.163861822995593,1.0035379897039114,0.8478135248742207,1.0801981383932229,1.0801981383932229,0.09208489849410369,,,0.9952080162980369
solve_baseline,PILOT_OUT_OF_COHORT,837,D1,511,25,37.5,64.17224954369253,-170.28450943954945,142.4504347995905,0,2.6380033380131866,0.9163528481297132,0.8692593491576054,1.0644619507340676,1.0644619507340676,0.165179246911061,,,0.9949205478694474
solve_baseline,PILOT_OUT_OF_COHORT,837,D1,511,26,39.0,65.61054291365718,-170.54131890439,142.23743187911606,0,3.6721358375555555,1.0811462160613279,0.9462661808651369,1.0487257630749123,1.0487257630749123,0.10735115933325971,,,0.9946870900548694
solve_baseline,PILOT_OUT_OF_COHORT,837,D1,511,27,40.5,66.9899237220245,-170.92016199645062,141.82240575121168,0,3.701926616574548,1.0855228417599465,0.970174493070211,1.032989575415757,1.032989575415757,0.04147261421999619,,,0.994523502118097
solve_baseline,PILOT_OUT_OF_COHORT,837,D1,511,28,42.0,68.32834753600996,-171.0206539378992,141.1603508216486,0,4.7468303778598955,1.2292123646100959,0.9998850847355745,1.0172533877566012,1.0172533877566012,0.1401939560629453,,,0.9943687361407682
solve_baseline,PILOT_OUT_OF_COHORT,837,D1,511,29,43.5,69.73757833418553,-171.31761596754325,140.8642011258493,0,6.22930627913846,1.4081369864883657,1.0318244207886398,1.001517200097446,1.001517200097446,0.09541876964259574,,,0.9942094057264509
solve_baseline,PILOT_OUT_OF_COHORT,837,D1,511,30,45.0,71.00394471986937,-171.82263449821147,140.2571756557289,0,5.142115671622595,1.2793694752408606,0.9920151410035954,0.9857810124382907,0.9857810124382907,0.07854368400817188,,,0.9940532616251191
solve_baseline,PILOT_OUT_OF_COHORT,837,D1,511,31,46.5,72.32903179972664,-172.35275831773743,139.84973138813683,0,5.360359647006197,1.3062371412353604,0.9283931765149477,0.9700448247791352,0.9700448247791352,0.04390506777333679,,,0.9938827561560823
solve_baseline,PILOT_OUT_OF_COHORT,837,D1,511,32,48.0,73.69306292429908,-172.19214104825585,139.32104623851276,0,4.400826062945427,1.1835651410931376,0.7899070177429385,0.9543086371199798,0.9543086371199798,0.14219926009333447,,,0.9935918603472559
solve_baseline,PILOT_OUT_OF_COHORT,837,D1,511,33,49.5,74.98101148248992,-172.157862442248,138.62168267205962,0,2.1802348447345756,0.8330608052725788,0.6869590805613557,0.9385724494608245,0.9385724494608245,0.19962801246037098,,,0.9930296728322011
solve_baseline,PILOT_OUT_OF_COHORT,837,D1,511,34,51.0,76.03743842438742,-172.46612573099134,137.60998156746336,0,2.074039254773984,0.812519045393904,0.6821706686741382,0.9228362618016689,0.9228362618016689,0.16828084859155099,,,0.9921285217241163
solve_baseline,PILOT_OUT_OF_COHORT,837,D1,511,35,52.5,76.92900117798843,-173.0844590868386,136.5768737124879,0,2.5694255666568115,0.9043636213826005,0.7260305684329863,0.9071000741425135,0.9071000741425135,0.13914825662784253,,,0.991692091873931
solve_baseline,PILOT_OUT_OF_COHORT,837,D1,511,36,54.0,77.81703704288016,-173.71424755420102,135.5459077744997,0,2.4174082544899678,0.8772029105893675,0.7294709801496919,0.891363886483358,0.891363886483358,0.13579873336571555,,,0.9911142704105749
solve_baseline,PILOT_OUT_OF_COHORT,837,D1,511,37,55.5,78.6161235498409,-174.2559169858192,134.39933291757112,0,2.2965159840027827,0.8549875680307766,0.7274113237175525,0.8756276988242028,0.8756276988242028,0.31894922411507987,,,0.9904424432674122
solve_baseline,PILOT_OUT_OF_COHORT,837,D1,511,38,57.0,79.40752347017138,-174.86657668906392,133.28295494109724,0,2.3405442202414286,0.8631444632002098,0.7320763160289665,0.8598915111650474,0.8598915111650474,0.15008279243047587,,,0.9900253985737709
solve_baseline,PILOT_OUT_OF_COHORT,837,D1,511,39,58.5,80.2892031670574,-175.47100833599634,132.23231034449827,0,1.8458729774390508,0.7665243749277377,0.7193515906309415,0.8441553235058918,0.8441553235058918,0.0744886036502492,,,0.989416870370669
solve_baseline,PILOT_OUT_OF_COHORT,837,D1,511,40,60.0,81.12357297844775,-176.05607739055128,131.1336516337841,0,1.6890431952684486,0.7332388064235321,0.6650379646057979,0.8284191358467365,0.8284191358467365,0.2574490868899747,,,0.9888978296774603
solve_baseline,PILOT_OUT_OF_COHORT,837,D1,511,41,61.5,82.06964172520293,-176.72905222348524,130.1864522515049,0,1.8879459338304885,0.7752108457179461,0.6138152384327492,0.8126829481875809,0.8126829481875809,0.18761103598287185,,,0.9879526195044445
solve_baseline,PILOT_OUT_OF_COHORT,837,D1,511,42,63.0,83.16874166976075,-177.23755286830874,129.31096320112002,0,1.7471049780960806,0.7457350647038783,0.5693556287673766,0.7969467605284256,0.7969467605284256,0.31921996937762054,,,0.9864357743819503
solve_baseline,PILOT_OUT_OF_COHORT,837,D1,511,43,64.5,84.25354415835938,-177.66776963053127,128.37246292899133,0,1.3771503434879848,0.6620880372681783,0.5366645475849798,0.7812105728692701,0.7812105728692701,0.22100739420975382,,,0.9846010385954013
solve_baseline,PILOT_OUT_OF_COHORT,837,D1,511,44,66.0,85.36273733238463,-178.13393615408052,127.47824027260411,0,1.3241239500918256,0.6492162535295618,0.5492749788618286,0.7654743852101146,0.7654743852101146,0.3582510898226089,,,0.9825192381474354
solve_baseline,PILOT_OUT_OF_COHORT,837,D1,511,45,67.5,86.36833487595312,-178.547186311337,126.457932421271,0,1.6333490572201972,0.7210486478055158,0.6182667512732247,0.7497381975509592,0.7497381975509592,0.148219685070342,,,0.9813184895627104
solve_baseline,PILOT_OUT_OF_COHORT,837,D1,511,46,69.0,87.28443492766667,-178.57669687935345,125.27469344494672,0,1.7121875617159976,0.7382453710624409,0.735913417736869,0.734002009891804,0.734002009891804,0.09204286678807276,,,0.9806158152966566
solve_baseline,PILOT_OUT_OF_COHORT,837,D1,511,47,70.5,88.09450554619703,-178.5420269900209,124.01313167394319,0,2.003527856118801,0.7985879562372761,0.7774572963550219,0.7182658222326486,0.7182658222326486,0.08601581566240277,,,0.9802776264370514
solve_baseline,PILOT_OUT_OF_COHORT,837,D1,511,48,72.0,88.94217551009227,-178.3011325471599,122.8025321184581,0,2.2176258866271508,0.8401739364979827,0.7167123896321325,0.7025296345734932,0.7025296345734932,0.14111237413568845,,,0.9797246419998573
solve_baseline,PILOT_OUT_OF_COHORT,837,D1,511,49,73.5,89.85495555658447,-177.84834523333205,121.70604719724656,0,1.1309716416862892,0.5999995454517091,0.6401551234159001,0.686793446914338,0.686793446914338,0.2037819524561091,,,0.9788417791592924
solve_baseline,PILOT_OUT_OF_COHORT,837,D1,511,50,75.0,90.6598178904663,-177.35556490548674,120.54047247520012,0,1.680026593717919,0.7312790669997962,0.6482043633387397,0.6710572592551823,0.6710572592551823,0.041051851073833134,,,0.9781191834417146
solve_baseline,PILOT_OUT_OF_COHORT,837,D1,511,51,76.5,91.63924997978087,-177.06750765532092,119.44639705341606,0,1.6753196009624152,0.7302539226213167,0.6432724177364071,0.6553210715960269,0.6553210715960269,0.06262679131876552,,,0.9770003098082236
solve_baseline,PILOT_OUT_OF_COHORT,837,D1,511,52,78.0,92.66791980299415,-177.12358311956433,118.36790147796202,0,1.3731267736184603,0.6611201305560191,0.6057778303090394,0.6395848839368715,0.6395848839368715,0.1610697083162193,,,0.9759870089764892
solve_baseline,PILOT_OUT_OF_COHORT,837,D1,511,53,79.5,93.62537621026314,-177.49235541086543,117.27656771049378,0,1.6930977442344504,0.7341183489501544,0.5956742447301118,0.623848696277716,0.623848696277716,0.1913954414145335,,,0.9747237749566998
solve_baseline,PILOT_OUT_OF_COHORT,837,D1,511,54,81.0,94.42652533706196,-178.00317341398488,116.11636302890305,0,1.1555883222517571,0.6064941774916511,0.551531566815051,0.6081125086185605,0.6081125086185605,0.20770408633196624,,,0.9735486858985435
solve_baseline,PILOT_OUT_OF_COHORT,837,D1,511,55,81.68015422805652,94.8099822998047,-178.2976837158203,115.63910675048828,0,1.099252178756665,0.5915258539635592,0.5225660357988992,0.6009771522386502,0.6009771522386502,0.08615336281904062,,,0.972866010879156
solve_baseline,PILOT_OUT_OF_COHORT,837,D2,544,0,0.0,32.7392578125,-160.7490234375,142.44999694824222,0,7.947388892319925,1.5905132673991367,1.1670430922825914,1.0569612954024623,1.0569612954024623,0.7650860596878125,,,1.0
solve_baseline,PILOT_OUT_OF_COHORT,837,D2,544,1,1.5,34.068058809727425,-160.3012155115206,142.918720609706,1,8.07520148442441,1.6032518409215415,1.1670430922825914,1.1034692790034408,1.0569612954024623,0.4526399667825783,0.6626439379729637,0.997329731398388,0.9994607510318352
solve_baseline,PILOT_OUT_OF_COHORT,837,D2,544,2,3.0,35.367418281651425,-159.74882611108885,143.401248698731,1,7.72035994223503,1.5676309816122955,1.1670430922825914,1.1499772626044191,1.0569612954024623,0.09955462794499802,0.6616204436589819,0.997145452597969,0.9990128227660464
solve_baseline,PILOT_OUT_OF_COHORT,837,D2,544,3,4.5,36.76350579803111,-159.22245669881636,143.45007514436395,1,7.450292259143877,1.5399680779302096,1.1786295236467257,1.1964852462053972,1.0569612954024623,0.14841252265905486,0.6633613903609694,0.9969637765489161,0.998610533265377
solve_baseline,PILOT_OUT_OF_COHORT,837,D2,544,4,6.0,38.22892526947765,-159.15440426361693,143.65681911445952,1,7.288942044721536,1.5232013368742685,1.1699780799129322,1.2429932298063753,1.0569612954024623,0.10759098395410237,0.660917833189469,0.9967790941379943,0.9981482260718093
solve_baseline,PILOT_OUT_OF_COHORT,837,D2,544,5,7.5,39.6252556560574,-158.90512990342035,143.5533879501198,1,7.156278892461689,1.5092760912964016,1.2160553181195308,1.2895012134073536,1.0569612954024623,0.20476967338117474,0.661630160244438,0.9965577804100029,0.9977429876108215
solve_baseline,PILOT_OUT_OF_COHORT,837,D2,544,6,9.0,41.036951474417315,-159.04052759145918,143.78282455702134,1,9.06371959522244,1.6985498381728596,1.3303095254046715,1.3360091970083319,1.0569612954024623,0.12733509274635602,0.6610838672728345,0.9965366807476315,0.9974101831727898
solve_baseline,PILOT_OUT_OF_COHORT,837,D2,544,7,10.5,42.49515935314077,-158.9433762355085,143.9499535283479,1,9.074910996775472,1.6995981544211065,1.2457958482361446,1.38251718060931,1.0569612954024623,0.11276809023142895,0.6625465023109841,0.9965165557251455,0.9971513992427097
solve_baseline,PILOT_OUT_OF_COHORT,837,D2,544,8,12.0,43.97257221785096,-159.15682840899572,143.94947477546648,1,9.029676881342905,1.6953570185588245,1.1745374026514355,1.4290251642102882,1.0569612954024623,0.09996503572295012,0.6607419032773058,0.9964229901621626,0.9966788602879896
solve_baseline,PILOT_OUT_OF_COHORT,837,D2,544,9,13.5,45.39810823570548,-159.46720945546497,143.80769854461394,1,11.9082939314492,1.946927755712245,1.5144771425090182,1.4755331478112663,1.0569612954024623,0.06737556079468586,0.6618301624708042,0.9963985321039467,0.9964530502055394
solve_baseline,PILOT_OUT_OF_COHORT,837,D2,544,10,15.0,46.69998797507447,-160.10290494229037,143.77301052270292,0,35.9300016180315,3.3818448701291755,1.6900559973400615,1.5220411314122446,1.0569612954024623,1.2281921743582982,,,0.9963067073762523
solve_baseline,PILOT_OUT_OF_COHORT,837,D2,544,11,16.5,47.69662287827565,-160.75162915513786,143.89902112416925,1,14.385619422623607,2.139879641731901,1.5041629773751182,1.5339449551086777,1.2155054897128317,0.2906273709432852,0.5419732578040207,0.9964412384917833,0.996258250085033
solve_baseline,PILOT_OUT_OF_COHORT,837,D2,544,12,18.0,48.582201037629396,-161.87519701174134,144.33648691692292,0,8.313689445211303,1.626754296466615,1.4140246843147355,1.5479892968705804,1.2155054897128317,0.10740807422992692,,,0.9961387230524014
solve_baseline,PILOT_OUT_OF_COHORT,837,D2,544,13,19.5,49.59816431341289,-162.963352110277,144.449806880651,1,9.145698384064373,1.706213999386598,1.5149250411898216,1.5620336386324833,1.2155054897128317,0.11599236967049924,0.35675385239190366,0.9963155584003818,0.9960515642706869
solve_baseline,PILOT_OUT_OF_COHORT,837,D2,544,14,21.0,50.62407365640608,-164.05616648228096,144.44999694824222,1,9.757923260103272,1.762397072828265,1.5867451757403117,1.576077980394386,1.2155054897128317,0.15414916978326507,0.3565915943550091,0.9962872264007426,0.9959650481581115
solve_baseline,PILOT_OUT_OF_COHORT,837,D2,544,15,22.5,51.560253641098285,-165.22501899385486,144.44999694824222,1,10.946390692807787,1.8666398623063185,1.61536663372093,1.590122322156289,1.2155054897128317,0.15971516032037658,0.3562406303560562,0.9962590268453541,0.9958907248168507
solve_baseline,PILOT_OUT_OF_COHORT,837,D2,544,16,24.0,52.73923598224933,-166.14913725438583,144.44999694824222,1,11.203041908755118,1.888395878752143,1.6840674449651982,1.604166663918192,1.2155054897128317,0.14488936484348997,0.3562976934027046,0.9962326400260021,0.9958432894214486
solve_baseline,PILOT_OUT_OF_COHORT,837,D2,544,17,25.5,53.93878950650233,-167.04880617834004,144.44999694824222,1,11.484747150910053,1.9119907317912903,1.7637236068740114,1.6182110056800947,1.2155054897128317,0.051140210009969475,0.3563964682150426,0.9961952278908123,0.9957904685147575
solve_baseline,PILOT_OUT_OF_COHORT,837,D2,544,18,27.0,55.144694178972635,-167.93717922709178,144.4188371806242,1,12.25494429081834,1.9750620046973415,1.6966068879443685,1.6322553474419976,1.2155054897128317,0.13310378563615288,0.35603867897993885,0.9961758487174545,0.995737498390505
solve_baseline,PILOT_OUT_OF_COHORT,837,D2,544,19,28.5,56.315193012264835,-168.76257410286576,143.99270341917068,1,11.284712048459639,1.8952665796035235,1.662971279523031,1.6462996892039006,1.2155054897128317,0.022845496993337717,0.35645023481136656,0.9961374609761724,0.99567226544013
solve_baseline,PILOT_OUT_OF_COHORT,837,D2,544,20,30.0,57.36131919548138,-169.75279884540305,143.58033676984354,1,11.135962635031067,1.8827339161187078,1.6532929580183453,1.6603440309658035,1.2155054897128317,0.06700705580238195,0.35643614278862906,0.9960942959250333,0.995617432166583
solve_baseline,PILOT_OUT_OF_COHORT,837,D2,544,21,31.5,58.51305546197807,-170.59564161463658,143.13417049364696,1,10.935285373138202,1.865692751369017,1.580859163244143,1.6743883727277062,1.2155054897128317,0.09817715565431545,0.35639580841118673,0.996052043012205,0.9955628022981017
solve_baseline,PILOT_OUT_OF_COHORT,837,D2,544,22,33.0,59.80868302481262,-171.04211459101856,142.8785716018682,1,13.937690746652112,2.106301202400005,1.518816835026048,1.6415348636750084,1.2490505997779522,0.1268735670164391,0.35626796079160433,0.996018892040047,0.9954657514994605
solve_baseline,PILOT_OUT_OF_COHORT,837,D2,544,23,34.5,60.180707035540244,-172.21936292290243,142.06429295060167,0,15.060367467149842,2.189489404942287,1.458293095653556,1.4183970636580245,1.3978313131697564,0.5999764606903579,,,0.995405560624018
solve_baseline,PILOT_OUT_OF_COHORT,837,D2,544,24,36.0,61.126018527677815,-173.21775492498014,141.48342751036483,1,8.401255505857584,1.635298958560933,1.4359311938658195,1.3855415973047867,1.3855415973047867,0.09394072959153098,0.23733723578348934,0.9959817931326471,0.9953401617464223
solve_baseline,PILOT_OUT_OF_COHORT,837,D2,544,25,37.5,62.140659797008354,-174.23245667200834,141.0544548558916,1,8.062594496824316,1.6019998553777106,1.4056769422611555,1.3526861309515485,1.3526861309515485,0.08953565919098977,0.2375354291072116,0.9959174064184605,0.9952693887043891
solve_baseline,PILOT_OUT_OF_COHORT,837,D2,544,26,39.0,63.13589439757485,-175.22714719961093,140.53498251329808,1,8.133382749276205,1.6090171339085597,1.4167625992024921,1.3198306645983109,1.3198306645983109,0.040057622626455305,0.2375426552712561,0.9958692741970037,0.9951970510155277
solve_baseline,PILOT_OUT_OF_COHORT,837,D2,544,27,40.5,64.18070344122157,-176.17871751204385,140.03858461908487,1,8.757641711845562,1.6696238907418577,1.3714249026726846,1.2869751982450728,1.2869751982450728,0.08177623498306233,0.23739522336659566,0.9958376410201838,0.9951286405624529
solve_baseline,PILOT_OUT_OF_COHORT,837,D2,544,28,42.0,65.34769734880122,-177.10502099638168,139.91580613330652,1,6.795915623544463,1.4707845282858678,1.1427371077222541,1.2541197318918351,1.2541197318918351,0.09675365865293536,0.2374748356927334,0.9957433738412165,0.9949807040737412
solve_baseline,PILOT_OUT_OF_COHORT,837,D2,544,29,43.5,66.43694126006045,-177.94253120638297,139.35907395501278,1,6.710966565793409,1.4615632055237724,1.0392863076242198,1.2212642655385975,1.2212642655385975,0.028124322738962513,0.23794681158144002,0.9956653447897631,0.9947830432534472
solve_baseline,PILOT_OUT_OF_COHORT,837,D2,544,30,45.0,67.32782123775007,-178.89492418718427,138.62486126493323,1,4.7615377444547535,1.2311151601280912,0.9700322196770549,1.1884087991853594,1.1884087991853594,0.1536295700868682,0.23788841221706525,0.9954502437464017,0.9944947125713615
solve_baseline,PILOT_OUT_OF_COHORT,837,D2,544,31,46.5,68.05986442609193,-180.01254006972118,137.9479311427343,1,5.180360903031289,1.2841184094291496,0.9964156844771989,1.1555533328321217,1.1555533328321217,0.09481126626328906,0.23796226800418044,0.9953123797703766,0.994130012859361
solve_baseline,PILOT_OUT_OF_COHORT,837,D2,544,32,48.0,68.74818923733513,-181.1274510746988,137.22288587862673,1,5.273220712902981,1.295576429604273,1.0583444242080513,1.1226978664788836,1.1226978664788836,0.048511646196368614,0.2379836343689243,0.9952004644686551,0.9938260678486679
solve_baseline,PILOT_OUT_OF_COHORT,837,D2,544,33,49.5,69.44850929397754,-182.07202172207536,136.29420084225205,1,4.757628087706033,1.2306096274215121,1.091890628547477,1.0898424001256453,1.0898424001256453,0.07685387517500186,0.23761957403747286,0.9950292052542831,0.9936813120921834
solve_baseline,PILOT_OUT_OF_COHORT,837,D2,544,34,51.0,70.02612992568334,-183.05312988062315,135.32108160911577,1,4.735904731359048,1.2277969278411534,1.0553703523558058,1.0569869337724076,1.0569869337724076,0.10460707230681501,0.23762203466767973,0.9948831822439447,0.9933977366161236
solve_baseline,PILOT_OUT_OF_COHORT,837,D2,544,35,52.5,70.26543129873372,-184.21161808296887,134.40047552061705,1,3.94728587162199,1.1209193175830636,0.9853058964295135,1.02413146741917,1.02413146741917,0.03767089836839783,0.238317938907458,0.9946589596634539,0.9931617152100152
solve_baseline,PILOT_OUT_OF_COHORT,837,D2,544,36,54.0,70.5492514756428,-185.40398623181136,133.5410936356572,1,3.2505449774998842,1.017192509716465,0.9084661518365451,0.9912760010659319,0.9912760010659319,0.13249429480801528,0.2383730068369129,0.9942785302615613,0.9927562530757702
solve_baseline,PILOT_OUT_OF_COHORT,837,D2,544,37,55.5,70.85071706180507,-186.56581491256128,132.65023360098917,1,3.0777924624825954,0.9897938009657181,0.8368579294121338,0.9584205347126941,0.9584205347126941,0.06566365816293661,0.2388388392446236,0.99380118723258,0.9921431431219311
solve_baseline,PILOT_OUT_OF_COHORT,837,D2,544,38,57.0,71.31393826791336,-187.69012924763476,131.77656126751495,1,2.3948538175673972,0.8731011660149669,0.7715724726431111,0.9255650683594564,0.9255650683594564,0.16850933334080428,0.23817736106221402,0.992971463261915,0.9914802270962362
solve_baseline,PILOT_OUT_OF_COHORT,837,D2,544,39,58.5,71.72947229465049,-188.88399530846795,130.97360796576763,1,3.1277744273595003,0.9977983373314336,0.7779531889063906,0.8927096020062184,0.8927096020062184,0.034813585399893314,0.23823822713623577,0.992694159469319,0.9905791993538209
solve_baseline,PILOT_OUT_OF_COHORT,837,D2,544,40,60.0,72.17859447994545,-190.04066686529356,130.13470058245804,1,2.5228524569031867,0.8961299450500189,0.753498530512513,0.8598541356529807,0.8598541356529807,0.03819682610825659,0.23798677206175836,0.9922385470593676,0.9896671653737188
solve_baseline,PILOT_OUT_OF_COHORT,837,D2,544,41,61.5,72.63134673621241,-191.28626726115738,129.47111921727029,1,1.878884345138087,0.7733482152649029,0.6694469927837394,0.8269986692997428,0.8269986692997428,0.031555866087090885,0.23789120465535177,0.9908779314418631,0.988671727814225
solve_baseline,PILOT_OUT_OF_COHORT,837,D2,544,42,63.0,73.15731726317924,-192.49650980329616,128.81245033753555,1,1.6599316066812249,0.7268924547658873,0.5658980846490416,0.7941432029465049,0.7941432029465049,0.27973360339275527,0.2384834019531269,0.9894327457838599,0.9864643649124899
solve_baseline,PILOT_OUT_OF_COHORT,837,D2,544,43,64.5,73.46418324606235,-193.8867891864612,128.38015935749647,1,1.2452187008965483,0.6295755895492676,0.5401426004785116,0.761287736593267,0.761287736593267,0.35288267890285746,0.23767038975964308,0.9865166379354443,0.9812634258788372
solve_baseline,PILOT_OUT_OF_COHORT,837,D2,544,44,66.0,73.77886241968035,-195.2077401441549,127.7498678748136,0,2.1339347202651875,0.8241677729268786,0.6663190575897551,0.7284322702400294,0.7284322702400294,0.11867719778394344,,,0.9791856196309182
solve_baseline,PILOT_OUT_OF_COHORT,837,D2,544,45,67.5,74.14079486817609,-196.59701954225514,127.442208181765,0,2.9286639857692025,0.965516804608165,0.7930655283699662,0.6955768038867916,0.6955768038867916,0.06634596014707948,,,0.9784151109868638
solve_baseline,PILOT_OUT_OF_COHORT,837,D2,544,46,69.0,74.55221709122326,-197.9553748986317,127.01425665047063,0,2.253980491291365,0.847032628440864,0.7132969742828386,0.6627213375335532,0.6627213375335532,0.09180348054516682,,,0.977479262600192
solve_baseline,PILOT_OUT_OF_COHORT,837,D2,544,47,70.5,75.28778504614147,-199.14522531367726,126.50963740362715,0,4.153681232649433,1.1498512079431793,0.7811883165890151,0.6298658711803157,0.6298658711803157,0.43921984861923213,,,0.9764076114614786
solve_baseline,PILOT_OUT_OF_COHORT,837,D2,544,48,72.0,76.62801386427907,-199.69497090505968,126.59571980943134,1,1.8001447358142313,0.7569701882976487,0.631799166503773,0.6428256041881352,0.6428256041881352,0.1752364256327869,0.12324024833394884,0.9854886864960799,0.9758877740445087
solve_baseline,PILOT_OUT_OF_COHORT,837,D2,544,49,73.5,77.91916348595826,-200.32935986911775,126.23009158988792,1,1.1754759897427036,0.6116907948520874,0.520119185913136,0.6199388372690078,0.6199388372690078,0.11651178433010904,0.12395641146888767,0.9835975573261654,0.9741365472493158
solve_baseline,PILOT_OUT_OF_COHORT,837,D2,544,50,74.49895752229314,78.54312896728516,-200.8706817626953,125.67234802246094,1,1.3213123081113607,0.6485266150345481,0.5273453816278618,0.6046968986191196,0.6046968986191196,0.19905006358886948,0.1250075087266625,0.9828997874011979,0.9728083905887263
solve_baseline,PILOT_OUT_OF_COHORT,837,LAD,778,0,0.0,32.7392578125,-160.7490234375,142.44999694824222,0,7.947388892319925,1.5905132673991367,1.1670430922825914,1.0569612954024623,1.0569612954024623,0.7650860596878125,,,1.0
solve_baseline,PILOT_OUT_OF_COHORT,837,LAD,778,1,1.5,34.068058809727425,-160.3012155115206,142.918720609706,1,8.07520148442441,1.6032518409215415,1.1670430922825914,1.1034692790034408,1.0569612954024623,0.4526399667825783,0.6626439379729637,0.997329731398388,0.9994607510318352
solve_baseline,PILOT_OUT_OF_COHORT,837,LAD,778,2,3.0,35.367418281651425,-159.74882611108885,143.401248698731,1,7.72035994223503,1.5676309816122955,1.1670430922825914,1.1499772626044191,1.0569612954024623,0.09955462794499802,0.6616204436589819,0.997145452597969,0.9990128227660464
solve_baseline,PILOT_OUT_OF_COHORT,837,LAD,778,3,4.5,36.76350579803111,-159.22245669881636,143.45007514436395,1,7.450292259143877,1.5399680779302096,1.1786295236467257,1.1964852462053972,1.0569612954024623,0.14841252265905486,0.6633613903609694,0.9969637765489161,0.998610533265377
solve_baseline,PILOT_OUT_OF_COHORT,837,LAD,778,4,6.0,38.22892526947765,-159.15440426361693,143.65681911445952,1,7.288942044721536,1.5232013368742685,1.1699780799129322,1.2429932298063753,1.0569612954024623,0.10759098395410237,0.660917833189469,0.9967790941379943,0.9981482260718093
solve_baseline,PILOT_OUT_OF_COHORT,837,LAD,778,5,7.5,39.6252556560574,-158.90512990342035,143.5533879501198,1,7.156278892461689,1.5092760912964016,1.2160553181195308,1.2895012134073536,1.0569612954024623,0.20476967338117474,0.661630160244438,0.9965577804100029,0.9977429876108215
solve_baseline,PILOT_OUT_OF_COHORT,837,LAD,778,6,9.0,41.036951474417315,-159.04052759145918,143.78282455702134,1,9.06371959522244,1.6985498381728596,1.3303095254046715,1.3360091970083319,1.0569612954024623,0.12733509274635602,0.6610838672728345,0.9965366807476315,0.9974101831727898
solve_baseline,PILOT_OUT_OF_COHORT,837,LAD,778,7,10.5,42.49515935314077,-158.9433762355085,143.9499535283479,1,9.074910996775472,1.6995981544211065,1.2457958482361446,1.38251718060931,1.0569612954024623,0.11276809023142895,0.6625465023109841,0.9965165557251455,0.9971513992427097
solve_baseline,PILOT_OUT_OF_COHORT,837,LAD,778,8,12.0,43.97257221785096,-159.15682840899572,143.94947477546648,1,9.029676881342905,1.6953570185588245,1.1745374026514355,1.4290251642102882,1.0569612954024623,0.09996503572295012,0.6607419032773058,0.9964229901621626,0.9966788602879896
solve_baseline,PILOT_OUT_OF_COHORT,837,LAD,778,9,13.5,45.39810823570548,-159.46720945546497,143.80769854461394,1,11.9082939314492,1.946927755712245,1.5144771425090182,1.4755331478112663,1.0569612954024623,0.06737556079468586,0.6618301624708042,0.9963985321039467,0.9964530502055394
solve_baseline,PILOT_OUT_OF_COHORT,837,LAD,778,10,15.0,46.69998797507447,-160.10290494229037,143.77301052270292,0,35.9300016180315,3.3818448701291755,1.6900559973400615,1.5220411314122446,1.0569612954024623,1.2281921743582982,,,0.9963067073762523
solve_baseline,PILOT_OUT_OF_COHORT,837,LAD,778,11,16.5,47.69662287827565,-160.75162915513786,143.89902112416925,1,14.385619422623607,2.139879641731901,1.5041629773751182,1.5339449551086777,1.2155054897128317,0.2906273709432852,0.5419732578040207,0.9964412384917833,0.996258250085033
solve_baseline,PILOT_OUT_OF_COHORT,837,LAD,778,12,18.0,48.582201037629396,-161.87519701174134,144.33648691692292,0,8.313689445211303,1.626754296466615,1.4140246843147355,1.5479892968705804,1.2155054897128317,0.10740807422992692,,,0.9961387230524014
solve_baseline,PILOT_OUT_OF_COHORT,837,LAD,778,13,19.5,49.59816431341289,-162.963352110277,144.449806880651,1,9.145698384064373,1.706213999386598,1.5149250411898216,1.5620336386324833,1.2155054897128317,0.11599236967049924,0.35675385239190366,0.9963155584003818,0.9960515642706869
solve_baseline,PILOT_OUT_OF_COHORT,837,LAD,778,14,21.0,50.62407365640608,-164.05616648228096,144.44999694824222,1,9.757923260103272,1.762397072828265,1.5867451757403117,1.576077980394386,1.2155054897128317,0.15414916978326507,0.3565915943550091,0.9962872264007426,0.9959650481581115
solve_baseline,PILOT_OUT_OF_COHORT,837,LAD,778,15,22.5,51.560253641098285,-165.22501899385486,144.44999694824222,1,10.946390692807787,1.8666398623063185,1.61536663372093,1.590122322156289,1.2155054897128317,0.15971516032037658,0.3562406303560562,0.9962590268453541,0.9958907248168507
solve_baseline,PILOT_OUT_OF_COHORT,837,LAD,778,16,24.0,52.73923598224933,-166.14913725438583,144.44999694824222,1,11.203041908755118,1.888395878752143,1.6840674449651982,1.604166663918192,1.2155054897128317,0.14488936484348997,0.3562976934027046,0.9962326400260021,0.9958432894214486
solve_baseline,PILOT_OUT_OF_COHORT,837,LAD,778,17,25.5,53.93878950650233,-167.04880617834004,144.44999694824222,1,11.484747150910053,1.9119907317912903,1.7637236068740114,1.6182110056800947,1.2155054897128317,0.051140210009969475,0.3563964682150426,0.9961952278908123,0.9957904685147575
solve_baseline,PILOT_OUT_OF_COHORT,837,LAD,778,18,27.0,55.144694178972635,-167.93717922709178,144.4188371806242,1,12.25494429081834,1.9750620046973415,1.6966068879443685,1.6322553474419976,1.2155054897128317,0.13310378563615288,0.35603867897993885,0.9961758487174545,0.995737498390505
solve_baseline,PILOT_OUT_OF_COHORT,837,LAD,778,19,28.5,56.315193012264835,-168.76257410286576,143.99270341917068,1,11.284712048459639,1.8952665796035235,1.662971279523031,1.6462996892039006,1.2155054897128317,0.022845496993337717,0.35645023481136656,0.9961374609761724,0.99567226544013
solve_baseline,PILOT_OUT_OF_COHORT,837,LAD,778,20,30.0,57.36131919548138,-169.75279884540305,143.58033676984354,1,11.135962635031067,1.8827339161187078,1.6532929580183453,1.6603440309658035,1.2155054897128317,0.06700705580238195,0.35643614278862906,0.9960942959250333,0.995617432166583
solve_baseline,PILOT_OUT_OF_COHORT,837,LAD,778,21,31.5,58.51305546197807,-170.59564161463658,143.13417049364696,1,10.935285373138202,1.865692751369017,1.580859163244143,1.6743883727277062,1.2155054897128317,0.09817715565431545,0.35639580841118673,0.996052043012205,0.9955628022981017
solve_baseline,PILOT_OUT_OF_COHORT,837,LAD,778,22,33.0,59.80868302481262,-171.04211459101856,142.8785716018682,1,13.937690746652112,2.106301202400005,1.518816835026048,1.6415348636750084,1.2490505997779522,0.1268735670164391,0.35626796079160433,0.996018892040047,0.9954657514994605
solve_baseline,PILOT_OUT_OF_COHORT,837,LAD,778,23,34.5,60.180707035540244,-172.21936292290243,142.06429295060167,0,15.060367467149842,2.189489404942287,1.458293095653556,1.4183970636580245,1.3978313131697564,0.5999764606903579,,,0.995405560624018
solve_baseline,PILOT_OUT_OF_COHORT,837,LAD,778,24,36.0,61.126018527677815,-173.21775492498014,141.48342751036483,1,8.401255505857584,1.635298958560933,1.4359311938658195,1.3855415973047867,1.3855415973047867,0.09394072959153098,0.23733723578348934,0.9959817931326471,0.9953401617464223
solve_baseline,PILOT_OUT_OF_COHORT,837,LAD,778,25,37.5,62.140659797008354,-174.23245667200834,141.0544548558916,1,8.062594496824316,1.6019998553777106,1.4056769422611555,1.3526861309515485,1.3526861309515485,0.08953565919098977,0.2375354291072116,0.9959174064184605,0.9952693887043891
solve_baseline,PILOT_OUT_OF_COHORT,837,LAD,778,26,39.0,63.13589439757485,-175.22714719961093,140.53498251329808,1,8.133382749276205,1.6090171339085597,1.4167625992024921,1.3198306645983109,1.3198306645983109,0.040057622626455305,0.2375426552712561,0.9958692741970037,0.9951970510155277
solve_baseline,PILOT_OUT_OF_COHORT,837,LAD,778,27,40.5,64.18070344122157,-176.17871751204385,140.03858461908487,1,8.757641711845562,1.6696238907418577,1.3714249026726846,1.2869751982450728,1.2869751982450728,0.08177623498306233,0.23739522336659566,0.9958376410201838,0.9951286405624529
solve_baseline,PILOT_OUT_OF_COHORT,837,LAD,778,28,42.0,65.34769734880122,-177.10502099638168,139.91580613330652,1,6.795915623544463,1.4707845282858678,1.1427371077222541,1.2541197318918351,1.2541197318918351,0.09675365865293536,0.2374748356927334,0.9957433738412165,0.9949807040737412
solve_baseline,PILOT_OUT_OF_COHORT,837,LAD,778,29,43.5,66.43694126006045,-177.94253120638297,139.35907395501278,1,6.710966565793409,1.4615632055237724,1.0392863076242198,1.2212642655385975,1.2212642655385975,0.028124322738962513,0.23794681158144002,0.9956653447897631,0.9947830432534472
solve_baseline,PILOT_OUT_OF_COHORT,837,LAD,778,30,45.0,67.32782123775007,-178.89492418718427,138.62486126493323,1,4.7615377444547535,1.2311151601280912,0.9700322196770549,1.1884087991853594,1.1884087991853594,0.1536295700868682,0.23788841221706525,0.9954502437464017,0.9944947125713615
solve_baseline,PILOT_OUT_OF_COHORT,837,LAD,778,31,46.5,68.05986442609193,-180.01254006972118,137.9479311427343,1,5.180360903031289,1.2841184094291496,0.9964156844771989,1.1555533328321217,1.1555533328321217,0.09481126626328906,0.23796226800418044,0.9953123797703766,0.994130012859361
solve_baseline,PILOT_OUT_OF_COHORT,837,LAD,778,32,48.0,68.74818923733513,-181.1274510746988,137.22288587862673,1,5.273220712902981,1.295576429604273,1.0583444242080513,1.1226978664788836,1.1226978664788836,0.048511646196368614,0.2379836343689243,0.9952004644686551,0.9938260678486679
solve_baseline,PILOT_OUT_OF_COHORT,837,LAD,778,33,49.5,69.44850929397754,-182.07202172207536,136.29420084225205,1,4.757628087706033,1.2306096274215121,1.091890628547477,1.0898424001256453,1.0898424001256453,0.07685387517500186,0.23761957403747286,0.9950292052542831,0.9936813120921834
solve_baseline,PILOT_OUT_OF_COHORT,837,LAD,778,34,51.0,70.02612992568334,-183.05312988062315,135.32108160911577,1,4.735904731359048,1.2277969278411534,1.0553703523558058,1.0569869337724076,1.0569869337724076,0.10460707230681501,0.23762203466767973,0.9948831822439447,0.9933977366161236
solve_baseline,PILOT_OUT_OF_COHORT,837,LAD,778,35,52.5,70.26543129873372,-184.21161808296887,134.40047552061705,1,3.94728587162199,1.1209193175830636,0.9853058964295135,1.02413146741917,1.02413146741917,0.03767089836839783,0.238317938907458,0.9946589596634539,0.9931617152100152
solve_baseline,PILOT_OUT_OF_COHORT,837,LAD,778,36,54.0,70.5492514756428,-185.40398623181136,133.5410936356572,1,3.2505449774998842,1.017192509716465,0.9084661518365451,0.9912760010659319,0.9912760010659319,0.13249429480801528,0.2383730068369129,0.9942785302615613,0.9927562530757702
solve_baseline,PILOT_OUT_OF_COHORT,837,LAD,778,37,55.5,70.85071706180507,-186.56581491256128,132.65023360098917,1,3.0777924624825954,0.9897938009657181,0.8368579294121338,0.9584205347126941,0.9584205347126941,0.06566365816293661,0.2388388392446236,0.99380118723258,0.9921431431219311
solve_baseline,PILOT_OUT_OF_COHORT,837,LAD,778,38,57.0,71.31393826791336,-187.69012924763476,131.77656126751495,1,2.3948538175673972,0.8731011660149669,0.7715724726431111,0.9255650683594564,0.9255650683594564,0.16850933334080428,0.23817736106221402,0.992971463261915,0.9914802270962362
solve_baseline,PILOT_OUT_OF_COHORT,837,LAD,778,39,58.5,71.72947229465049,-188.88399530846795,130.97360796576763,1,3.1277744273595003,0.9977983373314336,0.7779531889063906,0.8927096020062184,0.8927096020062184,0.034813585399893314,0.23823822713623577,0.992694159469319,0.9905791993538209
solve_baseline,PILOT_OUT_OF_COHORT,837,LAD,778,40,60.0,72.17859447994545,-190.04066686529356,130.13470058245804,1,2.5228524569031867,0.8961299450500189,0.753498530512513,0.8598541356529807,0.8598541356529807,0.03819682610825659,0.23798677206175836,0.9922385470593676,0.9896671653737188
solve_baseline,PILOT_OUT_OF_COHORT,837,LAD,778,41,61.5,72.63134673621241,-191.28626726115738,129.47111921727029,1,1.878884345138087,0.7733482152649029,0.6694469927837394,0.8269986692997428,0.8269986692997428,0.031555866087090885,0.23789120465535177,0.9908779314418631,0.988671727814225
solve_baseline,PILOT_OUT_OF_COHORT,837,LAD,778,42,63.0,73.15731726317924,-192.49650980329616,128.81245033753555,1,1.6599316066812249,0.7268924547658873,0.5658980846490416,0.7941432029465049,0.7941432029465049,0.27973360339275527,0.2384834019531269,0.9894327457838599,0.9864643649124899
solve_baseline,PILOT_OUT_OF_COHORT,837,LAD,778,43,64.5,73.46418324606235,-193.8867891864612,128.38015935749647,1,1.2452187008965483,0.6295755895492676,0.5401426004785116,0.761287736593267,0.761287736593267,0.35288267890285746,0.23767038975964308,0.9865166379354443,0.9812634258788372
solve_baseline,PILOT_OUT_OF_COHORT,837,LAD,778,44,66.0,73.77886241968035,-195.2077401441549,127.7498678748136,0,2.1339347202651875,0.8241677729268786,0.6663190575897551,0.7284322702400294,0.7284322702400294,0.11867719778394344,,,0.9791856196309182
solve_baseline,PILOT_OUT_OF_COHORT,837,LAD,778,45,67.5,74.14079486817609,-196.59701954225514,127.442208181765,0,2.9286639857692025,0.965516804608165,0.7930655283699662,0.6955768038867916,0.6955768038867916,0.06634596014707948,,,0.9784151109868638
solve_baseline,PILOT_OUT_OF_COHORT,837,LAD,778,46,69.0,74.55221709122326,-197.9553748986317,127.01425665047063,0,2.253980491291365,0.847032628440864,0.7132969742828386,0.6627213375335532,0.6627213375335532,0.09180348054516682,,,0.977479262600192
solve_baseline,PILOT_OUT_OF_COHORT,837,LAD,778,47,70.5,75.28778504614147,-199.14522531367726,126.50963740362715,0,3.911912613737099,1.115885504359471,0.7811883165890151,0.6298658711803157,0.6298658711803157,0.17337670459334198,,,0.9764076114614786
solve_baseline,PILOT_OUT_OF_COHORT,837,LAD,778,48,72.0,74.83771761164807,-200.3851980825018,126.06769659352253,1,1.9712637074305637,0.7921317607257393,0.6539495752140687,0.6798073582915195,0.6798073582915195,0.1231944754922837,0.11571334313739183,0.985825583665954,0.9758433630939
solve_baseline,PILOT_OUT_OF_COHORT,837,LAD,778,49,73.5,74.55538905164327,-201.81739990370693,125.77392468318484,1,1.292443646915528,0.6414028298570603,0.5463325136004339,0.6785271212156841,0.6785271212156841,0.32466176736682917,0.11553628116552767,0.9846678822507362,0.9743740802171114
solve_baseline,PILOT_OUT_OF_COHORT,837,LAD,778,50,75.0,74.40075367129839,-203.13955214981885,125.08770640500997,1,1.5778454634373489,0.7086916183237623,0.5755977694239409,0.6772468841398483,0.6772468841398483,0.19856393443340487,0.11530702115942891,0.9839903348524422,0.9730019485159197
solve_baseline,PILOT_OUT_OF_COHORT,837,LAD,778,51,76.5,74.13415592155737,-204.35499662796852,124.27090132731315,1,1.9244050861491877,0.7826603119768216,0.6296565300396312,0.6759666470640129,0.6759666470640129,0.11289463537723482,0.115486668714777,0.9836434887034937,0.972170879721229
solve_baseline,PILOT_OUT_OF_COHORT,837,LAD,778,52,78.0,74.00551424618916,-205.3218883784839,123.13528527731238,0,3.0906150496260305,0.9918534794435984,0.7145447721799121,0.6746864099881773,0.6746864099881773,0.25511568542232144,,,0.971314327018714
solve_baseline,PILOT_OUT_OF_COHORT,837,LAD,778,53,79.5,73.45548698707155,-206.51427077405478,122.475389935884,0,3.1619310231859634,1.0032317300162117,0.756285998770258,0.6734061729123418,0.6734061729123418,0.17629862772965063,,,0.9709974240224419
solve_baseline,PILOT_OUT_OF_COHORT,837,LAD,778,54,81.0,73.23416085622871,-207.9567885802181,122.35674170293191,1,2.172196939398854,0.831523758258793,0.5940198521643401,0.6721259358365063,0.6721259358365063,0.31221560987726543,0.11505846299577838,0.983050943764578,0.9700567125285567
solve_baseline,PILOT_OUT_OF_COHORT,837,LAD,778,55,82.5,73.73206918231755,-209.2965959379174,121.95015689454627,1,1.6884340345776334,0.7331065716355604,0.5868931996663959,0.6708456987606707,0.6708456987606707,0.16764046978157693,0.11516221590061818,0.9825677680956838,0.9690264706526419
solve_baseline,PILOT_OUT_OF_COHORT,837,LAD,778,56,84.0,74.10802584485361,-210.67298737404886,121.53035414038617,1,1.2843367782324897,0.6393880619004707,0.5325381669759781,0.6695654616848352,0.6695654616848352,0.18817676448106213,0.11504884268339022,0.9814192915068737,0.9675083846095779
solve_baseline,PILOT_OUT_OF_COHORT,837,LAD,778,57,85.5,74.691387040882,-211.90303213153777,120.98788035824626,1,1.8621446789798888,0.7698954869486117,0.6274134734605964,0.6682852246089996,0.6682852246089996,0.07276561783214158,0.11548509969495888,0.9806632580936041,0.9661323876202536
solve_baseline,PILOT_OUT_OF_COHORT,837,LAD,778,58,87.0,75.1205635774804,-212.8634672009854,119.92715204177468,1,2.286044493123003,0.8530360850615081,0.7165033648157528,0.6670049875331641,0.6670049875331641,0.06225244126115582,0.11555483921439308,0.9804565684548672,0.9655004160812416
solve_baseline,PILOT_OUT_OF_COHORT,837,LAD,778,59,88.5,75.22629324177711,-213.91649246462362,118.87207582391595,1,2.438051709606035,0.8809403851537818,0.6895292489908742,0.6657247504573285,0.6657247504573285,0.14553512125824,0.11538425118070213,0.9802760127243639,0.964766654974715
solve_baseline,PILOT_OUT_OF_COHORT,837,LAD,778,60,90.0,75.44789278782125,-214.6108976651587,117.56442732619685,1,1.668610948208213,0.7287903409137523,0.6851955321461524,0.664444513381493,0.664444513381493,0.08154003631375607,0.11624803992474632,0.9795674172191795,0.9642822829671499
solve_baseline,PILOT_OUT_OF_COHORT,837,LAD,778,61,91.5,75.54798179679469,-215.24492985181396,116.21047946575324,1,2.501902929425994,0.8924014997233479,0.6958835995995999,0.6631642763056576,0.6631642763056576,0.10606723751586025,0.11467050988049861,0.9794336486389693,0.9636152238542097
solve_baseline,PILOT_OUT_OF_COHORT,837,LAD,778,62,93.0,75.91679163141426,-215.5803225466352,114.80482829468279,1,1.6088013807792623,0.715609798988368,0.664160265597106,0.661884039229822,0.661884039229822,0.16332431637539316,0.11461057348341001,0.9788053740900794,0.962884403587158
solve_baseline,PILOT_OUT_OF_COHORT,837,LAD,778,63,94.5,76.03632490606999,-216.15939899752797,113.439652622685,0,3.1684490770978546,1.0042652364341578,0.6832764472160265,0.6606038021539865,0.6606038021539865,0.44985978302598195,,,0.9621177470168454
solve_baseline,PILOT_OUT_OF_COHORT,837,LAD,778,64,96.0,76.14042794299024,-216.95552064341481,112.17577017662745,1,2.480819418078537,0.8886334152006197,0.6730656153919066,0.6593235650781508,0.6593235650781508,0.089578649868296,0.11520963711557317,0.978411103381427,0.9615937033686993
solve_baseline,PILOT_OUT_OF_COHORT,837,LAD,778,65,97.5,76.57339237724511,-217.75643887367048,110.98778457446095,0,1.3408541480794163,0.6533047767039689,0.6201554712672849,0.6580433280023152,0.6580433280023152,0.19498746918102222,,,0.9605835623364585
solve_baseline,PILOT_OUT_OF_COHORT,837,LAD,778,66,99.0,76.98018774124473,-218.79412923995434,109.99469665391975,1,1.8628635879838675,0.7700440874827057,0.6111367437052868,0.6567630909264798,0.6567630909264798,0.18388069502042143,0.11599934998180994,0.9770249165463204,0.9597119308840873
solve_baseline,PILOT_OUT_OF_COHORT,837,LAD,778,67,100.5,77.37330022213418,-219.92849012119876,109.10274210921575,1,1.5625296032540303,0.7052436601420774,0.588827415153627,0.6554828538506443,0.6554828538506443,0.21574626492577337,0.11563377176816714,0.9764261393771443,0.9587977787643499
solve_baseline,PILOT_OUT_OF_COHORT,837,LAD,778,68,102.0,77.93765348957857,-221.01994980930468,108.24298228407919,1,1.4602478136292045,0.6817707205185929,0.5539282845310455,0.6542026167748086,0.6542026167748086,0.1913390096444939,0.11612096388689504,0.9755934941882161,0.957191015721958
solve_baseline,PILOT_OUT_OF_COHORT,837,LAD,778,69,103.5,78.81078974224397,-221.88283403251543,107.40724108160292,1,1.5319291264761037,0.6983037919775622,0.5340925392233293,0.6529223796989732,0.6529223796989732,0.18926503333803432,0.11540321881586466,0.9749723516459244,0.9556990437196425
solve_baseline,PILOT_OUT_OF_COHORT,837,LAD,778,70,105.0,80.06399562341777,-222.1887806677706,106.67360264320821,1,1.6566330415607804,0.7261698664276279,0.5655617077602504,0.6516421426231376,0.6516421426231376,0.2758203818353539,0.11621860419997176,0.9741186686923996,0.9541487023309546
solve_baseline,PILOT_OUT_OF_COHORT,837,LAD,778,71,106.5,81.41126028119238,-222.1496371784242,106.02298514170428,1,1.866280697527494,0.770750022002583,0.548369931146894,0.650361905547302,0.650361905547302,0.2829140027966361,0.1150997206830662,0.9737763961798797,0.9528336638240037
solve_baseline,PILOT_OUT_OF_COHORT,837,LAD,778,72,108.0,82.70255443725121,-221.60925846010875,105.56004985778193,1,1.2505642344811005,0.6309254782802787,0.5209467847070652,0.6490816684714665,0.6490816684714665,0.20117194354133106,0.11423545580776091,0.9726168796974591,0.9510402959110895
solve_baseline,PILOT_OUT_OF_COHORT,837,LAD,778,73,109.5,83.45184008098812,-221.63417194647442,104.31057250442453,1,1.4308462281277134,0.6748722101419191,0.5090479120226207,0.647801431395631,0.647801431395631,0.29999387262504174,0.1161220626163363,0.9717261048567104,0.9485475018673617
solve_baseline,PILOT_OUT_OF_COHORT,837,LAD,778,74,111.0,83.47982418408569,-221.59980009006955,102.81557055118117,1,1.5028154839052366,0.6916364837377467,0.5725026193770699,0.6465211943197954,0.6465211943197954,0.09138691565221532,0.11586676640241607,0.9708472868844353,0.9469587734937258
solve_baseline,PILOT_OUT_OF_COHORT,837,LAD,778,75,112.5,83.45800651002415,-221.95947360801236,101.38357427899027,1,1.9719493800022634,0.7922695139336847,0.6875138532088624,0.6452409572439599,0.6452409572439599,0.09810506994339512,0.11543424663242853,0.9705564046953382,0.9461420306782972
solve_baseline,PILOT_OUT_OF_COHORT,837,LAD,778,76,114.0,82.94528275977743,-222.68452551325572,100.17697432423164,1,2.1526275976359415,0.8277696814933386,0.7213339892447759,0.6439607201681243,0.6439607201681243,0.11946323615100636,0.11591306042124726,0.9703192294406543,0.9456943023441821
solve_baseline,PILOT_OUT_OF_COHORT,837,LAD,778,77,115.5,82.55484942782648,-223.43049703046927,98.94027497375117,1,2.0309267772026613,0.8040298945306649,0.6975867659945542,0.6426804830922888,0.6426804830922888,0.034710867881088736,0.11558820179687686,0.9698639551280568,0.945020194159015
solve_baseline,PILOT_OUT_OF_COHORT,837,LAD,778,78,117.0,82.62051208936423,-223.95591042113597,97.54655253999269,1,2.2143410414083617,0.8395514545653483,0.6651946859804836,0.6414002460164532,0.6414002460164532,0.1634527522397222,0.1152604952241145,0.9695786581897146,0.944539168862023
solve_baseline,PILOT_OUT_OF_COHORT,837,LAD,778,79,118.5,83.21446509486174,-224.07380744450887,96.19030132063615,1,2.325070360332716,0.8602865114407013,0.6346316092433413,0.6401200089406176,0.6401200089406176,0.34308849081253356,0.11516413965018572,0.9693374576559701,0.9436214300473178
solve_baseline,PILOT_OUT_OF_COHORT,837,LAD,778,80,120.0,83.99874684401274,-223.89195466207556,94.92643218230262,1,1.8147495039619594,0.7600346755630443,0.6231939865189933,0.6388397718647821,0.6388397718647821,0.08527074025938627,0.11509057567264927,0.9686036626754935,0.9425281211934666
solve_baseline,PILOT_OUT_OF_COHORT,837,LAD,778,81,121.5,84.52951831009817,-223.8266578620135,93.54454815898647,0,1.0861551509551552,0.5879914306165299,0.5968384546482496,0.6375595347889467,0.6375595347889467,0.09833524736734038,,,0.9417904204088506
solve_baseline,PILOT_OUT_OF_COHORT,837,LAD,778,82,123.0,84.3763069400349,-224.2471046671603,92.12517305806891,1,1.7932361635037009,0.7555162467515312,0.6021818255331038,0.636279297713111,0.636279297713111,0.05696822918980066,0.11544067349157103,0.9667769726772787,0.9406101562108826
solve_baseline,PILOT_OUT_OF_COHORT,837,LAD,778,83,124.5,84.23002737764142,-224.935440601069,90.8085292159209,1,1.6528213027697691,0.7253339649890869,0.5993503910848844,0.6349990606372755,0.6349990606372755,0.15061833076979672,0.11527468400520502,0.9662465824264648,0.9395243369973157
solve_baseline,PILOT_OUT_OF_COHORT,837,LAD,778,84,126.0,83.65711649486852,-225.99613265703397,89.9592673400772,1,1.6661375962165135,0.7282500042006269,0.5614903722722541,0.6337188235614399,0.6337188235614399,0.35072888471240593,0.11543788303346614,0.9656693556195629,0.9384338629000257
solve_baseline,PILOT_OUT_OF_COHORT,837,LAD,778,85,127.5,82.87969889822678,-227.05750783286845,89.24824140253348,1,1.2101798169053666,0.6206546542007624,0.5323564333680985,0.6324385864856044,0.6324385864856044,0.40057606969962545,0.11528182231268624,0.964295140954941,0.9364280607225625
solve_baseline,PILOT_OUT_OF_COHORT,837,LAD,778,86,129.0,82.43000399932447,-227.9849697780529,88.1931316375482,1,1.4819104583219966,0.6868091069016512,0.5689496985358367,0.6311583494097688,0.6311583494097688,0.06737450078805016,0.11467419279679772,0.9636105361679429,0.9349903728376556
solve_baseline,PILOT_OUT_OF_COHORT,837,LAD,778,87,130.5,82.244984748435,-228.42143536223114,86.78393862764203,1,1.363788943619158,0.6588683505998192,0.5642707014146263,0.6298781123339333,0.6298781123339333,0.012496371234105096,0.11475122642715863,0.9627873483621834,0.9335976083233278
solve_baseline,PILOT_OUT_OF_COHORT,837,LAD,778,88,132.0,81.94315638077447,-228.48086088623904,85.31764870609767,1,1.697647782143754,0.7351041234507824,0.5939070287019433,0.6285978752580978,0.6285978752580978,0.0682396672361823,0.11366563210436742,0.9620495684784105,0.9323116223033671
solve_baseline,PILOT_OUT_OF_COHORT,837,LAD,778,89,133.5,81.72786564484394,-228.27238339813994,83.85878159647224,1,2.3149862926496882,0.8584189090009364,0.6965453036298166,0.6273176381822622,0.6273176381822622,0.06958399731883806,0.11491280329170707,0.9619295906761245,0.9315739725346426
solve_baseline,PILOT_OUT_OF_COHORT,837,LAD,778,90,135.0,81.30101112848378,-227.77005585326674,82.51267436005278,1,2.3000328730050215,0.855641982388198,0.7645838716480883,0.6260374011064267,0.6260374011064267,0.10802478903105515,0.11460024964087155,0.9616735699124527,0.9312320812110471
solve_baseline,PILOT_OUT_OF_COHORT,837,LAD,778,91,136.5,81.10093496872184,-227.41736626255093,81.07271224453984,1,2.3412059883717022,0.8632664777989504,0.7587086562590337,0.6247571640305911,0.6247571640305911,0.09046434323647738,0.11498497294183144,0.9613882737518485,0.9308118488610513
solve_baseline,PILOT_OUT_OF_COHORT,837,LAD,778,92,138.0,80.81562350337875,-227.09102269280925,79.63898108002043,1,2.07869803319253,0.8134310876503208,0.6998204050085929,0.6234769269547557,0.6234769269547557,0.15877409104177023,0.114664638201266,0.9610697105383754,0.9302658478654274
solve_baseline,PILOT_OUT_OF_COHORT,837,LAD,778,93,139.5,80.60334238290754,-226.65553571149488,78.22098228331697,1,1.808727788213291,0.7587726513282039,0.6543753285906605,0.6221966898789201,0.6221966898789201,0.12554097975085057,0.11486859677747037,0.9605866944995243,0.9295139896727522
solve_baseline,PILOT_OUT_OF_COHORT,837,LAD,778,94,141.0,80.44117822992399,-226.14935932092126,76.81962673916532,1,1.6033271457194598,0.7143912662325479,0.6337883456814408,0.6209164528030845,0.6209164528030845,0.20881122871063174,0.11483959959696981,0.9599182136605396,0.9285887982502429
solve_baseline,PILOT_OUT_OF_COHORT,837,LAD,778,95,142.5,80.22479052871488,-225.42293097254114,75.52717032482322,1,1.3032295607993045,0.6440736395548091,0.6484953929551143,0.6196362157272489,0.6196362157272489,0.4045957705519562,0.11514793902459895,0.9590935539002816,0.9279199126299343
solve_baseline,PILOT_OUT_OF_COHORT,837,LAD,778,96,144.0,80.17929161335131,-224.61935376792746,74.26237052795923,0,2.352938245155829,0.8654267762283763,0.717712014531636,0.6183559786514135,0.6183559786514135,0.20082396045965864,,,0.9271863442444044
solve_baseline,PILOT_OUT_OF_COHORT,837,LAD,778,97,145.5,80.29281519849832,-223.7898925195567,73.02071138413224,0,2.135528890267611,0.8244755654373755,0.7121210492302,0.6170757415755779,0.6170757415755779,0.13724214758235206,,,0.9268000098162933
solve_baseline,PILOT_OUT_OF_COHORT,837,LAD,778,98,147.0,80.75655405392898,-222.78001901390917,72.02046358322228,1,1.6658522021767441,0.7281876302670188,0.6109275986411641,0.6157955044997424,0.6157955044997424,0.3250193336486938,0.11571319021535567,0.957852153974806,0.9257735408124904
solve_baseline,PILOT_OUT_OF_COHORT,837,LAD,778,99,148.5,81.26051372924681,-221.77191940666873,71.03152652206103,1,1.1334941747032543,0.6006682959336065,0.5562891194470905,0.6145152674239068,0.6145152674239068,0.3433463255621677,0.1151098296483863,0.9564108485268501,0.9244671090946754
solve_baseline,PILOT_OUT_OF_COHORT,837,LAD,778,100,150.0,81.78014952697086,-220.73265930252973,70.08410784165909,1,1.5218384705552952,0.6960001654831485,0.5489576494068615,0.6132350303480713,0.6132350303480713,0.27964799818597247,0.11529250031608719,0.9558400943245992,0.9230526759203037
solve_baseline,PILOT_OUT_OF_COHORT,837,LAD,778,101,151.5,82.2632618245629,-219.76645975875044,69.0439701420546,1,1.0759164790817908,0.5852135097550206,0.5269574169413899,0.6119547932722357,0.6119547932722357,0.147064383974264,0.11458953617201106,0.9543769085864467,0.9213332727650553
solve_baseline,PILOT_OUT_OF_COHORT,837,LAD,778,102,153.0,82.73267194994293,-218.82885809341198,67.97477482158402,1,1.0299995863451057,0.5725897755800937,0.5011139407946082,0.6106745561964002,0.6106745561964002,0.2787753556294963,0.1157720849284263,0.9526394928992235,0.9192640115895621
solve_baseline,PILOT_OUT_OF_COHORT,837,LAD,778,103,154.5,83.4138904307062,-217.7056337899365,67.27085055091302,1,0.9573166111034024,0.5520175192167149,0.5023627845710166,0.6093943191205646,0.6093943191205646,0.3485014696724695,0.11645432234788847,0.9475287189835829,0.916639403537568
solve_baseline,PILOT_OUT_OF_COHORT,837,LAD,778,104,156.0,84.24646462707803,-216.59889608096304,66.69598682885781,1,1.5288356391879276,0.6975983789428071,0.5958681136036915,0.6081140820447292,0.6081140820447292,0.29936661808251164,0.1161099794847151,0.9476565561997794,0.9154052984152878
solve_baseline,PILOT_OUT_OF_COHORT,837,LAD,778,105,157.5,85.26757862270213,-215.54668477393597,66.45167508629964,1,1.8131293160766404,0.7596953246116824,0.6119586477400225,0.6068338449688935,0.6068338449688935,0.19946933821861704,0.11529062389800508,0.9473110291681431,0.9145944252786093
solve_baseline,PILOT_OUT_OF_COHORT,837,LAD,778,106,159.0,86.51170079094621,-214.71196876959525,66.46195795508177,0,1.1385296852336404,0.6020010419622105,0.49695805369992846,0.605553607893058,0.605553607893058,0.5164098322639472,,,0.9129197108164585
solve_baseline,PILOT_OUT_OF_COHORT,837,LAD,778,107,160.5,87.84986732268213,-214.22050636079467,66.89420048489562,0,1.3766678218424095,0.6619720369347518,0.4954864738661269,0.6042733708172225,0.6042733708172225,0.5945330336078167,,,0.9100703840532558
solve_baseline,PILOT_OUT_OF_COHORT,837,LAD,778,108,162.0,89.21578076375569,-213.61276067767744,66.94999694824219,0,1.2381502891916272,0.6277861719017187,0.5011322771427502,0.602993133741387,0.602993133741387,0.5519311565560459,,,0.9079152638267952
solve_baseline,PILOT_OUT_OF_COHORT,837,LAD,778,109,163.5,90.54453748079149,-212.92203409847477,66.9904820702586,1,1.6443157416662404,0.7234652421367569,0.5501154935274378,0.6017128966655514,0.6017128966655514,0.26661993733980227,0.11582678661309101,0.9432145204575253,0.9061753428454485
solve_baseline,PILOT_OUT_OF_COHORT,837,LAD,778,110,165.0,91.64452843178893,-211.99507066989582,67.39033846284013,1,1.4235050118535928,0.6731387065866683,0.5355374715131869,0.6004326595897159,0.6004326595897159,0.42422102772184167,0.11555493240800314,0.9425672059398982,0.9042662155380429
solve_baseline,PILOT_OUT_OF_COHORT,837,LAD,778,111,165.4395024296983,91.95402526855469,-211.6865234375,67.43695068359375,1,1.3311963265882347,0.6509477330819897,0.5335301466616882,0.6000575480527695,0.6000575480527695,0.49274794621036655,0.11504595786111488,0.9422450019477382,0.9042662155380429
