severity_pct_DS_branch_A,relax_variant,case_dir,outlet,R_out_SI,R_own_SI,G_R_over_Rown,relax_used,initial_p_kinematic,Q3D_m3s,Q3D_mls,Q0D_mls,flow_split_gap_pct_vs_0D,p_outlet_Pa,p_target_Pv_plus_RQ_Pa,BC_error_pct,Q_band_last200_pct,inlet_minus_sum_outlets_pct,iterations_last,controlDict_endTime,run_stopped_by,final_initial_residual_Ux,final_initial_residual_Uy,final_initial_residual_Uz,final_initial_residual_p,cells,checkMesh_max_nonortho_deg,checkMesh_avg_nonortho_deg,checkMesh_max_skewness,checkMesh_max_aspect,checkMesh_status,cores,ExecutionTime_s,ClockTime_s,note
0,hand (literal relax),case_ds00,A,1.30825546e+10,7.67313803e+07 (not in hand BC; from build_0d.py),170.4981,0.00583097,11.216617,8.509941100e-07,0.850994,0.857860,-0.8004,11799.8057,11799.7869,0.000160,0.001975,0.000000,1198,3000,manual stop (writeNow) before endTime; no residualControl (by design),3.193293e-08,2.0489902e-08,4.9943785e-08,2.8643658e-07,377607,51.396394,6.335863,2.7242864,10.584401,Mesh OK,1,3976.44,4738,"4 serial solves ran concurrently (start 12:57:45), so wall-clock is contended; checkMesh was run once per severity on the hand-variant mesh (auto variant uses the same mesh)"
0,hand (literal relax),case_ds00,B1,2.75061651e+10,1.75935633e+08 (not in hand BC; from build_0d.py),156.3422,0.00635557,11.181933,4.025227960e-07,0.402523,0.406681,-1.0225,11738.4789,11738.4685,0.000089,0.001805,0.000000,1198,3000,manual stop (writeNow) before endTime; no residualControl (by design),3.193293e-08,2.0489902e-08,4.9943785e-08,2.8643658e-07,377607,51.396394,6.335863,2.7242864,10.584401,Mesh OK,1,3976.44,4738,"4 serial solves ran concurrently (start 12:57:45), so wall-clock is contended; checkMesh was run once per severity on the hand-variant mesh (auto variant uses the same mesh)"
0,hand (literal relax),case_ds00,B2,4.74806421e+10,3.33191314e+08 (not in hand BC; from build_0d.py),142.5026,0.00696851,11.175786,2.330295710e-07,0.233030,0.235459,-1.0316,11731.0122,11731.0037,0.000072,0.001513,0.000000,1198,3000,manual stop (writeNow) before endTime; no residualControl (by design),3.193293e-08,2.0489902e-08,4.9943785e-08,2.8643658e-07,377607,51.396394,6.335863,2.7242864,10.584401,Mesh OK,1,3976.44,4738,"4 serial solves ran concurrently (start 12:57:45), so wall-clock is contended; checkMesh was run once per severity on the hand-variant mesh (auto variant uses the same mesh)"
0,"auto (G=R/R_own at runtime, relax=min(0.5,1/(1+G)))",case_ds00_auto,A,1.30825546e+10,7.67313803e+07,170.4981,0.00583097,11.216617,8.509939490e-07,0.850994,0.857860,-0.8004,11799.8056,11799.7848,0.000176,0.001975,0.000000,1201,3000,manual stop (writeNow) before endTime; no residualControl (by design),2.7607618e-08,1.856946e-08,4.7666708e-08,3.1925787e-07,377607,51.396394,6.335863,2.7242864,10.584401,Mesh OK,1,3896.36,4739,"4 serial solves ran concurrently (start 12:57:45), so wall-clock is contended; checkMesh was run once per severity on the hand-variant mesh (auto variant uses the same mesh)"
0,"auto (G=R/R_own at runtime, relax=min(0.5,1/(1+G)))",case_ds00_auto,B1,2.75061651e+10,1.75935633e+08,156.3422,0.00635557,11.181933,4.025227230e-07,0.402523,0.406681,-1.0225,11738.4788,11738.4665,0.000105,0.001609,0.000000,1201,3000,manual stop (writeNow) before endTime; no residualControl (by design),2.7607618e-08,1.856946e-08,4.7666708e-08,3.1925787e-07,377607,51.396394,6.335863,2.7242864,10.584401,Mesh OK,1,3896.36,4739,"4 serial solves ran concurrently (start 12:57:45), so wall-clock is contended; checkMesh was run once per severity on the hand-variant mesh (auto variant uses the same mesh)"
0,"auto (G=R/R_own at runtime, relax=min(0.5,1/(1+G)))",case_ds00_auto,B2,4.74806421e+10,3.33191314e+08,142.5026,0.00696851,11.175786,2.330295350e-07,0.233030,0.235459,-1.0316,11731.0120,11731.0020,0.000086,0.001350,0.000000,1201,3000,manual stop (writeNow) before endTime; no residualControl (by design),2.7607618e-08,1.856946e-08,4.7666708e-08,3.1925787e-07,377607,51.396394,6.335863,2.7242864,10.584401,Mesh OK,1,3896.36,4739,"4 serial solves ran concurrently (start 12:57:45), so wall-clock is contended; checkMesh was run once per severity on the hand-variant mesh (auto variant uses the same mesh)"
60,hand (literal relax),case_ds60,A,1.30825546e+10,7.67313803e+07 (not in hand BC; from build_0d.py),170.4981,0.00583097,11.216617,8.246408180e-07,0.824641,0.824347,0.0356,11455.0185,11455.0185,-0.000000,0.000015,0.000000,1210,3000,manual stop (writeNow) before endTime; no residualControl (by design),5.0706908e-10,9.7892513e-10,4.9308242e-09,1.006375e-08,371428,51.396394,6.4340281,2.7242864,10.584401,Mesh OK,1,3888.78,4737,"4 serial solves ran concurrently (start 12:57:45), so wall-clock is contended; checkMesh was run once per severity on the hand-variant mesh (auto variant uses the same mesh)"
60,hand (literal relax),case_ds60,B1,2.75061651e+10,1.75935633e+08 (not in hand BC; from build_0d.py),156.3422,0.00635557,11.181933,4.026044400e-07,0.402604,0.406716,-1.0110,11740.7130,11740.7142,-0.000011,0.000058,0.000000,1210,3000,manual stop (writeNow) before endTime; no residualControl (by design),5.0706908e-10,9.7892513e-10,4.9308242e-09,1.006375e-08,371428,51.396394,6.4340281,2.7242864,10.584401,Mesh OK,1,3888.78,4737,"4 serial solves ran concurrently (start 12:57:45), so wall-clock is contended; checkMesh was run once per severity on the hand-variant mesh (auto variant uses the same mesh)"
60,hand (literal relax),case_ds60,B2,4.74806421e+10,3.33191314e+08 (not in hand BC; from build_0d.py),142.5026,0.00696851,11.175786,2.330768460e-07,0.233077,0.235479,-1.0201,11733.2485,11733.2483,0.000002,0.000027,0.000000,1210,3000,manual stop (writeNow) before endTime; no residualControl (by design),5.0706908e-10,9.7892513e-10,4.9308242e-09,1.006375e-08,371428,51.396394,6.4340281,2.7242864,10.584401,Mesh OK,1,3888.78,4737,"4 serial solves ran concurrently (start 12:57:45), so wall-clock is contended; checkMesh was run once per severity on the hand-variant mesh (auto variant uses the same mesh)"
60,"auto (G=R/R_own at runtime, relax=min(0.5,1/(1+G)))",case_ds60_auto,A,1.30825546e+10,7.67313803e+07,170.4981,0.00583097,11.216617,8.246408220e-07,0.824641,0.824347,0.0356,11455.0185,11455.0186,-0.000001,0.000006,-0.000001,1361,3000,manual stop (writeNow) before endTime; no residualControl (by design),3.8811543e-10,1.1804483e-09,3.95749e-09,1.046e-08,371428,51.396394,6.4340281,2.7242864,10.584401,Mesh OK,1,3878.43,4736,"4 serial solves ran concurrently (start 12:57:45), so wall-clock is contended; checkMesh was run once per severity on the hand-variant mesh (auto variant uses the same mesh)"
60,"auto (G=R/R_own at runtime, relax=min(0.5,1/(1+G)))",case_ds60_auto,B1,2.75061651e+10,1.75935633e+08,156.3422,0.00635557,11.181933,4.026043980e-07,0.402604,0.406716,-1.0110,11740.7130,11740.7130,-0.000001,0.000010,-0.000001,1361,3000,manual stop (writeNow) before endTime; no residualControl (by design),3.8811543e-10,1.1804483e-09,3.95749e-09,1.046e-08,371428,51.396394,6.4340281,2.7242864,10.584401,Mesh OK,1,3878.43,4736,"4 serial solves ran concurrently (start 12:57:45), so wall-clock is contended; checkMesh was run once per severity on the hand-variant mesh (auto variant uses the same mesh)"
60,"auto (G=R/R_own at runtime, relax=min(0.5,1/(1+G)))",case_ds60_auto,B2,4.74806421e+10,3.33191314e+08,142.5026,0.00696851,11.175786,2.330768990e-07,0.233077,0.235479,-1.0200,11733.2485,11733.2508,-0.000019,0.000101,-0.000001,1361,3000,manual stop (writeNow) before endTime; no residualControl (by design),3.8811543e-10,1.1804483e-09,3.95749e-09,1.046e-08,371428,51.396394,6.4340281,2.7242864,10.584401,Mesh OK,1,3878.43,4736,"4 serial solves ran concurrently (start 12:57:45), so wall-clock is contended; checkMesh was run once per severity on the hand-variant mesh (auto variant uses the same mesh)"
