quantity,tolerance,W100_coarse_1.30M_cells,M50_audited_2.68M_cells,T25a_3.53M_cells,T25b_5.03M_cells,label,label_rule,scan,cohort_label
flow_red_distal_pct,0.5,5.702772537720435,5.478826005403048,5.397966786634978,5.398171314036082,INSENSITIVE,frozen mesh_sensitivity.py (design v3): tolerance fixed before the solves; change of each level against M50; UNASSESSABLE if unconverged/invalid,837,PILOT_OUT_OF_COHORT
flow_red_total_pct,0.5,3.063116928049203,2.943022747699109,2.899605584138487,2.899717718447492,INSENSITIVE,frozen mesh_sensitivity.py (design v3): tolerance fixed before the solves; change of each level against M50; UNASSESSABLE if unconverged/invalid,837,PILOT_OUT_OF_COHORT
added_static_loss_mmHg,0.1422302822454668,4.931120545442048,4.741009408182227,4.6709661785929395,4.670952537635606,INSENSITIVE,frozen mesh_sensitivity.py (design v3): tolerance fixed before the solves; change of each level against M50; UNASSESSABLE if unconverged/invalid,837,PILOT_OUT_OF_COHORT
p_min_over_Pao,0.0033,0.933485307076072,0.9361029734190489,0.9368213162115518,0.9368218079527597,INSENSITIVE,frozen mesh_sensitivity.py (design v3): tolerance fixed before the solves; change of each level against M50; UNASSESSABLE if unconverged/invalid,837,PILOT_OUT_OF_COHORT
umax_ms,0.0580133600690703,1.2004627413504585,1.160267201381406,1.14825159195914,1.14824917788198,INSENSITIVE,frozen mesh_sensitivity.py (design v3): tolerance fixed before the solves; change of each level against M50; UNASSESSABLE if unconverged/invalid,837,PILOT_OUT_OF_COHORT
tau_peak_throat_Pa,2.7369945132828635,57.86941193978671,54.739890265657266,53.60440129545299,53.60422886350466,INSENSITIVE,frozen mesh_sensitivity.py (design v3): tolerance fixed before the solves; change of each level against M50; UNASSESSABLE if unconverged/invalid,837,PILOT_OUT_OF_COHORT
onset_arc_mm,0.25,24.25,24.25,24.25,24.25,INSENSITIVE,frozen mesh_sensitivity.py (design v3): tolerance fixed before the solves; change of each level against M50; UNASSESSABLE if unconverged/invalid,837,PILOT_OUT_OF_COHORT
recovery_arc_wss_mm,1.0,39.0,39.0,39.0,39.0,INSENSITIVE,frozen mesh_sensitivity.py (design v3): tolerance fixed before the solves; change of each level against M50; UNASSESSABLE if unconverged/invalid,837,PILOT_OUT_OF_COHORT
max_reversed_wall_fraction,0.05,0.9420922676060915,1.0,1.0,1.0,INSENSITIVE,frozen mesh_sensitivity.py (design v3): tolerance fixed before the solves; change of each level against M50; UNASSESSABLE if unconverged/invalid,837,PILOT_OUT_OF_COHORT
max_reversed_area_fraction,0.05,0.6665270099425179,0.6699321759328811,0.6714510515881358,0.6708132934531773,INSENSITIVE,frozen mesh_sensitivity.py (design v3): tolerance fixed before the solves; change of each level against M50; UNASSESSABLE if unconverged/invalid,837,PILOT_OUT_OF_COHORT
