level,family,cells,strict_failed_checks,max_nonortho,max_skew,iterations,FFR_last100_mean,FFR_last100_band,outlet_Q_mls,throat_Q_mls,Re_throat,verdict,settled,drift_last500,budget_iterations,last_iteration,budget_reached,failed_checks,mass_imbalance_pct,bc_err_pct,cells_across_throat_median,cells_across_throat_min,cell_size_p95_um,bl_first_cell_um,bl_stack4_um,mpi_ranks,physical_cores_of_host,wall_clock_s,execution_time_s,log_finished,peak_ram_gb_sum_all_simpleFoam_on_host,peak_ram_dating_note,contended,checkMesh_standard_OK,max_nonortho_deg,checkMesh_strict_failed_checks,GATES_PASS,throat_area_err_pct,flagged_sets,refinement_zone,radial_cells,axial_cell_um_at_throat,Uz_residual_last,verdict_excluding_Uz,failed_checks_excluding_Uz
S50,3D,2687640,0,34.864423,1.1700036,3000,0.7933621608685665,9.66889874376431e-06,1.1949727826999998,1.1953685593,452.6683365454239,UNCONVERGED,True,2.3346348876351897e-07,3000,3000,True,"[""U_residual_lt_1e_5""]",0.0,-1.3911968885874094e-06,26.5,20,51.21946375548139,7.125000000000001,38.99999999999998,16,16,6394,6393.35,True,4.68,,no,True,34.864423,0,True,-0.16372641423118006,"{""concaveFaces"": {""n"": 452, ""x_min_mm"": 11.05, ""x_max_mm"": 51.95}}",lesion zone 11.5-51.5 mm at 50 um,,,,,
S25A,3D,3194196,0,42.035148,1.2725794,4000,0.7911026808689199,1.2367709523175563e-08,1.1916114822000001,1.1917127600000004,451.2839395952114,CONVERGED,True,5.194438212896557e-10,4000,4000,True,[],-1.6783993800522719e-06,9.528491992473796e-07,47.5,33,25.507307489537368,3.875000000000001,21.625000000000007,16,16,9260,9259.25,True,5.25,,no,True,42.035148,0,True,-0.03763633551233658,"{""concaveFaces"": {""n"": 644, ""x_min_mm"": 11.05, ""x_max_mm"": 51.95}}",throat zone A 29-34 mm,,,,,
S12A,3D,6739168,0,41.594781,1.2195413,6000,0.7903082737062492,1.3251117425561176e-08,1.1903954312000002,1.1904185299999996,450.79383389797727,CONVERGED,True,1.6219368070835571e-09,6000,6000,True,[],8.400569915053301e-07,-7.335313440043528e-07,88.0,58,12.686500096848555,1.5,8.625,16,16,29623,29620.35,True,9.8,,no,True,41.594781,0,True,-0.010261581686432653,"{""concaveFaces"": {""n"": 1108, ""x_min_mm"": 11.05, ""x_max_mm"": 51.95}}",throat zone A 29-34 mm,,,,,
S25B,3D,3299948,0,40.537435,1.4214005,4000,0.7911969811922472,1.1219279494323331e-07,1.1917680301999998,1.1918693306000006,451.34323055823916,CONVERGED,True,3.371084189573992e-09,4000,4000,True,[],0.0,2.435932623489382e-08,47.5,33,25.625387387512244,3.875000000000001,21.625000000000007,16,16,10392,10390.84,True,5.42,,no,True,40.537435,0,True,-0.037636464593127084,"{""concaveFaces"": {""n"": 676, ""x_min_mm"": 11.05, ""x_max_mm"": 51.95}}",throat zone B 30-35 mm (shifted),,,,,
S12B,3D,7649800,0,39.889577,1.3516996,3000,0.7904177078746973,5.4771285618038235e-08,1.1905766431,1.1905997515,450.86245979106536,CONVERGED,True,5.954168802446702e-08,3000,3000,True,[],0.0,-3.345668126749349e-07,88.0,58,12.70430265552381,1.5,8.625,16,16,20679,20677.08,True,10.89,,no,True,39.889577,0,True,-0.01026156985668436,"{""concaveFaces"": {""n"": 1212, ""x_min_mm"": 11.05, ""x_max_mm"": 51.95}}",throat zone B 30-35 mm (shifted),,,,,
W0,wedge,11232,0,18.186886,0.40715601,3000,0.7888106341631479,3.180268215441373e-08,1.18776411576,1.188186704658,449.9486747567543,UNCONVERGED,True,2.402869014872522e-10,3000,3000,True,"[""U_residual_lt_1e_5""]",4.091721529507513e-06,-3.7848125187394175e-06,,,,,,2,16,151,150.0,True,2.86,,yes,True,18.186886,0,True,,{},uniform wedge family,9,50.0,0.015893934,CONVERGED,[]
W1,wedge,44928,0,18.447996,0.41349466,3000,0.7896109049718193,1.8816586866421403e-07,1.189124183124,1.1893053178080002,450.3722769586936,UNCONVERGED,True,1.4205198017869236e-08,3000,3000,True,"[""U_residual_lt_1e_5""]",5.449388804488358e-06,-5.004564423449863e-06,,,,,,2,16,775,774.29,True,2.96,,yes,True,18.447996,0,True,,{},uniform wedge family,18,25.0,0.011083611,CONVERGED,[]
W2,wedge,179712,0,18.579652,0.41660654,3000,0.7901271673704483,1.696231382197766e-05,1.1892171109679999,1.1892871607579998,450.3654011532725,UNCONVERGED,True,0.00011749480732881068,3000,3000,True,"[""U_residual_lt_1e_5""]",7.870451863345278e-06,-0.001024179680288172,,,,,,4,16,2231,2229.79,True,2.96,,yes,True,18.579652,0,True,,{},uniform wedge family,36,12.5,0.011146701,UNCONVERGED,"[""U_residual_lt_1e_5""]"
W3,wedge,718848,0,18.645884,0.41823652,6000,0.7903671509567305,9.952472658447675e-06,1.1881938644639998,1.1882063761380002,449.95612405434525,UNCONVERGED,True,5.680393293172603e-05,6000,6000,True,"[""U_residual_lt_1e_5""]",5.301954389076682e-06,-0.0012093155427520643,,,,,,16,16,6499,6497.67,True,2.71,,no,True,18.645884,0,True,,{},uniform wedge family,72,6.25,0.0025939535,UNCONVERGED,"[""U_residual_lt_1e_5""]"
W3_3000it,wedge,718848,0,18.645884,0.41823652,3000,0.7934425759730739,0.0004459919786570232,1.170402105024,1.1704144696560002,443.2185930656643,UNCONVERGED,False,0.0011785067227337853,3000,3000,True,"[""U_residual_lt_1e_5"", ""all_Q_band200_lt_0_1pct"", ""outlet_P_band200_lt_0_1pct"", ""inlet_flux_band200_lt_0_1pct""]",-4.151128942368107e-06,-0.009623564061787103,,,,,,8,16,5585,5584.59,True,2.96,,yes,True,18.645884,0,True,,{},uniform wedge family,72,6.25,0.0037355908,UNCONVERGED,"[""U_residual_lt_1e_5"", ""all_Q_band200_lt_0_1pct"", ""outlet_P_band200_lt_0_1pct"", ""inlet_flux_band200_lt_0_1pct""]"
