scan,side,vessel,loc,c_mm,L_mm,ds_pct,band_leaky,ffr_leaky,base_leaky,eligible,reason,n_outlets,healthy_main,base_discrete,ffr_discrete,band_discrete,n_branch_ge_cut,deletable_branch
80,left,LAD,prox,19.875136816030917,10.0,70,"[0.65, 0.7)",0.688224672817487,0.9520820551368596,True,,3,0.9167689881109684,0.9414493340980522,0.6624404164930308,"[0.65, 0.70)",0.0,False
271,left,LAD,prox,20.010369293911584,10.0,80,"[0.65, 0.7)",0.6651130777494536,0.9743327975732852,True,,6,0.9642806259065122,0.9722213883983757,0.6377326058038232,out,0.0,False
328,left,LAD,mid,44.83893543460094,10.0,80,"[0.65, 0.7)",0.6545533725166699,0.9682835171703044,False,E3 healthy-network FFR 0.882 < 0.9,5,0.8815407496828529,,,,,False
454,left,LAD,mid,45.06243847552573,10.0,75,"[0.65, 0.7)",0.6944816669880712,0.966132487851684,True,,4,0.9137397015049059,0.9623909113457576,0.6555474376194944,"[0.65, 0.70)",0.0,False
790,left,LAD,prox,20.070854324671306,20.0,75,"[0.65, 0.7)",0.6605994016123056,0.9789713881307414,True,,5,0.916051714239277,0.9779967592112924,0.7009561345616275,"[0.70, 0.75)",1.0,True
806,left,LAD,prox,20.16906147548236,10.0,65,"[0.65, 0.7)",0.6513576318569986,0.955240051693689,False,E3 healthy-network FFR 0.785 < 0.9,5,0.7854413019912109,,,,,False
844,left,LAD,mid,45.06211745171612,10.0,80,"[0.65, 0.7)",0.6762330418562996,0.977212203708918,False,E3 healthy-network FFR 0.895 < 0.9,5,0.8952164983184707,,,,,False
890,left,LAD,prox,20.00315984308843,10.0,80,"[0.65, 0.7)",0.6815629426263271,0.9768895242830234,True,,3,0.9667944167129455,0.9785901357422885,0.715520027334789,"[0.70, 0.75)",1.0,True
95,left,LCX,prox,20.029195016031696,10.0,70,"[0.65, 0.7)",0.6618006907155267,0.9559421411218696,True,,6,0.9288564703828378,0.944656270405704,0.5706478518874942,out,2.0,True
151,left,LCX,prox,19.86397689697192,20.0,60,"[0.65, 0.7)",0.6517120882078548,0.9678541726364062,False,E3 healthy-network FFR 0.591 < 0.9,7,0.590975244002893,,,,,False
509,left,LCX,mid,44.88701471948272,20.0,60,"[0.65, 0.7)",0.696824610629801,0.940769446664062,False,E3 healthy-network FFR 0.801 < 0.9,7,0.8009588603004938,,,,,False
618,left,LCX,mid,44.831773067812755,20.0,70,"[0.65, 0.7)",0.6733561008776611,0.949860713105881,False,E3 healthy-network FFR 0.805 < 0.9,7,0.8045875188973584,,,,,False
667,left,LCX,prox,19.76212505554301,10.0,65,"[0.65, 0.7)",0.6775368323996085,0.953730744748402,False,E3 healthy-network FFR 0.887 < 0.9,6,0.8873973590422822,,,,,False
754,left,LCX,mid,44.760467448072575,10.0,70,"[0.65, 0.7)",0.6597473221032089,0.9485779978521284,False,E3 healthy-network FFR 0.884 < 0.9,6,0.8837106440967105,,,,,False
844,left,LCX,mid,44.682047646795645,20.0,75,"[0.65, 0.7)",0.6549668298467842,0.953300670245365,False,E3 healthy-network FFR 0.895 < 0.9,5,0.8952164983184707,,,,,False
932,left,LCX,prox,20.13079974356376,10.0,70,"[0.65, 0.7)",0.6797448460913936,0.962937658800761,True,,5,0.9011235324555087,0.9480282102769495,0.5715659130683637,out,1.0,True
973,left,LCX,prox,19.897478095805777,10.0,70,"[0.65, 0.7)",0.6871519314272377,0.9624381656122744,False,E3 healthy-network FFR 0.855 < 0.9,7,0.8550312174220699,,,,,False
284,right,RCA,prox,19.885016142548963,20.0,60,"[0.65, 0.7)",0.6698010887766785,0.9502307282583948,False,E3 healthy-network FFR 0.846 < 0.9,3,0.8458377962204786,,,,,False
300,right,RCA,mid,44.81760669399723,20.0,60,"[0.65, 0.7)",0.6864947273120777,0.9263387634203174,False,E4 fewer than 2 outlets,1,0.8580427825128216,,,,,False
316,right,RCA,mid,44.93688097821159,10.0,60,"[0.65, 0.7)",0.6679946813856243,0.9361441283643366,True,,4,0.9262291435490574,0.922380280199738,0.5908194943686347,out,3.0,True
328,right,RCA,prox,20.099642045333507,20.0,60,"[0.65, 0.7)",0.6676898336422874,0.9652230293487264,False,E3 healthy-network FFR 0.895 < 0.9,4,0.8954649132477732,,,,,False
507,right,RCA,prox,19.88417695267077,20.0,60,"[0.65, 0.7)",0.6946030744331642,0.9496111216060358,False,E3 healthy-network FFR 0.863 < 0.9,2,0.8626054181672437,,,,,False
812,right,RCA,mid,45.26536592631418,10.0,60,"[0.65, 0.7)",0.677206166798,0.934729003596414,True,,3,0.9089704722039047,0.9402717407709857,0.7022501339612212,"[0.70, 0.75)",2.0,True
874,right,RCA,prox,19.87357350774828,10.0,65,"[0.65, 0.7)",0.6603120004513904,0.9626849596422906,False,E3 healthy-network FFR 0.882 < 0.9,2,0.8824837893562033,,,,,False
901,right,RCA,prox,20.08535997173857,20.0,60,"[0.65, 0.7)",0.6942671508765675,0.9452953127677494,False,E3 healthy-network FFR 0.853 < 0.9,2,0.8530057940648758,,,,,False
417,left,LAD,mid,44.756112742535954,20.0,60,"[0.7, 0.75)",0.7395761815750975,0.9308684018861904,False,E3 healthy-network FFR 0.819 < 0.9,6,0.8193220584898023,,,,,False
686,left,LAD,mid,44.91775696985756,20.0,70,"[0.7, 0.75)",0.7301183671912844,0.9583662469570526,True,,6,0.9271220695475935,0.9406744474425442,0.5731368090353456,out,1.0,True
698,left,LAD,prox,19.73646756365204,20.0,65,"[0.7, 0.75)",0.7066379707204921,0.9721698424912216,False,E3 healthy-network FFR 0.824 < 0.9,5,0.8241044201317385,,,,,False
751,left,LAD,mid,45.03669621919314,10.0,70,"[0.7, 0.75)",0.7392904749170162,0.9317839126074636,False,E3 healthy-network FFR 0.823 < 0.9,6,0.8233126544049487,,,,,False
757,left,LAD,prox,20.03341531734164,10.0,55,"[0.7, 0.75)",0.7068151618726094,0.9647398215503848,False,E3 healthy-network FFR 0.855 < 0.9,6,0.8547329015018237,,,,,False
847,left,LAD,mid,45.14499163682691,20.0,60,"[0.7, 0.75)",0.7467475443148439,0.95084174020434,False,E3 healthy-network FFR 0.780 < 0.9,4,0.7799230352450975,,,,,False
928,left,LAD,prox,19.999916578247134,20.0,60,"[0.7, 0.75)",0.7320961480594511,0.9491137619158072,False,E3 healthy-network FFR 0.838 < 0.9,5,0.8381262235530053,,,,,False
935,left,LAD,mid,44.95061479941354,20.0,65,"[0.7, 0.75)",0.7181450358652174,0.937099296558112,False,E3 healthy-network FFR 0.805 < 0.9,3,0.8053263664555667,,,,,False
3,left,LCX,prox,19.991630537237658,20.0,70,"[0.7, 0.75)",0.736652010513968,0.9399596224643616,False,E3 healthy-network FFR 0.849 < 0.9,6,0.8489440913577087,,,,,False
45,left,LCX,prox,19.775126956464113,20.0,55,"[0.7, 0.75)",0.7265838141317569,0.9533393066404888,False,E3 healthy-network FFR 0.730 < 0.9,9,0.7297266039439277,,,,,False
324,left,LCX,mid,44.76922577720128,20.0,65,"[0.7, 0.75)",0.7095920278380714,0.945208364873966,False,E3 healthy-network FFR 0.793 < 0.9,6,0.7929028466158814,,,,,False
618,left,LCX,mid,44.831773067812755,10.0,70,"[0.7, 0.75)",0.7216971589575297,0.9542652044672184,False,E3 healthy-network FFR 0.805 < 0.9,7,0.8045875188973584,,,,,False
669,left,LCX,prox,20.31004845933463,10.0,55,"[0.7, 0.75)",0.7395545551094493,0.9378631118616906,False,E3 healthy-network FFR 0.769 < 0.9,6,0.7688729936881761,,,,,False
832,left,LCX,mid,44.912484524010885,10.0,70,"[0.7, 0.75)",0.7423877889281273,0.9664486385520262,False,E3 healthy-network FFR 0.900 < 0.9,6,0.8999776841547218,,,,,False
837,left,LCX,prox,19.79659885186229,20.0,80,"[0.7, 0.75)",0.7285192773708635,0.9834013747362912,True,,5,0.9690557308399701,0.9773998164469381,0.66648292085801,"[0.65, 0.70)",0.0,False
932,left,LCX,prox,20.13079974356376,20.0,65,"[0.7, 0.75)",0.7308637108100912,0.9605686602111836,True,,5,0.9011235324555087,0.9435585318019255,0.6327871076634484,out,1.0,True
129,right,RCA,prox,19.841322656601015,20.0,55,"[0.7, 0.75)",0.7388750019602945,0.9666611814486956,True,,2,0.9414588279514061,0.9728709127663615,0.7916226743864442,"[0.75, 0.80)",1.0,True
466,right,RCA,mid,45.13968239699106,10.0,60,"[0.7, 0.75)",0.7048028953303952,0.937856298779775,False,E3 healthy-network FFR 0.798 < 0.9,2,0.7980222486401407,,,,,False
474,right,RCA,mid,44.97621285150549,10.0,60,"[0.7, 0.75)",0.7303494188351938,0.9095298664883468,False,E3 healthy-network FFR 0.856 < 0.9,2,0.8558570026749877,,,,,False
616,right,RCA,mid,45.26476841632845,20.0,55,"[0.7, 0.75)",0.7170281141926104,0.928679871626946,False,E3 healthy-network FFR 0.752 < 0.9,2,0.7519726303624373,,,,,False
806,right,RCA,prox,20.128697340860523,20.0,60,"[0.7, 0.75)",0.7069482592961224,0.9520135690927428,False,E4 fewer than 2 outlets,1,0.8505910094311564,,,,,False
878,right,RCA,mid,44.98663724315443,20.0,55,"[0.7, 0.75)",0.7297769911303444,0.9219778684242004,False,E3 healthy-network FFR 0.882 < 0.9,2,0.8818406641136356,,,,,False
901,right,RCA,mid,45.221233146287034,20.0,55,"[0.7, 0.75)",0.7490815001951179,0.9234603728137222,False,E3 healthy-network FFR 0.853 < 0.9,2,0.8530057940648758,,,,,False
928,right,RCA,mid,44.87390252700362,20.0,55,"[0.7, 0.75)",0.702136866086884,0.9182397698667693,False,E3 healthy-network FFR 0.874 < 0.9,3,0.8742395679019431,,,,,False
997,right,RCA,prox,20.007681924869335,10.0,60,"[0.7, 0.75)",0.708354401290521,0.9706464465242872,True,,3,0.9121539674587492,0.9712444252281053,0.7156800028729542,"[0.70, 0.75)",2.0,True
151,left,LAD,prox,19.79158713342683,20.0,55,"[0.75, 0.8)",0.7842221615032631,0.9660213385057124,False,E3 healthy-network FFR 0.591 < 0.9,7,0.590975244002893,,,,,False
211,left,LAD,prox,19.97562741413311,10.0,65,"[0.75, 0.8)",0.7998570175727138,0.9604386133514276,True,,5,0.9027514038927228,0.9464573828816771,0.6909481162036066,"[0.65, 0.70)",1.0,True
273,left,LAD,prox,19.81046011549767,20.0,60,"[0.75, 0.8)",0.7524023253517054,0.9610106813689632,False,E3 healthy-network FFR 0.780 < 0.9,7,0.7795804894033996,,,,,False
280,left,LAD,prox,20.187353120514334,20.0,70,"[0.75, 0.8)",0.7578752793480465,0.959308638993328,True,,6,0.9456349920149331,0.9518859293306744,0.7051171674229083,"[0.70, 0.75)",0.0,False
502,left,LAD,prox,19.89522038158555,10.0,80,"[0.75, 0.8)",0.7708169168272124,0.981520845333133,True,,5,0.9743564754047833,0.9811334649923187,0.7513132773644484,"[0.75, 0.80)",1.0,True
759,left,LAD,prox,20.204779489213795,20.0,60,"[0.75, 0.8)",0.7655685116816449,0.9429684314889698,True,,4,0.9049058872200478,0.9468603065266691,0.7963890195357136,"[0.75, 0.80)",0.0,False
806,left,LAD,prox,20.16906147548236,20.0,55,"[0.75, 0.8)",0.7795821814504666,0.9490555949349502,False,E3 healthy-network FFR 0.785 < 0.9,5,0.7854413019912109,,,,,False
869,left,LAD,prox,19.970058695102995,20.0,55,"[0.75, 0.8)",0.7609640552303482,0.9412265420986085,False,E3 healthy-network FFR 0.734 < 0.9,7,0.7342368731506274,,,,,False
890,left,LAD,prox,20.00315984308843,20.0,75,"[0.75, 0.8)",0.764044513868616,0.9740395240185412,True,,3,0.9667944167129455,0.9749191291145669,0.7897919685281661,"[0.75, 0.80)",1.0,True
43,left,LCX,mid,45.10483912136891,20.0,55,"[0.75, 0.8)",0.7799141825222162,0.9408584955715972,False,E3 healthy-network FFR 0.811 < 0.9,8,0.8108672363931441,,,,,False
196,left,LCX,prox,20.231808904204772,10.0,60,"[0.75, 0.8)",0.7922742552736767,0.9683511240220872,True,,3,0.9415739446310254,0.9692999800358901,0.7989051171381054,"[0.75, 0.80)",2.0,True
569,left,LCX,prox,19.771917969129944,10.0,75,"[0.75, 0.8)",0.7877139765579301,0.9780785304991582,False,E3 healthy-network FFR 0.733 < 0.9,6,0.7333577966609545,,,,,False
669,left,LCX,prox,20.31004845933463,20.0,50,"[0.75, 0.8)",0.7673925359308024,0.9349861616592282,False,E3 healthy-network FFR 0.769 < 0.9,6,0.7688729936881761,,,,,False
675,left,LCX,prox,19.836212195961178,10.0,65,"[0.75, 0.8)",0.796829818106905,0.9678912401327306,True,,5,0.9027204134104806,0.9563965128134286,0.7199461273165436,"[0.70, 0.75)",0.0,False
686,left,LCX,mid,45.24837126855215,10.0,70,"[0.75, 0.8)",0.7776319810568159,0.9613348464384665,True,,6,0.9271220695475935,0.9585354243493868,0.7701986458633258,"[0.75, 0.80)",0.0,False
725,left,LCX,prox,20.11165337357836,10.0,60,"[0.75, 0.8)",0.7923966503300754,0.9567170144761706,False,E3 healthy-network FFR 0.795 < 0.9,5,0.79514549937279,,,,,False
808,left,LCX,prox,19.916708001851095,20.0,55,"[0.75, 0.8)",0.7607359334254022,0.919134932629227,False,E3 healthy-network FFR 0.792 < 0.9,4,0.7915430213257032,,,,,False
95,right,RCA,prox,19.90512881006739,20.0,55,"[0.75, 0.8)",0.7506531891261196,0.9505402841714908,False,E4 fewer than 2 outlets,1,0.8109027091301817,,,,,False
280,right,RCA,prox,19.947907492310968,10.0,55,"[0.75, 0.8)",0.7865579627748858,0.9630888593309004,False,E3 healthy-network FFR 0.883 < 0.9,2,0.8831568001191115,,,,,False
509,right,RCA,mid,44.772652268610685,10.0,50,"[0.75, 0.8)",0.7839878309074712,0.9616759381770772,False,E3 healthy-network FFR 0.855 < 0.9,3,0.8552119300541735,,,,,False
773,right,RCA,prox,20.020969707820782,20.0,55,"[0.75, 0.8)",0.7571395273781031,0.934673808206974,False,E4 fewer than 2 outlets,1,0.826276121556321,,,,,False
928,right,RCA,mid,44.87390252700362,10.0,50,"[0.75, 0.8)",0.7924084974224455,0.928324227338334,False,E3 healthy-network FFR 0.874 < 0.9,3,0.8742395679019431,,,,,False
932,right,RCA,prox,19.79175087176568,10.0,60,"[0.75, 0.8)",0.7537025528510526,0.9611436192374948,False,E3 healthy-network FFR 0.804 < 0.9,2,0.8039508684172745,,,,,False
935,right,RCA,prox,20.15092523779868,10.0,55,"[0.75, 0.8)",0.7854378246675997,0.9670890948959548,False,E3 healthy-network FFR 0.786 < 0.9,2,0.7855612163974072,,,,,False
980,right,RCA,mid,44.91944714887882,20.0,50,"[0.75, 0.8)",0.7844880796500561,0.9603258456653918,True,,2,0.9459932639253823,0.9770564934613958,0.8904796327467854,"[0.85, 0.90)",1.0,True
45,left,LAD,prox,20.02753074516996,10.0,55,"[0.8, 0.85)",0.8100179216519049,0.95518510646754,False,E3 healthy-network FFR 0.730 < 0.9,9,0.7297266039439277,,,,,False
129,left,LAD,mid,44.88116444244936,10.0,60,"[0.8, 0.85)",0.843053543620009,0.9619254122585658,False,E3 healthy-network FFR 0.899 < 0.9,6,0.8985474616573667,,,,,False
211,left,LAD,mid,45.231039918899334,20.0,60,"[0.8, 0.85)",0.8104742607107499,0.9434386919072096,True,,5,0.9027514038927228,0.9170244058709253,0.6978817230085326,"[0.65, 0.70)",1.0,True
335,left,LAD,mid,44.89036876833278,20.0,50,"[0.8, 0.85)",0.835843191674507,0.9054480448127924,False,E3 healthy-network FFR 0.755 < 0.9,4,0.7549079893946444,,,,,False
621,left,LAD,mid,44.80585835989483,10.0,70,"[0.8, 0.85)",0.8199099876226582,0.9610320705174908,False,E3 healthy-network FFR 0.772 < 0.9,9,0.772059156039321,,,,,False
625,left,LAD,prox,20.124857743190375,20.0,50,"[0.8, 0.85)",0.8421277096652561,0.9412639061653012,False,E3 healthy-network FFR 0.868 < 0.9,5,0.8677796646384277,,,,,False
645,left,LAD,prox,20.168156921457992,20.0,70,"[0.8, 0.85)",0.8192757564293915,0.9753835072039698,True,,7,0.9562608450088667,0.9645348067987202,0.7920301768773684,"[0.75, 0.80)",1.0,True
687,left,LAD,mid,45.164402094972274,20.0,55,"[0.8, 0.85)",0.8451651095064802,0.9283123434040202,False,E3 healthy-network FFR 0.782 < 0.9,6,0.7821848124401477,,,,,False
698,left,LAD,prox,19.73646756365204,10.0,60,"[0.8, 0.85)",0.8130150361607137,0.973498267644737,False,E3 healthy-network FFR 0.824 < 0.9,5,0.8241044201317385,,,,,False
3,left,LCX,prox,19.991630537237658,20.0,65,"[0.8, 0.85)",0.8101883002547834,0.9399596224643616,False,E3 healthy-network FFR 0.849 < 0.9,6,0.8489440913577087,,,,,False
368,left,LCX,prox,19.86144924414704,10.0,60,"[0.8, 0.85)",0.8172847389156394,0.9665720536306572,False,E3 healthy-network FFR 0.716 < 0.9,6,0.7161212906767753,,,,,False
616,left,LCX,prox,20.10136686160318,10.0,70,"[0.8, 0.85)",0.8167810582689187,0.972329410832147,False,E3 healthy-network FFR 0.855 < 0.9,7,0.8552688969850331,,,,,False
687,left,LCX,prox,19.79063756755221,10.0,50,"[0.8, 0.85)",0.8246221574064541,0.9433917868273488,False,E3 healthy-network FFR 0.782 < 0.9,6,0.7821848124401477,,,,,False
751,left,LCX,prox,19.878348134058776,10.0,65,"[0.8, 0.85)",0.8034768394519428,0.966803952705738,False,E3 healthy-network FFR 0.823 < 0.9,6,0.8233126544049487,,,,,False
812,left,LCX,prox,19.873184186946652,10.0,70,"[0.8, 0.85)",0.8341140953630313,0.9703056202359792,False,E3 healthy-network FFR 0.873 < 0.9,6,0.8732597893794296,,,,,False
907,left,LCX,prox,20.23436287648782,10.0,65,"[0.8, 0.85)",0.8032264093073476,0.976811382997843,True,,7,0.9458170445218341,0.9726931155447978,0.7427050841464896,"[0.70, 0.75)",2.0,True
935,left,LCX,prox,19.924791181305785,20.0,55,"[0.8, 0.85)",0.8498593929847201,0.9562689316852612,False,E3 healthy-network FFR 0.805 < 0.9,3,0.8053263664555667,,,,,False
69,right,RCA,mid,44.96182724948663,20.0,50,"[0.8, 0.85)",0.814104221466519,0.9653985433698004,True,,2,0.930211231919284,0.9699615949964389,0.8450465181348816,"[0.80, 0.85)",1.0,True
100,right,RCA,prox,19.909575606339285,10.0,55,"[0.8, 0.85)",0.8271328626112776,0.9594139094843778,False,E3 healthy-network FFR 0.737 < 0.9,2,0.736976898383131,,,,,False
129,right,RCA,mid,45.13807246546565,10.0,50,"[0.8, 0.85)",0.8135223225864842,0.9528822170060308,True,,2,0.9414588279514061,0.9612619922224707,0.8528780651494898,"[0.85, 0.90)",1.0,True
218,right,RCA,prox,20.190962124456508,10.0,50,"[0.8, 0.85)",0.8495653694680038,0.9618766946816428,True,,2,0.9103659219820479,0.9601536412213808,0.8458885573852009,"[0.80, 0.85)",1.0,True
251,right,RCA,mid,45.1220052174455,10.0,55,"[0.8, 0.85)",0.804739231503726,0.9407800538585578,True,,2,0.9027806932790838,0.9368739775418212,0.7836725131552631,"[0.75, 0.80)",1.0,True
454,right,RCA,mid,45.03417363715683,10.0,50,"[0.8, 0.85)",0.8304327834157059,0.9420191169957324,True,,2,0.9007089552897618,0.9412819084780717,0.8207466461299402,"[0.80, 0.85)",1.0,True
616,right,RCA,mid,45.26476841632845,20.0,40,"[0.8, 0.85)",0.8480542535600885,0.928679871626946,False,E3 healthy-network FFR 0.752 < 0.9,2,0.7519726303624373,,,,,False
727,right,RCA,mid,44.78243585422437,20.0,50,"[0.8, 0.85)",0.8106023459690286,0.9424122962468144,False,E3 healthy-network FFR 0.880 < 0.9,3,0.8797699866428764,,,,,False
43,left,LAD,mid,45.001405579871125,10.0,50,"[0.85, 0.9)",0.8949533271476932,0.9461559884359636,False,E3 healthy-network FFR 0.811 < 0.9,8,0.8108672363931441,,,,,False
335,left,LAD,mid,44.89036876833278,10.0,50,"[0.85, 0.9)",0.8602116775367892,0.9098968627158944,False,E3 healthy-network FFR 0.755 < 0.9,4,0.7549079893946444,,,,,False
543,left,LAD,prox,20.131550117394223,10.0,50,"[0.85, 0.9)",0.8914270439690968,0.954139751058837,False,E3 healthy-network FFR 0.700 < 0.9,6,0.6999159474482511,,,,,False
580,left,LAD,prox,19.8332242332875,20.0,55,"[0.85, 0.9)",0.8864036097865019,0.9564441850393745,False,E3 healthy-network FFR 0.899 < 0.9,5,0.8987732819279617,,,,,False
754,left,LAD,prox,19.962450929110965,20.0,60,"[0.85, 0.9)",0.8570250815517833,0.9669327942955775,False,E3 healthy-network FFR 0.884 < 0.9,6,0.8837106440967105,,,,,False
757,left,LAD,prox,20.03341531734164,10.0,40,"[0.85, 0.9)",0.8766107808808754,0.9647398215503848,False,E3 healthy-network FFR 0.855 < 0.9,6,0.8547329015018237,,,,,False
759,left,LAD,prox,20.204779489213795,20.0,50,"[0.85, 0.9)",0.8588427232514189,0.9429684314889698,True,,4,0.9049058872200478,0.9468603065266691,0.8768912628738184,"[0.85, 0.90)",0.0,False
825,left,LAD,prox,20.236634456457967,10.0,65,"[0.85, 0.9)",0.8812508429832854,0.9816284286088428,True,,5,0.9252372489998617,0.9763784506307516,0.835931810059997,"[0.80, 0.85)",0.0,False
928,left,LAD,mid,44.85959932462877,20.0,55,"[0.85, 0.9)",0.8593300920694007,0.937248460815002,False,E3 healthy-network FFR 0.838 < 0.9,5,0.8381262235530053,,,,,False
69,left,LCX,prox,19.968439226816404,10.0,50,"[0.85, 0.9)",0.8986175094405734,0.9754450680061588,False,E3 healthy-network FFR 0.863 < 0.9,4,0.8631831116459197,,,,,False
324,left,LCX,mid,44.76922577720128,10.0,55,"[0.85, 0.9)",0.8659183617194717,0.9495586385302008,False,E3 healthy-network FFR 0.793 < 0.9,6,0.7929028466158814,,,,,False
466,left,LCX,mid,44.753839296682415,10.0,65,"[0.85, 0.9)",0.8711517319137335,0.9649087665758146,False,E3 healthy-network FFR 0.898 < 0.9,4,0.8981771233285184,,,,,False
544,left,LCX,prox,19.923112737589356,20.0,40,"[0.85, 0.9)",0.8869108057524346,0.9479360621231464,False,E3 healthy-network FFR 0.776 < 0.9,4,0.776038263135367,,,,,False
645,left,LCX,prox,19.792119446467236,10.0,70,"[0.85, 0.9)",0.861282830690288,0.9806083361598404,True,,7,0.9562608450088667,0.9710888393958192,0.7222675987733052,"[0.70, 0.75)",1.0,True
789,left,LCX,prox,20.066577790198664,20.0,40,"[0.85, 0.9)",0.8858963384718134,0.91582941170828,False,E3 healthy-network FFR 0.710 < 0.9,5,0.7100623115250703,,,,,False
812,left,LCX,prox,19.873184186946652,10.0,65,"[0.85, 0.9)",0.8890047906305223,0.9703056202359792,False,E3 healthy-network FFR 0.873 < 0.9,6,0.8732597893794296,,,,,False
908,left,LCX,prox,20.022913499040175,20.0,60,"[0.85, 0.9)",0.8720003653138018,0.9675079211941648,True,,7,0.9265985812755715,0.9690919679418328,0.873984120979118,"[0.85, 0.90)",2.0,True
43,right,RCA,prox,19.98510506112973,20.0,40,"[0.85, 0.9)",0.893025232941482,0.9598784285389488,False,E3 healthy-network FFR 0.753 < 0.9,3,0.7529763520017047,,,,,False
109,right,RCA,prox,19.93238330913048,20.0,40,"[0.85, 0.9)",0.8951746856100623,0.952785172201144,False,E4 fewer than 2 outlets,1,0.7810694104757615,,,,,False
244,right,RCA,prox,20.346292084311344,20.0,40,"[0.85, 0.9)",0.8856854746156096,0.9666512836906496,False,E3 healthy-network FFR 0.880 < 0.9,2,0.8800441823249487,,,,,False
341,right,RCA,mid,45.18334755777365,20.0,40,"[0.85, 0.9)",0.8756854465187985,0.95274531981462,True,,3,0.913846323280178,0.9518077024353814,0.8695698303830288,"[0.85, 0.90)",2.0,True
363,right,RCA,prox,19.913550767376258,10.0,50,"[0.85, 0.9)",0.8554482721519934,0.9535818376656132,False,E4 fewer than 2 outlets,1,0.8342638659252656,,,,,False
725,right,RCA,prox,19.881086075913235,20.0,40,"[0.85, 0.9)",0.8914666842462036,0.9523975442364409,False,E3 healthy-network FFR 0.734 < 0.9,2,0.7336421412319473,,,,,False
799,right,RCA,mid,45.05174909577203,10.0,40,"[0.85, 0.9)",0.8799709918819413,0.9328106585218264,False,E3 healthy-network FFR 0.844 < 0.9,3,0.8444751318653709,,,,,False
825,right,RCA,mid,45.16503552458168,10.0,40,"[0.85, 0.9)",0.88541283529412,0.939322485498622,False,E3 healthy-network FFR 0.839 < 0.9,3,0.8385507258977524,,,,,False
52,left,LAD,prox,20.220799385886504,10.0,50,"[0.9, 0.95)",0.9031251858308986,0.9699749230678668,False,E3 healthy-network FFR 0.794 < 0.9,8,0.7940152435604764,,,,,False
138,left,LAD,prox,19.805971213778474,20.0,55,"[0.9, 0.95)",0.9008575369965408,0.9760677362848894,False,E3 healthy-network FFR 0.848 < 0.9,5,0.8475636626392307,,,,,False
280,left,LAD,prox,20.187353120514334,10.0,50,"[0.9, 0.95)",0.9402320634602144,0.9648640905935508,True,,6,0.9456349920149331,0.9597099800169385,0.9258982595311649,"[0.90, 0.95)",0.0,False
284,left,LAD,prox,20.00382405967711,20.0,60,"[0.9, 0.95)",0.9010858086008632,0.9739842245005804,True,,5,0.9175860804898643,0.9718168676782735,0.899487683403889,"[0.85, 0.90)",0.0,False
328,left,LAD,mid,44.83893543460094,20.0,60,"[0.9, 0.95)",0.9116362758505024,0.9663410433161818,False,E3 healthy-network FFR 0.882 < 0.9,5,0.8815407496828529,,,,,False
546,left,LAD,prox,19.860910067250536,10.0,50,"[0.9, 0.95)",0.9279320856058656,0.9673717652468528,True,,5,0.9529895553578105,0.9696632604431874,0.9341968636440194,"[0.90, 0.95)",1.0,True
675,left,LAD,prox,20.012313703224372,10.0,50,"[0.9, 0.95)",0.9399868994091825,0.9657512732382852,True,,5,0.9027204134104806,0.9548605270678379,0.9290118051910995,"[0.90, 0.95)",1.0,True
954,left,LAD,prox,19.822648071447674,10.0,40,"[0.9, 0.95)",0.9296459696445224,0.9588573432509347,True,,4,0.9213493273600397,0.9635318014131674,0.9395968985122669,"[0.90, 0.95)",1.0,True
52,left,LCX,prox,19.834686933380887,20.0,40,"[0.9, 0.95)",0.9045843522444732,0.9578828607585088,False,E3 healthy-network FFR 0.794 < 0.9,8,0.7940152435604764,,,,,False
368,left,LCX,prox,19.86144924414704,10.0,50,"[0.9, 0.95)",0.9024408615626268,0.9665720536306572,False,E3 healthy-network FFR 0.716 < 0.9,6,0.7161212906767753,,,,,False
466,left,LCX,prox,19.99116880167023,10.0,60,"[0.9, 0.95)",0.9031627495994096,0.9711507563840708,False,E3 healthy-network FFR 0.898 < 0.9,4,0.8981771233285184,,,,,False
569,left,LCX,prox,19.771917969129944,20.0,55,"[0.9, 0.95)",0.935120732338616,0.9771732630093506,False,E3 healthy-network FFR 0.733 < 0.9,6,0.7333577966609545,,,,,False
616,left,LCX,prox,20.10136686160318,10.0,55,"[0.9, 0.95)",0.9349852999782516,0.972329410832147,False,E3 healthy-network FFR 0.855 < 0.9,7,0.8552688969850331,,,,,False
661,left,LCX,prox,19.7857928770083,20.0,55,"[0.9, 0.95)",0.9032081148307186,0.9766396518703718,True,,6,0.9622419782710933,0.9691697918235249,0.8688919523436168,"[0.85, 0.90)",1.0,True
683,left,LCX,prox,19.84182692290015,10.0,55,"[0.9, 0.95)",0.9127225633019916,0.9730761805095112,True,,4,0.9033001595614334,0.9105765614895409,0.6954152088249904,"[0.65, 0.70)",0.0,False
847,left,LCX,prox,20.041057129914137,20.0,40,"[0.9, 0.95)",0.9034562748978548,0.9152867301422964,False,E3 healthy-network FFR 0.780 < 0.9,4,0.7799230352450975,,,,,False
42,right,RCA,prox,20.165241541772453,10.0,40,"[0.9, 0.95)",0.9051238212641192,0.95427895594239,False,E3 healthy-network FFR 0.838 < 0.9,3,0.8382680532546872,,,,,False
211,right,RCA,mid,45.157424500245625,10.0,40,"[0.9, 0.95)",0.9029348121510768,0.9457811126061524,False,E3 healthy-network FFR 0.869 < 0.9,2,0.8690310056202853,,,,,False
280,right,RCA,prox,19.947907492310968,10.0,40,"[0.9, 0.95)",0.9091587676434628,0.9630888593309004,False,E3 healthy-network FFR 0.883 < 0.9,2,0.8831568001191115,,,,,False
341,right,RCA,prox,19.74999776504346,10.0,40,"[0.9, 0.95)",0.900321311653144,0.9720472629502932,True,,3,0.913846323280178,0.9735714190326005,0.9101698763834742,"[0.90, 0.95)",2.0,True
507,right,RCA,prox,19.88417695267077,10.0,40,"[0.9, 0.95)",0.9067729512812396,0.9529406567642262,False,E3 healthy-network FFR 0.863 < 0.9,2,0.8626054181672437,,,,,False
625,right,RCA,prox,19.895479772831653,10.0,40,"[0.9, 0.95)",0.904223016989003,0.9694935270592396,True,,3,0.9003242216290186,0.9719210192027968,0.9181254272771593,"[0.90, 0.95)",2.0,True
645,right,RCA,prox,20.01955946793441,10.0,40,"[0.9, 0.95)",0.9101182736288308,0.9687367021616862,False,E3 healthy-network FFR 0.859 < 0.9,2,0.8592311525710703,,,,,False
812,right,RCA,prox,20.248049654467117,20.0,40,"[0.9, 0.95)",0.90235554614887,0.9719240649990016,True,,3,0.9089704722039047,0.9760418010460016,0.9232591442646167,"[0.90, 0.95)",2.0,True
980,right,RCA,prox,19.93862791408827,10.0,40,"[0.9, 0.95)",0.9006565389313332,0.977820115881184,True,,2,0.9459932639253823,0.9871734048314157,0.9552745930373066,out,1.0,True
