bed,error_type,protocol,band_bed,n,flips,floor6a,flip_pct,floor6a_pct
discrete,T1_missed_branch,A_fixed,0.65,12,2,6.050252711727486e-10,16.666666666666668,6.050252711727486e-08
discrete,T1_missed_branch,A_fixed,0.7,8,7,2.214815858779126e-06,87.5,0.0002214815858779126
discrete,T1_missed_branch,A_fixed,0.75,9,9,0.17908919279149582,100.0,17.908919279149583
discrete,T1_missed_branch,A_fixed,0.8,14,0,0.24453399631699252,0.0,24.453399631699252
discrete,T1_missed_branch,A_fixed,0.85,13,0,0.0005244375309823932,0.0,0.05244375309823932
discrete,T1_missed_branch,A_fixed,0.9,9,0,3.653433734406654e-11,0.0,3.6534337344066543e-09
discrete,T1_missed_branch,B_rederived,0.65,12,1,6.050252711727486e-10,8.333333333333334,6.050252711727486e-08
discrete,T1_missed_branch,B_rederived,0.7,8,1,2.214815858779126e-06,12.5,0.0002214815858779126
discrete,T1_missed_branch,B_rederived,0.75,9,5,0.17908919279149582,55.55555555555556,17.908919279149583
discrete,T1_missed_branch,B_rederived,0.8,14,0,0.24453399631699252,0.0,24.453399631699252
discrete,T1_missed_branch,B_rederived,0.85,13,0,0.0005244375309823932,0.0,0.05244375309823932
discrete,T1_missed_branch,B_rederived,0.9,9,0,3.653433734406654e-11,0.0,3.6534337344066543e-09
discrete,T1_missed_branch,C_flowmatched,0.65,5,1,4.562351965559227e-10,20.0,4.562351965559227e-08
discrete,T1_missed_branch,C_flowmatched,0.7,5,2,2.005940783009758e-06,40.0,0.00020059407830097582
discrete,T1_missed_branch,C_flowmatched,0.75,5,5,0.14130619167693362,100.0,14.130619167693363
discrete,T1_missed_branch,C_flowmatched,0.8,8,0,0.24517173980985046,0.0,24.517173980985046
discrete,T1_missed_branch,C_flowmatched,0.85,7,0,0.0004853113625989432,0.0,0.048531136259894324
discrete,T1_missed_branch,C_flowmatched,0.9,4,0,9.424226164687343e-12,0.0,9.424226164687344e-10
discrete,T2_truncation,A_fixed,0.65,8,5,7.282482037659625e-10,62.5,7.282482037659625e-08
discrete,T2_truncation,A_fixed,0.7,5,5,3.1880723270156033e-06,100.0,0.00031880723270156033
discrete,T2_truncation,A_fixed,0.75,6,6,0.08730886587980602,100.0,8.730886587980603
discrete,T2_truncation,A_fixed,0.8,13,0,0.252314070614048,0.0,25.2314070614048
discrete,T2_truncation,A_fixed,0.85,6,0,4.824114553358102e-05,0.0,0.0048241145533581015
discrete,T2_truncation,A_fixed,0.9,5,0,1.4272836821952083e-11,0.0,1.4272836821952082e-09
discrete,T2_truncation,B_rederived,0.65,14,0,5.279933709860028e-10,0.0,5.279933709860028e-08
discrete,T2_truncation,B_rederived,0.7,9,0,2.6341711910454945e-06,0.0,0.00026341711910454947
discrete,T2_truncation,B_rederived,0.75,11,1,0.1477823602864753,9.090909090909092,14.778236028647528
discrete,T2_truncation,B_rederived,0.8,18,12,0.2395267928354444,66.66666666666667,23.95267928354444
discrete,T2_truncation,B_rederived,0.85,15,3,0.000454659913449221,20.0,0.0454659913449221
discrete,T2_truncation,B_rederived,0.9,10,0,3.6247631554760995e-11,0.0,3.6247631554760994e-09
discrete,T2_truncation,C_flowmatched,0.65,8,0,7.282482037659625e-10,0.0,7.282482037659625e-08
discrete,T2_truncation,C_flowmatched,0.7,5,0,3.1880723270156033e-06,0.0,0.00031880723270156033
discrete,T2_truncation,C_flowmatched,0.75,6,1,0.08730886587980602,16.666666666666668,8.730886587980603
discrete,T2_truncation,C_flowmatched,0.8,13,9,0.252314070614048,69.23076923076923,25.2314070614048
discrete,T2_truncation,C_flowmatched,0.85,6,1,4.824114553358102e-05,16.666666666666668,0.0048241145533581015
discrete,T2_truncation,C_flowmatched,0.9,5,0,1.4272836821952083e-11,0.0,1.4272836821952082e-09
discrete,T3_stenosis_length,A_fixed,0.65,14,0,5.279933709860028e-10,0.0,5.279933709860028e-08
discrete,T3_stenosis_length,A_fixed,0.7,10,0,2.3777692205290526e-06,0.0,0.00023777692205290525
discrete,T3_stenosis_length,A_fixed,0.75,11,0,0.1477823602864753,0.0,14.778236028647528
discrete,T3_stenosis_length,A_fixed,0.8,18,7,0.2395267928354444,38.888888888888886,23.95267928354444
discrete,T3_stenosis_length,A_fixed,0.85,15,0,0.000454659913449221,0.0,0.0454659913449221
discrete,T3_stenosis_length,A_fixed,0.9,10,0,3.6247631554760995e-11,0.0,3.6247631554760994e-09
discrete,T3_stenosis_length,B_rederived,0.65,14,0,5.279933709860028e-10,0.0,5.279933709860028e-08
discrete,T3_stenosis_length,B_rederived,0.7,10,0,2.3777692205290526e-06,0.0,0.00023777692205290525
discrete,T3_stenosis_length,B_rederived,0.75,11,0,0.1477823602864753,0.0,14.778236028647528
discrete,T3_stenosis_length,B_rederived,0.8,18,7,0.2395267928354444,38.888888888888886,23.95267928354444
discrete,T3_stenosis_length,B_rederived,0.85,15,0,0.000454659913449221,0.0,0.0454659913449221
discrete,T3_stenosis_length,B_rederived,0.9,10,0,3.6247631554760995e-11,0.0,3.6247631554760994e-09
discrete,T3_stenosis_length,C_flowmatched,0.65,14,0,5.279933709860028e-10,0.0,5.279933709860028e-08
discrete,T3_stenosis_length,C_flowmatched,0.7,10,0,2.3777692205290526e-06,0.0,0.00023777692205290525
discrete,T3_stenosis_length,C_flowmatched,0.75,11,0,0.1477823602864753,0.0,14.778236028647528
discrete,T3_stenosis_length,C_flowmatched,0.8,18,7,0.2395267928354444,38.888888888888886,23.95267928354444
discrete,T3_stenosis_length,C_flowmatched,0.85,15,0,0.000454659913449221,0.0,0.0454659913449221
discrete,T3_stenosis_length,C_flowmatched,0.9,10,0,3.6247631554760995e-11,0.0,3.6247631554760994e-09
discrete,T4_taper,A_fixed,0.65,14,0,5.279933709860028e-10,0.0,5.279933709860028e-08
discrete,T4_taper,A_fixed,0.7,10,0,2.3777692205290526e-06,0.0,0.00023777692205290525
discrete,T4_taper,A_fixed,0.75,11,0,0.1477823602864753,0.0,14.778236028647528
discrete,T4_taper,A_fixed,0.8,18,13,0.2395267928354444,72.22222222222223,23.95267928354444
discrete,T4_taper,A_fixed,0.85,15,0,0.000454659913449221,0.0,0.0454659913449221
discrete,T4_taper,A_fixed,0.9,10,0,3.6247631554760995e-11,0.0,3.6247631554760994e-09
discrete,T4_taper,B_rederived,0.65,14,0,5.279933709860028e-10,0.0,5.279933709860028e-08
discrete,T4_taper,B_rederived,0.7,10,0,2.3777692205290526e-06,0.0,0.00023777692205290525
discrete,T4_taper,B_rederived,0.75,11,1,0.1477823602864753,9.090909090909092,14.778236028647528
discrete,T4_taper,B_rederived,0.8,18,7,0.2395267928354444,38.888888888888886,23.95267928354444
discrete,T4_taper,B_rederived,0.85,15,0,0.000454659913449221,0.0,0.0454659913449221
discrete,T4_taper,B_rederived,0.9,10,0,3.6247631554760995e-11,0.0,3.6247631554760994e-09
discrete,T4_taper,C_flowmatched,0.65,14,0,5.279933709860028e-10,0.0,5.279933709860028e-08
discrete,T4_taper,C_flowmatched,0.7,10,0,2.3777692205290526e-06,0.0,0.00023777692205290525
discrete,T4_taper,C_flowmatched,0.75,11,1,0.1477823602864753,9.090909090909092,14.778236028647528
discrete,T4_taper,C_flowmatched,0.8,18,7,0.2395267928354444,38.888888888888886,23.95267928354444
discrete,T4_taper,C_flowmatched,0.85,15,0,0.000454659913449221,0.0,0.0454659913449221
discrete,T4_taper,C_flowmatched,0.9,10,0,3.6247631554760995e-11,0.0,3.6247631554760994e-09
leaky,T1_missed_branch,A_fixed,0.65,18,1,8.830415485564552e-10,5.555555555555555,8.830415485564552e-08
leaky,T1_missed_branch,A_fixed,0.7,22,6,0.00044203994894807233,27.272727272727273,0.04420399489480723
leaky,T1_missed_branch,A_fixed,0.75,17,14,0.18883700938037082,82.3529411764706,18.88370093803708
leaky,T1_missed_branch,A_fixed,0.8,21,0,0.132960251242136,0.0,13.296025124213601
leaky,T1_missed_branch,A_fixed,0.85,19,0,0.00024262274803113514,0.0,0.024262274803113514
leaky,T1_missed_branch,A_fixed,0.9,21,0,5.140472332995288e-10,0.0,5.140472332995288e-08
leaky,T1_missed_branch,B_rederived,0.65,18,0,8.830415485564552e-10,0.0,8.830415485564552e-08
leaky,T1_missed_branch,B_rederived,0.7,22,2,0.00044203994894807233,9.090909090909092,0.04420399489480723
leaky,T1_missed_branch,B_rederived,0.75,17,4,0.18883700938037082,23.529411764705884,18.88370093803708
leaky,T1_missed_branch,B_rederived,0.8,21,0,0.132960251242136,0.0,13.296025124213601
leaky,T1_missed_branch,B_rederived,0.85,19,0,0.00024262274803113514,0.0,0.024262274803113514
leaky,T1_missed_branch,B_rederived,0.9,21,0,5.140472332995288e-10,0.0,5.140472332995288e-08
leaky,T1_missed_branch,C_flowmatched,0.65,9,0,1.3779864841390572e-10,0.0,1.3779864841390573e-08
leaky,T1_missed_branch,C_flowmatched,0.7,14,2,0.000268365117872869,14.285714285714286,0.026836511787286896
leaky,T1_missed_branch,C_flowmatched,0.75,8,4,0.1896205203844088,50.0,18.96205203844088
leaky,T1_missed_branch,C_flowmatched,0.8,14,0,0.14604479608599275,0.0,14.604479608599274
leaky,T1_missed_branch,C_flowmatched,0.85,12,0,0.00019611810150135182,0.0,0.019611810150135182
leaky,T1_missed_branch,C_flowmatched,0.9,14,0,7.548796567548535e-10,0.0,7.548796567548535e-08
leaky,T2_truncation,A_fixed,0.65,24,16,7.734820507778772e-10,66.66666666666667,7.734820507778772e-08
leaky,T2_truncation,A_fixed,0.7,25,22,0.00038997282420262367,88.0,0.03899728242026237
leaky,T2_truncation,A_fixed,0.75,25,25,0.18528879297660722,100.0,18.528879297660723
leaky,T2_truncation,A_fixed,0.8,24,0,0.1158041758078815,0.0,11.580417580788149
leaky,T2_truncation,A_fixed,0.85,24,0,0.00029041964506745544,0.0,0.029041964506745545
leaky,T2_truncation,A_fixed,0.9,25,0,6.124966586596166e-10,0.0,6.124966586596166e-08
leaky,T2_truncation,B_rederived,0.65,25,0,7.425482500127004e-10,0.0,7.425482500127003e-08
leaky,T2_truncation,B_rederived,0.7,25,2,0.00038997282420262367,8.0,0.03899728242026237
leaky,T2_truncation,B_rederived,0.75,25,5,0.18528879297660722,20.0,18.528879297660723
leaky,T2_truncation,B_rederived,0.8,24,0,0.1158041758078815,0.0,11.580417580788149
leaky,T2_truncation,B_rederived,0.85,25,0,0.0002789914858992484,0.0,0.027899148589924837
leaky,T2_truncation,B_rederived,0.9,25,0,6.124966586596166e-10,0.0,6.124966586596166e-08
leaky,T2_truncation,C_flowmatched,0.65,17,0,2.8244625054670676e-10,0.0,2.8244625054670675e-08
leaky,T2_truncation,C_flowmatched,0.7,17,3,0.00027660827490569594,17.647058823529413,0.027660827490569594
leaky,T2_truncation,C_flowmatched,0.75,17,5,0.20225206557214817,29.41176470588235,20.22520655721482
leaky,T2_truncation,C_flowmatched,0.8,16,0,0.1266253192144184,0.0,12.662531921441841
leaky,T2_truncation,C_flowmatched,0.85,16,0,0.00029464396056747526,0.0,0.029464396056747527
leaky,T2_truncation,C_flowmatched,0.9,17,0,4.049769394679544e-10,0.0,4.049769394679544e-08
leaky,T3_stenosis_length,A_fixed,0.65,25,0,7.425482500127004e-10,0.0,7.425482500127003e-08
leaky,T3_stenosis_length,A_fixed,0.7,25,0,0.00038997282420262367,0.0,0.03899728242026237
leaky,T3_stenosis_length,A_fixed,0.75,25,0,0.18528879297660722,0.0,18.528879297660723
leaky,T3_stenosis_length,A_fixed,0.8,25,3,0.11747908647751987,12.0,11.747908647751986
leaky,T3_stenosis_length,A_fixed,0.85,25,0,0.0002789914858992484,0.0,0.027899148589924837
leaky,T3_stenosis_length,A_fixed,0.9,25,0,6.124966586596166e-10,0.0,6.124966586596166e-08
leaky,T3_stenosis_length,B_rederived,0.65,25,0,7.425482500127004e-10,0.0,7.425482500127003e-08
leaky,T3_stenosis_length,B_rederived,0.7,25,0,0.00038997282420262367,0.0,0.03899728242026237
leaky,T3_stenosis_length,B_rederived,0.75,25,0,0.18528879297660722,0.0,18.528879297660723
leaky,T3_stenosis_length,B_rederived,0.8,25,3,0.11747908647751987,12.0,11.747908647751986
leaky,T3_stenosis_length,B_rederived,0.85,25,0,0.0002789914858992484,0.0,0.027899148589924837
leaky,T3_stenosis_length,B_rederived,0.9,25,0,6.124966586596166e-10,0.0,6.124966586596166e-08
leaky,T3_stenosis_length,C_flowmatched,0.65,25,0,7.425482500127004e-10,0.0,7.425482500127003e-08
leaky,T3_stenosis_length,C_flowmatched,0.7,25,0,0.00038997282420262367,0.0,0.03899728242026237
leaky,T3_stenosis_length,C_flowmatched,0.75,25,0,0.18528879297660722,0.0,18.528879297660723
leaky,T3_stenosis_length,C_flowmatched,0.8,25,4,0.11747908647751987,16.0,11.747908647751986
leaky,T3_stenosis_length,C_flowmatched,0.85,25,0,0.0002789914858992484,0.0,0.027899148589924837
leaky,T3_stenosis_length,C_flowmatched,0.9,25,0,6.124966586596166e-10,0.0,6.124966586596166e-08
leaky,T4_taper,A_fixed,0.65,25,0,7.425482500127004e-10,0.0,7.425482500127003e-08
leaky,T4_taper,A_fixed,0.7,25,0,0.00038997282420262367,0.0,0.03899728242026237
leaky,T4_taper,A_fixed,0.75,25,0,0.18528879297660722,0.0,18.528879297660723
leaky,T4_taper,A_fixed,0.8,25,14,0.11747908647751987,56.0,11.747908647751986
leaky,T4_taper,A_fixed,0.85,25,0,0.0002789914858992484,0.0,0.027899148589924837
leaky,T4_taper,A_fixed,0.9,25,0,6.124966586596166e-10,0.0,6.124966586596166e-08
leaky,T4_taper,B_rederived,0.65,25,0,7.425482500127004e-10,0.0,7.425482500127003e-08
leaky,T4_taper,B_rederived,0.7,25,0,0.00038997282420262367,0.0,0.03899728242026237
leaky,T4_taper,B_rederived,0.75,25,0,0.18528879297660722,0.0,18.528879297660723
leaky,T4_taper,B_rederived,0.8,25,1,0.11747908647751987,4.0,11.747908647751986
leaky,T4_taper,B_rederived,0.85,25,0,0.0002789914858992484,0.0,0.027899148589924837
leaky,T4_taper,B_rederived,0.9,25,0,6.124966586596166e-10,0.0,6.124966586596166e-08
leaky,T4_taper,C_flowmatched,0.65,25,0,7.425482500127004e-10,0.0,7.425482500127003e-08
leaky,T4_taper,C_flowmatched,0.7,25,0,0.00038997282420262367,0.0,0.03899728242026237
leaky,T4_taper,C_flowmatched,0.75,25,1,0.18528879297660722,4.0,18.528879297660723
leaky,T4_taper,C_flowmatched,0.8,25,7,0.11747908647751987,28.0,11.747908647751986
leaky,T4_taper,C_flowmatched,0.85,25,0,0.0002789914858992484,0.0,0.027899148589924837
leaky,T4_taper,C_flowmatched,0.9,25,0,6.124966586596166e-10,0.0,6.124966586596166e-08
