bed,cls,protocol,n_models,n_model_draws,nominal_n,nominal_pw,nominal_flip,matched_pw,matched_flip,matched_pass,matched_wrong,matched_pw_lo,matched_pw_hi,matched_pw_wilson_lo,matched_pw_wilson_hi,matched_flip_lo,matched_flip_hi,excess_floor,excess_floor_lo,excess_floor_hi,excess_B,excess_B_lo,excess_B_hi
discrete,cal,A_fixed,194,388,194,3.0927835051546393,10.309278350515463,1.5463917525773196,10.309278350515463,50.77319587628865,3.0927835051546393,0.48532020164301715,3.0303030303030303,0.7106021972288924,3.3322213642113354,5.263157894736842,15.854375896700141,1.5463917525773196,0.2777777777777778,3.0303030303030303,1.5463917525773196,0.2871168582375479,3.0555555555555554
discrete,cal,B_rederived,194,388,194,0.0,7.731958762886598,0.0,7.731958762886598,47.93814432989691,0.0,0.0,0.0,0.0,0.9803604836138515,3.8461538461538463,12.631578947368421,0.0,0.0,0.0,0.0,0.0,0.0
discrete,cal,C_flowmatched,194,388,194,4.639175257731959,7.731958762886598,9.793814432989691,9.793814432989691,71.90721649484536,11.597938144329897,6.443107583954272,13.702781593406591,7.218723327727444,13.157236648786789,5.55488782051282,14.516321044546851,5.154639175257731,1.499628712871287,8.980787062288643,9.793814432989691,6.553114508665275,13.684210526315791
discrete,cal,D_perterritory,194,388,194,18.04123711340206,10.824742268041238,26.54639175257732,12.11340206185567,100.0,26.54639175257732,21.345520720067658,31.58029001074113,22.398057861936053,31.154585457697255,7.446808510638298,16.752718930553982,11.597938144329897,6.971153846153847,16.000815217391303,26.54639175257732,21.354166666666664,31.55370452093753
discrete,floor,A_fixed,97,194,97,0.0,0.0,0.0,0.0,52.57731958762887,0.0,0.0,0.0,0.0,1.9416854503563297,0.0,0.0,,,,,,
discrete,floor,B_rederived,97,194,97,0.0,0.0,0.0,0.0,52.57731958762887,0.0,0.0,0.0,0.0,1.9416854503563297,0.0,0.0,,,,,,
discrete,floor,C_flowmatched,97,194,97,0.0,0.0,4.639175257731959,8.24742268041237,74.74226804123711,5.154639175257731,2.0618556701030926,7.5,2.4596004726009086,8.580279111227513,4.166666666666666,12.63752052545156,,,,,,
discrete,floor,D_perterritory,97,194,97,0.0,0.0,14.948453608247423,8.24742268041237,100.0,14.948453608247423,10.43956043956044,19.892610269914414,10.61410860335842,20.643980165963534,4.301075268817205,12.7453481392557,,,,,,
discrete,throat,A_fixed,194,388,194,28.865979381443296,29.896907216494846,17.010309278350515,29.896907216494846,25.257731958762886,82.4742268041237,13.264923469387757,20.880240683229808,13.599539840805974,21.067914498898016,25.5,34.89709341397849,17.010309278350515,12.930792328554825,20.9248051163812,0.0,0.0,0.0
discrete,throat,B_rederived,194,388,194,28.865979381443296,29.896907216494846,17.010309278350515,29.896907216494846,25.257731958762886,82.4742268041237,13.042646406388641,20.83434466019417,13.599539840805974,21.067914498898016,25.247524752475247,34.61633663366336,17.010309278350515,13.172043010752688,21.01063829787234,0.0,0.0,0.0
discrete,throat,C_flowmatched,192,383,193,56.994818652849744,37.82383419689119,42.44791666666667,37.23958333333333,55.208333333333336,83.85416666666666,36.15277777777778,49.00012437810945,37.4504677549542,47.29780607798385,32.71276595744681,41.7501329787234,38.02083333333333,31.74383823881311,44.47513812154696,25.260416666666668,20.052083333333336,30.48949864498644
discrete,throat,D_perterritory,194,388,194,80.41237113402062,39.69072164948454,78.35051546391753,38.144329896907216,95.36082474226805,82.9896907216495,71.64948453608247,84.78288883908562,73.98520780114943,82.15994862566747,33.94736842105263,42.105620709382144,63.4020618556701,55.729166666666664,70.33044918998527,61.34020618556701,55.16165556334735,67.42424242424242
discrete,topo,A_fixed,137,274,137,12.408759124087592,32.846715328467155,12.043795620437956,32.846715328467155,13.86861313868613,86.86131386861314,7.445497452801917,17.21477217936354,8.705714955748398,16.431447481109714,23.73803319549085,42.36208333333333,12.043795620437956,7.324412052915237,16.923076923076923,7.2992700729927,1.8518518518518516,13.493303571428564
discrete,topo,B_rederived,137,274,137,1.4598540145985401,15.328467153284672,4.744525547445255,15.328467153284672,14.233576642335766,43.06569343065693,1.9520067986641223,8.17661614599443,2.7933931729433548,7.94706973254132,9.755557953809626,21.276938915579958,4.744525547445255,2.015725806451613,8.042251372788284,0.0,0.0,0.0
discrete,topo,C_flowmatched,104,208,104,19.230769230769234,19.230769230769234,20.673076923076923,21.634615384615387,34.61538461538461,60.09615384615385,13.854780825429378,27.72288478847885,15.725760650693427,26.6840014991874,13.886904761904761,29.547109443954096,18.269230769230766,11.224489795918368,25.22532853954872,14.423076923076922,8.250443427931293,20.536340120160208
discrete,topo,D_perterritory,104,208,104,20.192307692307693,7.6923076923076925,37.5,16.346153846153847,99.51923076923077,37.5,28.431372549019606,46.2962962962963,31.203471927005765,44.24986931720573,8.945646827348746,24.766355140186917,17.307692307692307,9.693877551020408,25.0,31.25,22.330097087378643,39.80625483288942
leaky,cal,A_fixed,300,600,300,3.3333333333333335,5.666666666666666,1.5,5.666666666666666,45.83333333333333,3.3333333333333335,0.33783783783783783,3.0844155844155843,0.7911242967693503,2.825960701559619,2.877697841726619,8.725867253551812,1.5,0.32674433409727527,2.9034979220265176,1.5,0.3377811536368584,3.012250343656504
leaky,cal,B_rederived,300,600,300,0.0,1.3333333333333335,0.0,1.3333333333333335,38.0,0.0,0.0,0.0,0.0,0.6361701013700714,0.3184209465451907,2.7590996168582347,0.0,0.0,0.0,0.0,0.0,0.0
leaky,cal,C_flowmatched,300,596,300,12.333333333333334,4.0,14.166666666666666,8.666666666666668,70.5,17.166666666666668,10.78374561745228,18.04705678360479,11.224142049712729,16.75682798038078,5.395285037792551,12.168156934306563,10.0,7.467532467532467,12.66891891891892,14.166666666666666,10.62478595890411,18.198428019856586
leaky,cal,D_perterritory,300,600,300,4.0,3.6666666666666665,14.333333333333334,7.000000000000001,100.0,14.333333333333334,10.791274514634868,17.98847740315638,11.756139513870044,17.36432849177394,3.8458333333333337,10.714914486921526,5.333333333333334,2.302581126896997,8.39524406934306,14.333333333333334,10.647991741741741,17.907801418439718
leaky,floor,A_fixed,150,300,150,0.0,0.0,0.0,0.0,48.0,0.0,0.0,0.0,0.0,1.264297122454604,0.0,0.0,,,,,,
leaky,floor,B_rederived,150,300,150,0.0,0.0,0.0,0.0,48.0,0.0,0.0,0.0,0.0,1.264297122454604,0.0,0.0,,,,,,
leaky,floor,C_flowmatched,150,299,150,0.0,0.0,4.333333333333334,8.0,71.0,5.666666666666666,2.2151898734177213,6.944444444444445,2.5582304572620522,7.295591716525126,4.697443387571822,11.702677916360965,,,,,,
leaky,floor,D_perterritory,150,300,150,0.0,0.0,9.0,5.0,100.0,9.0,5.513056184012067,13.175675675675674,6.259022560547938,12.777701079864833,2.054794520547945,8.334677419354831,,,,,,
leaky,throat,A_fixed,300,600,300,42.333333333333336,36.0,22.166666666666668,36.0,31.833333333333336,79.33333333333333,18.616005466903072,25.893973214285708,19.026019294103996,25.661448728992013,32.46741132002326,39.21568627450981,22.166666666666668,18.505240564804325,26.3891317016317,0.0,0.0,0.0
leaky,throat,B_rederived,300,600,300,42.333333333333336,36.0,22.166666666666668,36.0,31.833333333333336,79.33333333333333,18.60854058222479,26.056935750304287,19.026019294103996,25.661448728992013,32.5945794201715,39.23611111111111,22.166666666666668,18.612749243368345,26.042033450704228,0.0,0.0,0.0
leaky,throat,C_flowmatched,299,598,299,68.56187290969899,37.45819397993311,48.82943143812709,37.95986622073579,61.87290969899666,80.2675585284281,43.16476230780082,54.57685574229691,44.8433564029562,52.83044958119236,34.65281194268495,40.93988038868531,44.98327759197324,38.59358016304348,51.15150640467061,26.588628762541806,22.077561327561327,31.47619582304064
leaky,throat,D_perterritory,300,600,300,81.0,38.0,79.66666666666666,38.0,99.5,80.16666666666666,74.34640522875817,84.50956763073327,76.2622142043392,82.69365820218123,34.899328859060404,41.04760493109003,70.66666666666667,64.70517077798861,76.02093962585033,57.49999999999999,52.58489631873252,62.41499452129845
leaky,topo,A_fixed,218,436,218,19.724770642201836,27.981651376146786,14.678899082568808,27.981651376146786,30.963302752293576,56.88073394495413,10.613028873642081,19.444758672699848,11.66571804482188,18.30905040337951,21.63429054054054,34.2867803837953,14.678899082568808,10.713870431893687,19.19684193121693,11.697247706422019,7.261034938962055,15.909647950089123
leaky,topo,B_rederived,218,436,218,4.587155963302752,5.5045871559633035,2.981651376146789,5.5045871559633035,38.30275229357798,6.422018348623854,0.9900990099009901,5.28639656048797,1.7506272136451717,5.033967149220314,2.3041474654377883,9.178743961352657,2.981651376146789,0.9216589861751152,5.399219642177388,0.0,0.0,0.0
leaky,topo,C_flowmatched,171,342,171,8.187134502923977,8.187134502923977,9.35672514619883,13.450292397660817,59.64912280701754,16.374269005847953,5.365732411703437,14.025576894990502,6.705850577185475,12.910495899038299,7.987325174825176,19.89226519337015,7.894736842105263,4.0,12.138932431991115,5.555555555555555,2.1871603260869565,9.429137630662018
leaky,topo,D_perterritory,171,342,171,5.263157894736842,5.847953216374268,19.883040935672515,10.526315789473683,100.0,19.883040935672515,14.450706486833656,25.759240759240747,15.997860733362096,24.43727370585408,5.3068561378617245,16.37100563909773,6.725146198830409,3.273809523809524,10.540581243894497,16.08187134502924,11.179283538394587,21.428571428571427
