config,bed,cls,protocol,n,passes,wrong,pw,flips,pass_ci,wrong_ci,pw_ci,wgp_ci,flip_ci
L1frozen,discrete,cal,C,194,170,9,9,15,88 (82--92),5 (2--9),5 (2--9),5 (3--10),8 (5--12)
L1frozen,discrete,cal,D,194,194,35,35,21,100 (98--100),18 (13--24),18 (13--24),18 (13--24),11 (7--16)
L1frozen,discrete,topo,C,104,39,64,20,20,38 (29--47),62 (52--70),19 (13--28),51 (36--66),19 (13--28)
L1frozen,discrete,topo,D,104,103,21,21,8,99 (95--100),20 (14--29),20 (14--29),20 (14--29),8 (4--14)
L1frozen,leaky,cal,C,300,294,37,37,12,98 (96--99),12 (9--17),12 (9--17),13 (9--17),4 (2--7)
L1frozen,leaky,cal,D,300,300,12,12,11,100 (99--100),4 (2--7),4 (2--7),4 (2--7),4 (2--6)
L1frozen,leaky,topo,C,171,154,21,14,14,90 (85--94),12 (8--18),8 (5--13),9 (5--15),8 (5--13)
L1frozen,leaky,topo,D,171,171,9,9,10,100 (98--100),5 (3--10),5 (3--10),5 (3--10),6 (3--10)
L1drop,discrete,cal,C,194,170,9,9,15,88 (82--92),5 (2--9),5 (2--9),5 (3--10),8 (5--12)
L1drop,discrete,cal,D,194,194,35,35,21,100 (98--100),18 (13--24),18 (13--24),18 (13--24),11 (7--16)
L1drop,discrete,topo,C,104,39,64,20,20,38 (29--47),62 (52--70),19 (13--28),51 (36--66),19 (13--28)
L1drop,discrete,topo,D,104,103,21,21,8,99 (95--100),20 (14--29),20 (14--29),20 (14--29),8 (4--14)
L1drop,leaky,cal,C,300,294,37,37,12,98 (96--99),12 (9--17),12 (9--17),13 (9--17),4 (2--7)
L1drop,leaky,cal,D,300,300,12,12,11,100 (99--100),4 (2--7),4 (2--7),4 (2--7),4 (2--6)
L1drop,leaky,topo,C,171,154,21,14,14,90 (85--94),12 (8--18),8 (5--13),9 (5--15),8 (5--13)
L1drop,leaky,topo,D,171,171,9,9,10,100 (98--100),5 (3--10),5 (3--10),5 (3--10),6 (3--10)
L1keep,discrete,cal,C,194,170,9,9,15,88 (82--92),5 (2--9),5 (2--9),5 (3--10),8 (5--12)
L1keep,discrete,cal,D,194,194,35,35,21,100 (98--100),18 (13--24),18 (13--24),18 (13--24),11 (7--16)
L1keep,discrete,topo,C,104,39,64,20,20,38 (29--47),62 (52--70),19 (13--28),51 (36--66),19 (13--28)
L1keep,discrete,topo,D,104,103,21,21,8,99 (95--100),20 (14--29),20 (14--29),20 (14--29),8 (4--14)
L1keep,leaky,cal,C,300,294,37,37,12,98 (96--99),12 (9--17),12 (9--17),13 (9--17),4 (2--7)
L1keep,leaky,cal,D,300,300,12,12,11,100 (99--100),4 (2--7),4 (2--7),4 (2--7),4 (2--6)
L1keep,leaky,topo,C,171,154,21,14,14,90 (85--94),12 (8--18),8 (5--13),9 (5--15),8 (5--13)
L1keep,leaky,topo,D,171,171,9,9,10,100 (98--100),5 (3--10),5 (3--10),5 (3--10),6 (3--10)
L2keep,discrete,cal,C,194,172,10,10,15,89 (83--92),5 (3--9),5 (3--9),6 (3--10),8 (5--12)
L2keep,discrete,cal,D,194,194,45,45,21,100 (98--100),23 (18--30),23 (18--30),23 (18--30),11 (7--16)
L2keep,discrete,topo,C,104,24,66,7,22,23 (16--32),63 (54--72),7 (3--13),29 (15--49),21 (14--30)
L2keep,discrete,topo,D,104,74,27,3,11,71 (62--79),26 (18--35),3 (1--8),4 (1--11),11 (6--18)
L2keep,leaky,cal,C,300,243,43,37,16,81 (76--85),14 (11--19),12 (9--17),15 (11--20),5 (3--8)
L2keep,leaky,cal,D,300,300,28,28,13,100 (99--100),9 (7--13),9 (7--13),9 (7--13),4 (3--7)
L2keep,leaky,topo,C,171,99,31,8,18,58 (50--65),18 (13--25),5 (2--9),8 (4--15),11 (7--16)
L2keep,leaky,topo,D,171,126,22,4,15,74 (67--80),13 (9--19),2 (1--6),3 (1--8),9 (5--14)
L2drop,discrete,cal,C,194,172,10,10,15,89 (83--92),5 (3--9),5 (3--9),6 (3--10),8 (5--12)
L2drop,discrete,cal,D,194,194,45,45,21,100 (98--100),23 (18--30),23 (18--30),23 (18--30),11 (7--16)
L2drop,discrete,topo,C,102,48,64,27,21,47 (38--57),63 (53--72),26 (19--36),56 (42--69),21 (14--29)
L2drop,discrete,topo,D,102,102,27,27,10,100 (96--100),26 (19--36),26 (19--36),26 (19--36),10 (5--17)
L2drop,leaky,cal,C,300,243,43,37,16,81 (76--85),14 (11--19),12 (9--17),15 (11--20),5 (3--8)
L2drop,leaky,cal,D,300,300,28,28,13,100 (99--100),9 (7--13),9 (7--13),9 (7--13),4 (3--7)
L2drop,leaky,topo,C,171,123,31,11,18,72 (65--78),18 (13--25),6 (4--11),9 (5--15),11 (7--16)
L2drop,leaky,topo,D,171,171,22,22,15,100 (98--100),13 (9--19),13 (9--19),13 (9--19),9 (5--14)
