config,bed,error_type,protocol,n,passes,pw,flips,pw_ci,flip_ci,wgp_ci
L1frozen,discrete,T1_missed_branch,C,44,9,9,8,20 (11--35),18 (10--32),100 (70--100)
L1frozen,discrete,T1_missed_branch,D,44,43,10,1,23 (13--37),2 (0--12),23 (13--38)
L1frozen,discrete,T2_truncation,C,60,30,11,12,18 (11--30),20 (12--32),37 (22--54)
L1frozen,discrete,T2_truncation,D,60,60,11,7,18 (11--30),12 (6--22),18 (11--30)
L1frozen,discrete,T3_stenosis_length,C,97,97,0,7,0 (0--4),7 (4--14),0 (0--4)
L1frozen,discrete,T3_stenosis_length,D,97,97,0,7,0 (0--4),7 (4--14),0 (0--4)
L1frozen,discrete,T4_taper,C,97,73,9,8,9 (5--17),8 (4--15),12 (7--22)
L1frozen,discrete,T4_taper,D,97,97,35,14,36 (27--46),14 (9--23),36 (27--46)
L1frozen,leaky,T1_missed_branch,C,71,62,8,6,11 (6--21),8 (4--17),13 (7--23)
L1frozen,leaky,T1_missed_branch,D,71,71,3,4,4 (1--12),6 (2--14),4 (1--12)
L1frozen,leaky,T2_truncation,C,100,92,6,8,6 (3--12),8 (4--15),7 (3--14)
L1frozen,leaky,T2_truncation,D,100,100,6,6,6 (3--12),6 (3--12),6 (3--12)
L1frozen,leaky,T3_stenosis_length,C,150,150,1,4,1 (0--4),3 (1--7),1 (0--4)
L1frozen,leaky,T3_stenosis_length,D,150,150,0,4,0 (0--2),3 (1--7),0 (0--2)
L1frozen,leaky,T4_taper,C,150,144,36,8,24 (18--31),5 (3--10),25 (19--33)
L1frozen,leaky,T4_taper,D,150,150,12,7,8 (5--13),5 (2--9),8 (5--13)
L2keep,discrete,T1_missed_branch,C,44,3,3,9,7 (2--18),20 (11--35),100 (44--100)
L2keep,discrete,T1_missed_branch,D,44,21,1,8,2 (0--12),18 (10--32),5 (1--23)
L2keep,discrete,T2_truncation,C,60,21,4,13,7 (3--16),22 (13--34),19 (8--40)
L2keep,discrete,T2_truncation,D,60,53,2,3,3 (1--11),5 (2--14),4 (1--13)
L2keep,discrete,T3_stenosis_length,C,97,97,0,7,0 (0--4),7 (4--14),0 (0--4)
L2keep,discrete,T3_stenosis_length,D,97,97,1,7,1 (0--6),7 (4--14),1 (0--6)
L2keep,discrete,T4_taper,C,97,75,10,8,10 (6--18),8 (4--15),13 (7--23)
L2keep,discrete,T4_taper,D,97,97,44,14,45 (36--55),14 (9--23),45 (36--55)
L2keep,leaky,T1_missed_branch,C,71,31,7,8,10 (5--19),11 (6--21),23 (11--40)
L2keep,leaky,T1_missed_branch,D,71,35,0,6,0 (0--5),8 (4--17),0 (0--10)
L2keep,leaky,T2_truncation,C,100,68,1,10,1 (0--5),10 (6--17),1 (0--8)
L2keep,leaky,T2_truncation,D,100,91,4,9,4 (2--10),9 (5--16),4 (2--11)
L2keep,leaky,T3_stenosis_length,C,150,150,1,4,1 (0--4),3 (1--7),1 (0--4)
L2keep,leaky,T3_stenosis_length,D,150,150,0,4,0 (0--2),3 (1--7),0 (0--2)
L2keep,leaky,T4_taper,C,150,93,36,12,24 (18--31),8 (5--13),39 (29--49)
L2keep,leaky,T4_taper,D,150,150,28,9,19 (13--26),6 (3--11),19 (13--26)
