scan,side,vessel,loc,L_mm,ds_pct,bed,n_terr_l1,n_terr_all,n_terr_pos
102,left,LAD,mid,20.0,80,leaky,3,3,3
102,left,LAD,mid,20.0,80,discrete,3,3,3
280,left,LAD,prox,20.0,80,leaky,2,2,2
280,left,LAD,prox,20.0,80,discrete,2,2,2
306,left,LAD,prox,20.0,80,leaky,2,2,2
306,left,LAD,prox,20.0,80,discrete,2,2,2
335,left,LAD,prox,10.0,70,leaky,2,2,2
335,left,LAD,prox,10.0,70,discrete,2,2,2
368,left,LAD,mid,10.0,80,leaky,2,2,2
368,left,LAD,mid,10.0,80,discrete,2,2,2
621,left,LAD,mid,20.0,80,leaky,2,2,2
621,left,LAD,mid,20.0,80,discrete,2,2,2
661,left,LAD,prox,20.0,80,leaky,2,2,2
661,left,LAD,prox,20.0,80,discrete,2,2,2
690,left,LAD,prox,20.0,75,leaky,2,2,2
690,left,LAD,prox,20.0,75,discrete,2,2,2
935,left,LAD,prox,20.0,75,leaky,2,2,2
935,left,LAD,prox,20.0,75,discrete,2,2,2
151,left,LCX,prox,20.0,70,leaky,2,2,2
151,left,LCX,prox,20.0,70,discrete,2,2,2
196,left,LCX,prox,10.0,75,leaky,2,2,2
196,left,LCX,prox,10.0,75,discrete,2,2,2
273,left,LCX,prox,10.0,75,leaky,2,2,2
273,left,LCX,prox,10.0,75,discrete,2,2,2
659,left,LCX,prox,10.0,75,leaky,3,3,3
659,left,LCX,prox,10.0,75,discrete,3,3,3
754,left,LCX,mid,20.0,75,leaky,2,2,2
754,left,LCX,mid,20.0,75,discrete,2,2,2
847,left,LCX,prox,10.0,75,leaky,2,2,2
847,left,LCX,prox,10.0,75,discrete,2,2,2
908,left,LCX,mid,20.0,80,leaky,2,2,2
908,left,LCX,mid,20.0,80,discrete,2,2,2
935,left,LCX,prox,20.0,75,leaky,2,2,2
935,left,LCX,prox,20.0,75,discrete,2,2,2
42,right,RCA,prox,20.0,70,leaky,2,2,2
42,right,RCA,prox,20.0,70,discrete,2,2,2
69,right,RCA,prox,10.0,70,leaky,2,2,2
69,right,RCA,prox,10.0,70,discrete,2,2,2
341,right,RCA,prox,10.0,70,leaky,2,2,2
341,right,RCA,prox,10.0,70,discrete,2,2,2
465,right,RCA,prox,20.0,70,leaky,2,2,2
465,right,RCA,prox,20.0,70,discrete,2,2,2
544,right,RCA,mid,10.0,70,leaky,2,2,2
544,right,RCA,mid,10.0,70,discrete,2,2,2
675,right,RCA,mid,10.0,70,leaky,2,2,2
675,right,RCA,mid,10.0,70,discrete,2,2,2
725,right,RCA,prox,20.0,70,leaky,2,2,2
725,right,RCA,prox,20.0,70,discrete,2,2,2
928,right,RCA,prox,10.0,70,leaky,2,2,2
928,right,RCA,prox,10.0,70,discrete,2,2,2
3,left,LAD,prox,20.0,70,leaky,2,2,2
3,left,LAD,prox,20.0,70,discrete,2,2,2
102,left,LAD,prox,10.0,80,leaky,3,3,3
102,left,LAD,prox,10.0,80,discrete,3,3,3
509,left,LAD,mid,20.0,70,leaky,2,2,2
593,left,LAD,prox,10.0,70,leaky,2,2,2
593,left,LAD,prox,10.0,70,discrete,2,2,2
757,left,LAD,mid,20.0,75,leaky,2,2,2
757,left,LAD,mid,20.0,75,discrete,2,2,2
832,left,LAD,mid,10.0,75,leaky,2,2,2
832,left,LAD,mid,10.0,75,discrete,2,2,2
928,left,LAD,prox,20.0,70,leaky,2,2,2
928,left,LAD,prox,20.0,70,discrete,2,2,2
984,left,LAD,prox,20.0,70,leaky,3,3,3
984,left,LAD,prox,20.0,70,discrete,3,3,3
466,left,LCX,prox,10.0,80,leaky,2,2,2
466,left,LCX,prox,10.0,80,discrete,2,2,2
618,left,LCX,prox,10.0,75,leaky,2,2,2
618,left,LCX,prox,10.0,75,discrete,2,2,2
621,left,LCX,prox,20.0,70,leaky,2,2,2
621,left,LCX,prox,20.0,70,discrete,2,2,2
669,left,LCX,prox,20.0,65,leaky,2,2,2
669,left,LCX,prox,20.0,65,discrete,2,2,2
738,left,LCX,prox,10.0,80,leaky,2,2,2
738,left,LCX,prox,10.0,80,discrete,2,2,2
806,left,LCX,mid,20.0,70,leaky,2,2,2
806,left,LCX,mid,20.0,70,discrete,2,2,2
812,left,LCX,mid,20.0,80,leaky,2,2,2
812,left,LCX,mid,20.0,80,discrete,2,2,2
907,left,LCX,prox,20.0,75,leaky,2,2,2
907,left,LCX,prox,20.0,75,discrete,2,2,2
87,right,RCA,mid,10.0,70,leaky,2,2,2
87,right,RCA,mid,10.0,70,discrete,0,0,0
112,right,RCA,mid,10.0,70,leaky,2,2,2
112,right,RCA,mid,10.0,70,discrete,0,0,0
211,right,RCA,mid,10.0,70,leaky,2,2,2
211,right,RCA,mid,10.0,70,discrete,2,2,2
448,right,RCA,prox,20.0,65,leaky,2,2,2
448,right,RCA,prox,20.0,65,discrete,2,2,2
512,right,RCA,mid,10.0,70,leaky,2,2,2
512,right,RCA,mid,10.0,70,discrete,2,2,2
768,right,RCA,mid,10.0,70,leaky,2,2,2
768,right,RCA,mid,10.0,70,discrete,2,2,2
830,right,RCA,prox,10.0,70,leaky,2,2,2
830,right,RCA,prox,10.0,70,discrete,2,2,2
984,right,RCA,mid,20.0,65,leaky,2,2,2
984,right,RCA,mid,20.0,65,discrete,2,2,2
997,right,RCA,mid,10.0,70,leaky,2,2,2
997,right,RCA,mid,10.0,70,discrete,2,2,2
14,left,LAD,prox,20.0,80,leaky,2,2,2
14,left,LAD,prox,20.0,80,discrete,2,2,2
252,left,LAD,prox,20.0,75,leaky,2,2,2
252,left,LAD,prox,20.0,75,discrete,2,2,2
272,left,LAD,mid,10.0,75,leaky,2,2,2
549,left,LAD,prox,20.0,70,leaky,2,2,2
549,left,LAD,prox,20.0,70,discrete,2,2,2
667,left,LAD,prox,20.0,70,leaky,2,2,2
667,left,LAD,prox,20.0,70,discrete,2,2,2
727,left,LAD,prox,10.0,65,leaky,2,2,2
727,left,LAD,prox,10.0,65,discrete,2,2,2
757,left,LAD,prox,20.0,60,leaky,2,2,2
757,left,LAD,prox,20.0,60,discrete,2,2,2
806,left,LAD,mid,10.0,70,leaky,2,2,2
806,left,LAD,mid,10.0,70,discrete,2,2,2
808,left,LAD,mid,10.0,70,leaky,2,2,2
808,left,LAD,mid,10.0,70,discrete,2,2,2
3,left,LCX,prox,20.0,75,leaky,2,2,2
3,left,LCX,prox,20.0,75,discrete,2,2,2
69,left,LCX,prox,20.0,70,leaky,2,2,2
69,left,LCX,prox,20.0,70,discrete,2,2,2
95,left,LCX,prox,20.0,70,leaky,2,2,2
95,left,LCX,prox,20.0,70,discrete,2,2,2
196,left,LCX,prox,10.0,70,leaky,2,2,2
196,left,LCX,prox,10.0,70,discrete,2,2,2
306,left,LCX,prox,10.0,80,leaky,2,2,2
306,left,LCX,prox,10.0,80,discrete,2,2,2
569,left,LCX,mid,10.0,80,leaky,2,2,2
569,left,LCX,mid,10.0,80,discrete,2,2,2
698,left,LCX,prox,20.0,75,leaky,2,2,2
698,left,LCX,prox,20.0,75,discrete,2,2,2
937,left,LCX,mid,10.0,75,leaky,2,2,2
937,left,LCX,mid,10.0,75,discrete,2,2,2
139,right,RCA,prox,10.0,70,leaky,2,2,2
139,right,RCA,prox,10.0,70,discrete,2,2,2
272,right,RCA,prox,10.0,65,leaky,2,2,2
272,right,RCA,prox,10.0,65,discrete,2,2,2
423,right,RCA,mid,10.0,65,leaky,2,2,2
423,right,RCA,mid,10.0,65,discrete,2,2,2
466,right,RCA,mid,20.0,65,leaky,2,2,2
466,right,RCA,mid,20.0,65,discrete,2,2,2
473,right,RCA,mid,20.0,65,leaky,2,2,2
473,right,RCA,mid,20.0,65,discrete,2,2,2
546,right,RCA,prox,10.0,70,leaky,2,2,2
546,right,RCA,prox,10.0,70,discrete,2,2,2
725,right,RCA,prox,20.0,65,leaky,2,2,2
725,right,RCA,prox,20.0,65,discrete,2,2,2
812,right,RCA,prox,10.0,65,leaky,2,2,2
812,right,RCA,prox,10.0,65,discrete,2,2,2
244,left,LAD,prox,10.0,65,leaky,2,2,2
244,left,LAD,prox,10.0,65,discrete,2,2,2
461,left,LAD,prox,20.0,65,leaky,2,2,2
461,left,LAD,prox,20.0,65,discrete,2,2,2
751,left,LAD,prox,20.0,70,leaky,2,2,2
751,left,LAD,prox,20.0,70,discrete,2,2,2
825,left,LAD,prox,20.0,75,leaky,2,2,2
825,left,LAD,prox,20.0,75,discrete,2,2,2
937,left,LAD,prox,20.0,70,leaky,2,2,2
937,left,LAD,prox,20.0,70,discrete,2,2,2
958,left,LAD,prox,20.0,75,leaky,2,2,2
958,left,LAD,prox,20.0,75,discrete,2,2,2
984,left,LAD,prox,20.0,65,leaky,3,3,3
984,left,LAD,prox,20.0,65,discrete,3,3,3
985,left,LAD,mid,20.0,70,leaky,2,2,2
985,left,LAD,mid,20.0,70,discrete,2,2,2
43,left,LCX,prox,10.0,65,leaky,2,2,2
43,left,LCX,prox,10.0,65,discrete,2,2,2
52,left,LCX,prox,10.0,65,leaky,2,2,2
52,left,LCX,prox,10.0,65,discrete,2,2,2
129,left,LCX,prox,10.0,75,leaky,2,2,2
129,left,LCX,prox,10.0,75,discrete,2,2,2
368,left,LCX,mid,10.0,70,leaky,2,2,2
368,left,LCX,mid,10.0,70,discrete,2,2,2
466,left,LCX,prox,10.0,75,leaky,2,2,2
466,left,LCX,prox,10.0,75,discrete,2,2,2
544,left,LCX,prox,10.0,65,leaky,2,2,2
544,left,LCX,prox,10.0,65,discrete,2,2,2
580,left,LCX,prox,20.0,60,leaky,2,2,2
580,left,LCX,prox,20.0,60,discrete,2,2,2
667,left,LCX,mid,10.0,70,leaky,2,2,2
667,left,LCX,mid,10.0,70,discrete,2,2,2
832,left,LCX,prox,10.0,75,leaky,2,2,2
832,left,LCX,prox,10.0,75,discrete,2,2,2
85,right,RCA,prox,10.0,60,leaky,2,2,2
85,right,RCA,prox,10.0,60,discrete,0,0,0
88,right,RCA,prox,10.0,65,leaky,2,2,2
88,right,RCA,prox,10.0,65,discrete,2,2,2
324,right,RCA,prox,10.0,60,leaky,2,2,2
324,right,RCA,prox,10.0,60,discrete,2,2,2
363,right,RCA,prox,10.0,65,leaky,2,2,2
363,right,RCA,prox,10.0,65,discrete,0,0,0
496,right,RCA,mid,10.0,65,leaky,2,2,2
496,right,RCA,mid,10.0,65,discrete,2,2,2
869,right,RCA,mid,20.0,60,leaky,2,2,2
869,right,RCA,mid,20.0,60,discrete,2,2,2
984,right,RCA,prox,20.0,55,leaky,2,2,2
984,right,RCA,prox,20.0,55,discrete,2,2,2
997,right,RCA,prox,20.0,60,leaky,2,2,2
997,right,RCA,prox,20.0,60,discrete,2,2,2
138,left,LAD,prox,20.0,70,leaky,2,2,2
138,left,LAD,prox,20.0,70,discrete,2,2,2
274,left,LAD,mid,20.0,70,leaky,3,3,3
274,left,LAD,mid,20.0,70,discrete,3,3,3
324,left,LAD,prox,10.0,55,leaky,2,2,2
324,left,LAD,prox,10.0,55,discrete,2,2,2
335,left,LAD,prox,20.0,55,leaky,2,2,2
335,left,LAD,prox,20.0,55,discrete,2,2,2
488,left,LAD,prox,20.0,65,leaky,2,2,2
488,left,LAD,prox,20.0,65,discrete,2,2,2
549,left,LAD,prox,20.0,60,leaky,2,2,2
549,left,LAD,prox,20.0,60,discrete,2,2,2
751,left,LAD,prox,10.0,70,leaky,2,2,2
751,left,LAD,prox,10.0,70,discrete,2,2,2
758,left,LAD,mid,20.0,75,leaky,2,2,2
758,left,LAD,mid,20.0,75,discrete,2,2,2
52,left,LCX,prox,10.0,60,leaky,2,2,2
52,left,LCX,prox,10.0,60,discrete,2,2,2
69,left,LCX,prox,20.0,65,leaky,2,2,2
69,left,LCX,prox,20.0,65,discrete,2,2,2
151,left,LCX,prox,20.0,55,leaky,2,2,2
151,left,LCX,prox,20.0,55,discrete,2,2,2
473,left,LCX,prox,20.0,60,leaky,2,2,2
473,left,LCX,prox,20.0,60,discrete,2,2,2
569,left,LCX,prox,20.0,75,leaky,2,2,2
569,left,LCX,prox,20.0,75,discrete,2,2,2
754,left,LCX,mid,20.0,65,leaky,2,2,2
754,left,LCX,mid,20.0,65,discrete,2,2,2
847,left,LCX,prox,10.0,60,leaky,2,2,2
847,left,LCX,prox,10.0,60,discrete,2,2,2
928,left,LCX,prox,20.0,65,leaky,2,2,2
928,left,LCX,prox,20.0,65,discrete,2,2,2
125,right,RCA,mid,10.0,55,leaky,2,2,2
125,right,RCA,mid,10.0,55,discrete,2,2,2
335,right,RCA,prox,10.0,55,leaky,2,2,2
335,right,RCA,prox,10.0,55,discrete,2,2,2
544,right,RCA,prox,10.0,60,leaky,2,2,2
544,right,RCA,prox,10.0,60,discrete,2,2,2
621,right,RCA,prox,20.0,55,leaky,2,2,2
621,right,RCA,prox,20.0,55,discrete,2,2,2
683,right,RCA,prox,20.0,55,leaky,2,2,2
683,right,RCA,prox,20.0,55,discrete,2,2,2
813,right,RCA,mid,10.0,60,leaky,2,2,2
813,right,RCA,mid,10.0,60,discrete,2,2,2
825,right,RCA,mid,10.0,55,leaky,2,2,2
825,right,RCA,mid,10.0,55,discrete,2,2,2
869,right,RCA,prox,10.0,60,leaky,2,2,2
869,right,RCA,prox,10.0,60,discrete,2,2,2
980,right,RCA,prox,20.0,55,leaky,2,2,2
980,right,RCA,prox,20.0,55,discrete,2,2,2
43,left,LAD,mid,20.0,60,leaky,2,2,2
43,left,LAD,mid,20.0,60,discrete,2,2,2
211,left,LAD,mid,10.0,65,leaky,2,2,2
211,left,LAD,mid,10.0,65,discrete,2,2,2
244,left,LAD,prox,10.0,55,leaky,2,2,2
244,left,LAD,prox,10.0,55,discrete,2,2,2
274,left,LAD,prox,20.0,65,leaky,3,3,3
274,left,LAD,prox,20.0,65,discrete,3,3,3
328,left,LAD,mid,10.0,70,leaky,2,2,2
328,left,LAD,mid,10.0,70,discrete,2,2,2
461,left,LAD,mid,10.0,55,leaky,2,2,2
461,left,LAD,mid,10.0,55,discrete,2,2,2
808,left,LAD,prox,20.0,40,leaky,2,2,2
808,left,LAD,prox,20.0,40,discrete,2,2,2
947,left,LAD,prox,10.0,60,leaky,2,2,2
947,left,LAD,prox,10.0,60,discrete,2,2,2
45,left,LCX,prox,10.0,50,leaky,2,2,2
45,left,LCX,prox,10.0,50,discrete,2,2,2
273,left,LCX,prox,10.0,60,leaky,2,2,2
273,left,LCX,prox,10.0,60,discrete,2,2,2
406,left,LCX,prox,10.0,60,leaky,2,2,2
406,left,LCX,prox,10.0,60,discrete,2,2,2
580,left,LCX,prox,10.0,40,leaky,2,2,2
580,left,LCX,prox,10.0,40,discrete,2,2,2
659,left,LCX,prox,10.0,55,leaky,3,3,3
659,left,LCX,prox,10.0,55,discrete,3,3,3
690,left,LCX,prox,10.0,40,leaky,2,2,2
690,left,LCX,prox,10.0,40,discrete,2,2,2
789,left,LCX,prox,10.0,55,leaky,2,2,2
789,left,LCX,prox,10.0,55,discrete,2,2,2
844,left,LCX,prox,10.0,65,leaky,2,2,2
844,left,LCX,prox,10.0,65,discrete,2,2,2
908,left,LCX,mid,20.0,55,leaky,2,2,2
908,left,LCX,mid,20.0,55,discrete,2,2,2
3,right,RCA,prox,10.0,40,leaky,2,2,2
3,right,RCA,prox,10.0,40,discrete,2,2,2
95,right,RCA,mid,10.0,40,leaky,2,2,2
95,right,RCA,mid,10.0,40,discrete,0,0,0
272,right,RCA,prox,10.0,50,leaky,2,2,2
272,right,RCA,prox,10.0,50,discrete,2,2,2
616,right,RCA,prox,20.0,40,leaky,2,2,2
616,right,RCA,prox,20.0,40,discrete,2,2,2
625,right,RCA,prox,10.0,50,leaky,2,2,2
625,right,RCA,prox,10.0,50,discrete,2,2,2
683,right,RCA,mid,10.0,40,leaky,2,2,2
683,right,RCA,mid,10.0,40,discrete,2,2,2
830,right,RCA,prox,10.0,55,leaky,2,2,2
830,right,RCA,prox,10.0,55,discrete,2,2,2
890,right,RCA,mid,20.0,50,leaky,2,2,2
890,right,RCA,mid,20.0,50,discrete,2,2,2
