id	slug	source_pdf	bucket	verdict	triaged_on
C001	li-2025-neural-network-coronary	Resources/011910_1_5.0244812.pdf	METHOD	LIGHT	2026-09-25
C002	liu-2024-ffr-deep-learning	Resources/1-s2.0-S0010482524000519-main.pdf	METHOD	LIGHT	2026-09-25
C003	mulder-2026-hemodynamic-critical-care	Resources/1-s2.0-S0010482526001241-main.pdf	BACKGROUND	LIGHT	2026-09-25
C004	kim-2020-zero-dimensional-stenosis	Resources/1-s2.0-S0021929020305005-main.pdf	METHOD	LIGHT	2026-09-25
C005	feng-2023-simplified-coronary-model	Resources/1-s2.0-S016926072300528X-main.pdf	METHOD	LIGHT	2026-09-25
C006	feng-2024-reduced-order-coronary	Resources/1-s2.0-S0933365723002580-main.pdf	METHOD	LIGHT	2026-09-25
C007	maier-hein-2020-bias-guidelines	Resources/1-s2.0-S1361841520301602-main.pdf	IRRELEVANT	LIGHT	2026-09-25
C008	bertels-2021-volume-bias-soft-dice	Resources/1-s2.0-S1361841520301973-main.pdf	SUPPORT	FULL	2026-09-25
C009	poel-2021-segmentation-radiotherapy	Resources/1-s2.0-S1361841521002073-main.pdf	IRRELEVANT	LIGHT	2026-09-25
C010	ross-2023-algorithm-validation-surgery	Resources/1-s2.0-S1361841523000269-main.pdf	IRRELEVANT	LIGHT	2026-09-25
C011	wagner-2023-surgical-workflow-cholecystectomy	Resources/1-s2.0-S1361841523000312-main.pdf	IRRELEVANT	LIGHT	2026-09-25
C012	sooriamoorthy-2025-cnn-cardiovascular	Resources/1-s2.0-S1746809425006822-main.pdf	BACKGROUND	LIGHT	2026-09-25
C013	ferrero-2026-hemodynamic-shunts	Resources/1-s2.0-S266666852600011X-main.pdf	SUPPORT	LIGHT	2026-09-25
C014	deyranlou-2021-lumped-model-cardiac	Resources/2021.05.02.442367v1.full.pdf	SUPPORT	LIGHT	2026-09-25
C015	richter-2024-windkessel-bayesian	Resources/2404.14187v2.pdf	METHOD	FULL	2026-09-25
C016	nishida-2026-0d-sensitivity-analysis	Resources/2601.00027v1.pdf	SUPPORT	LIGHT	2026-09-25
C017	choi-2026-bc-amortized	Resources/2603.19331v1.pdf	METHOD	FULL	2026-09-25
C018	codoni-2026-svmultiphysics	Resources/2607.19631v1.pdf	METHOD	LIGHT	2026-09-25
C019	zhang-2025-jtga-aneurysm	Resources/A_Joint_Geometric_Topological_Analysis_Network_JGTA-Net_for_Detecting_and_Segmenting_Intracranial_Aneurysms.pdf	IRRELEVANT	LIGHT	2026-09-25
C020	sooriamoorthy-2020-0d-aortic	Resources/A_Study_on_the_Effect_of_Electrical_Parameters_of_Zero-Dimensional_Cardiovascular_System_on_Aortic_Waveform.pdf	METHOD	LIGHT	2026-09-25
C021	chen-2025-eecp-multiscale	Resources/CVIA.2025.0020.pdf	SUPPORT	FULL	2026-09-25
C022	zhao-2025-deformcl	Resources/DeformCL_Learning_Deformable_Centerline_Representation_for_Vessel_Extraction_in_3D_Medical_Image.pdf	SUPPORT	LIGHT	2026-09-25
C023	shu-2025-stgformer	Resources/Gated-STGFormer_Spatiotemporal_Fusion_Network_for_Reconstructing_Aortic_Valve_Motion_Within_Coronary_Presence.pdf	SUPPORT	LIGHT	2026-09-25
C024	ali-quantum-hqnn	Resources/Hyper-connected+Neural+Networks+as+Topological+Qubits+Optimized+with+Narrow-Beam+Quantum+Confinement++.pdf	IRRELEVANT	LIGHT	2026-09-25
C025	piccioli-2022-cardiac-pulse-waves	Resources/Numer Methods Biomed Eng - 2022 - Piccioli - The effect of cardiac properties on arterial pulse waves  An in‐silico study.pdf	BACKGROUND	LIGHT	2026-09-25
C026	weber-2023-hemodynamic-solver	Resources/Numer Methods Biomed Eng - 2023 - Wéber - First blood  An efficient  hybrid one‐ and zero‐dimensional  modular hemodynamic.pdf	METHOD	LIGHT	2026-09-25
C027	aramburu-2024-fontan-patient-specific	Resources/PIIS2405844024064351.pdf	SUPPORT	LIGHT	2026-09-25
C028	li-2023-radar-motion-separation	Resources/Remote_Respiratory_and_Cardiac_Motion_Patterns_Separation_With_4D_Imaging_Radars.pdf	IRRELEVANT	LIGHT	2026-09-25
C029	liu-2020-circle-willis-review	Resources/State-of-the-Art_Computational_Models_of_Circle_of_Willis_With_Physiological_Applications_A_Review.pdf	BACKGROUND	LIGHT	2026-09-25
C030	rodero-2023-cardiac-biomechanics-review	Resources/fphy-11-1306210.pdf	BACKGROUND	LIGHT	2026-09-25
C031	munneke-2022-coronary-coupling	Resources/fphys-13-830925.pdf	METHOD	LIGHT	2026-09-25
C032	ferrero-2024-papvr-model	Resources/ivae175.pdf	BACKGROUND	LIGHT	2026-09-25
C033	kadry-2020-diastolic-dysfunction	Resources/kadry-et-al-2020-biomechanics-of-diastolic-dysfunction-a-one-dimensional-computational-modeling-approach.pdf	BACKGROUND	LIGHT	2026-09-25
C034	seo-2023-kawasaki-disease-cfd	Resources/kd-1-1-6.pdf	SUPPORT	FULL	2026-09-25
C035	caforio-2022-3d-1d-coupling	Resources/s00466-022-02206-6.pdf	METHOD	LIGHT	2026-09-25
C036	bonini-2026-lvad-3d-0d	Resources/s10237-026-02063-9.pdf	SUPPORT	FULL	2026-09-25
C037	brown-2026-cardiac-mechanics-modeling	Resources/s10659-026-10204-5.pdf	BACKGROUND	LIGHT	2026-09-25
C038	jain-2025-quantum-ecg	Resources/s11227-025-07939-8.pdf	IRRELEVANT	LIGHT	2026-09-25
C039	strocchi-2025-diabetic-heart-digital-twins	Resources/s12933-025-02839-w.pdf	BACKGROUND	LIGHT	2026-09-25
C040	damseh-2021-microstroke-mri	Resources/s41598-021-93503-2.pdf	IRRELEVANT	LIGHT	2026-09-25
C041	dominguez-2024-drug-proarrhythmia-emulator	Resources/s41746-024-01370-8.pdf	BACKGROUND	LIGHT	2026-09-25
C042	shibah-2024-tetra-shield-atherosclerosis	Resources/ssrn-6314078.pdf	BACKGROUND	LIGHT	2026-09-25
C043	wardhana-2025-age-sex-cardiovascular-virtual	Resources/wardhana-et-al-2025-modeling-age-and-sex-variations-of-arterial-pressure-and-cardiac-hemodynamics-in-a-virtual.pdf	BACKGROUND	LIGHT	2026-09-25
