case,mode,model,outlet,Q_mls,p_over_Pa
clean_nolesion,resistance,3D,out_160,0.1271666279999999,0.9809988342342428
clean_nolesion,resistance,3D,out_425,0.1053843401,0.9703781271408068
clean_nolesion,resistance,3D,out_600,0.10385239293,0.9762867955442884
clean_nolesion,resistance,3D,out_639,0.11219351788,0.9754349248019414
clean_nolesion,resistance,3D,out_742,0.12584899164,0.9610176948323944
clean_nolesion,resistance,3D,out_868,0.13741002048,0.9549554862463308
clean_nolesion,prescribed,3D,out_160,0.095263372,0.9857040000066678
clean_nolesion,prescribed,3D,out_425,0.10437239,0.9709343122498744
clean_nolesion,prescribed,3D,out_600,0.078214269,0.98221766400144
clean_nolesion,prescribed,3D,out_639,0.1125801999999999,0.9758969827435336
clean_nolesion,prescribed,3D,out_742,0.12344587,0.9620381067390724
clean_nolesion,prescribed,3D,out_868,0.13509494,0.9560758684488182
clean_nolesion,resistance,0D_requested,out_160,0.12616742851231366,0.9737272515055246
clean_nolesion,resistance,0D_requested,out_425,0.10435637475536187,0.9614545405477236
clean_nolesion,resistance,0D_requested,out_600,0.1035874850505464,0.973938187955662
clean_nolesion,resistance,0D_requested,out_639,0.11256292146810508,0.9784636727835639
clean_nolesion,resistance,0D_requested,out_742,0.12342691549544557,0.9435912695581032
clean_nolesion,resistance,0D_requested,out_868,0.1350742196442675,0.9396667961016312
clean_nolesion,prescribed,0D_requested,out_160,0.09526337218187128,0.9798623299093399
clean_nolesion,prescribed,0D_requested,out_425,0.10437238952330093,0.9615935618688667
clean_nolesion,prescribed,0D_requested,out_600,0.07821426859620308,0.9800215985715185
clean_nolesion,prescribed,0D_requested,out_639,0.11258019777879011,0.9786053219718797
clean_nolesion,prescribed,0D_requested,out_742,0.1234458658940483,0.9437276144549499
clean_nolesion,prescribed,0D_requested,out_868,0.13509494011521092,0.9398024193157263
clean_nolesion,resistance,0D_asmeshed_area,out_160,0.1278133856507159,0.9857055510958982
clean_nolesion,resistance,0D_asmeshed_area,out_425,0.10629086922058785,0.9782475402721627
clean_nolesion,resistance,0D_asmeshed_area,out_600,0.10487546761976124,0.985357142878694
clean_nolesion,resistance,0D_asmeshed_area,out_639,0.11351230645328689,0.986247720121377
clean_nolesion,resistance,0D_asmeshed_area,out_742,0.12723266440793587,0.9709729872274822
clean_nolesion,resistance,0D_asmeshed_area,out_868,0.13928132591334458,0.9672038786921769
clean_nolesion,prescribed,0D_asmeshed_area,out_160,0.09526337218187128,0.9891966273806071
clean_nolesion,prescribed,0D_asmeshed_area,out_425,0.10437238952330093,0.9787263920897015
clean_nolesion,prescribed,0D_asmeshed_area,out_600,0.07821426859620308,0.9889326031900663
clean_nolesion,prescribed,0D_asmeshed_area,out_639,0.11258019777879011,0.986586512651181
clean_nolesion,prescribed,0D_asmeshed_area,out_742,0.1234458658940483,0.9718441784875446
clean_nolesion,prescribed,0D_asmeshed_area,out_868,0.13509494011521092,0.9682067921806867
clean_nolesion,resistance,0D_asmeshed_inscribed,out_160,0.1267535205540779,0.9779924816864224
clean_nolesion,resistance,0D_asmeshed_inscribed,out_425,0.104915908732199,0.9663117547127192
clean_nolesion,resistance,0D_asmeshed_inscribed,out_600,0.10411598258382039,0.9786237245877756
clean_nolesion,resistance,0D_asmeshed_inscribed,out_639,0.11201729323418272,0.9739900439943754
clean_nolesion,resistance,0D_asmeshed_inscribed,out_742,0.12497864974480136,0.954755734185387
clean_nolesion,resistance,0D_asmeshed_inscribed,out_868,0.136209474269055,0.9470974618303912
clean_nolesion,prescribed,0D_asmeshed_inscribed,out_160,0.09526337218187128,0.983245031306436
clean_nolesion,prescribed,0D_asmeshed_inscribed,out_425,0.10437238952330093,0.9666150256066992
clean_nolesion,prescribed,0D_asmeshed_inscribed,out_600,0.07821426859620308,0.9837788028478696
clean_nolesion,prescribed,0D_asmeshed_inscribed,out_639,0.11258019777879011,0.9741498070681229
clean_nolesion,prescribed,0D_asmeshed_inscribed,out_742,0.1234458658940483,0.9553323890424464
clean_nolesion,prescribed,0D_asmeshed_inscribed,out_868,0.13509494011521092,0.9476319362701318
baseline,resistance,3D,out_160,0.11053680075,0.859976810684908
baseline,resistance,3D,out_425,0.10539896643,0.9705050963415228
baseline,resistance,3D,out_600,0.090278739894,0.8559459234676615
baseline,resistance,3D,out_639,0.1122130564399999,0.9755951132512932
baseline,resistance,3D,out_742,0.1258708983899999,0.9611753137116652
baseline,resistance,3D,out_868,0.13743383598,0.9551113648993498
baseline,prescribed,3D,out_160,0.095263372,0.8839760659656073
baseline,prescribed,3D,out_425,0.10437239,0.970935699201099
baseline,prescribed,3D,out_600,0.078214269,0.8804897289179581
baseline,prescribed,3D,out_639,0.1125801999999999,0.9758969827435336
baseline,prescribed,3D,out_742,0.12344587,0.9620381774117472
baseline,prescribed,3D,out_868,0.13509494,0.9560758684488182
baseline,resistance,0D_requested,out_160,0.09526337218175629,0.7488258633472497
baseline,resistance,0D_requested,out_425,0.10437238952327907,0.9615935618778026
baseline,resistance,0D_requested,out_600,0.07821426859610991,0.7489851320094791
baseline,resistance,0D_requested,out_639,0.11258019777879076,0.9786053219799262
baseline,resistance,0D_requested,out_742,0.12344586589401696,0.9437276144607034
baseline,resistance,0D_requested,out_868,0.13509494011520173,0.9398024193271775
baseline,prescribed,0D_requested,out_160,0.09526337218187128,0.7488258632764224
baseline,prescribed,0D_requested,out_425,0.10437238952330093,0.9615935618688667
baseline,prescribed,0D_requested,out_600,0.07821426859620308,0.7489851319386011
baseline,prescribed,0D_requested,out_639,0.11258019777879011,0.9786053219718797
baseline,prescribed,0D_requested,out_742,0.1234458658940483,0.9437276144549499
baseline,prescribed,0D_requested,out_868,0.13509494011521092,0.9398024193157263
baseline,resistance,0D_asmeshed_area,out_160,0.10942728426374106,0.8519024127470828
baseline,resistance,0D_asmeshed_area,out_425,0.10629576466856872,0.9782900367786341
baseline,resistance,0D_asmeshed_area,out_600,0.08978905300076269,0.8516044876759662
baseline,resistance,0D_asmeshed_area,out_639,0.11351758531086557,0.9862910016964748
baseline,resistance,0D_asmeshed_area,out_742,0.12723858417794648,0.9710155789676359
baseline,resistance,0D_asmeshed_area,out_868,0.1392878074296796,0.9672463026343424
baseline,prescribed,0D_asmeshed_area,out_160,0.09526337218187128,0.8756982939446366
baseline,prescribed,0D_asmeshed_area,out_425,0.10437238952330093,0.9787259707378942
baseline,prescribed,0D_asmeshed_area,out_600,0.07821426859620308,0.8754345903179429
baseline,prescribed,0D_asmeshed_area,out_639,0.11258019777879011,0.9865865085193405
baseline,prescribed,0D_asmeshed_area,out_742,0.1234458658940483,0.9718441642346742
baseline,prescribed,0D_asmeshed_area,out_868,0.13509494011521092,0.9682068054772581
baseline,resistance,0D_asmeshed_inscribed,out_160,0.10361074627383028,0.809573099914351
baseline,resistance,0D_asmeshed_inscribed,out_425,0.10492593250237127,0.9663987692648832
baseline,resistance,0D_asmeshed_inscribed,out_600,0.08511130676478802,0.8101326737808923
baseline,resistance,0D_asmeshed_inscribed,out_639,0.11202865941022454,0.974083235748855
baseline,resistance,0D_asmeshed_inscribed,out_742,0.12499135011911605,0.9548471112235698
baseline,resistance,0D_asmeshed_inscribed,out_868,0.136223302703577,0.9471879741001231
baseline,prescribed,0D_asmeshed_inscribed,out_160,0.09526337218187128,0.8284343094890744
baseline,prescribed,0D_asmeshed_inscribed,out_425,0.10437238952330093,0.9666143853986967
baseline,prescribed,0D_asmeshed_inscribed,out_600,0.07821426859620308,0.828968657783784
baseline,prescribed,0D_asmeshed_inscribed,out_639,0.11258019777879011,0.9741549117387468
baseline,prescribed,0D_asmeshed_inscribed,out_742,0.1234458658940483,0.9553374754475844
baseline,prescribed,0D_asmeshed_inscribed,out_868,0.13509494011521092,0.9476370763965059
T1_missed_branch,resistance,3D,out_383,0.10544522004,0.9709066173958116
T1_missed_branch,resistance,3D,out_558,0.0984531487139999,0.9284183455477047
T1_missed_branch,resistance,3D,out_597,0.11227452752,0.976099124258896
T1_missed_branch,resistance,3D,out_700,0.1259398078399999,0.9616711032787788
T1_missed_branch,resistance,3D,out_826,0.13750877087,0.9556018339625536
T1_missed_branch,prescribed,3D,out_383,0.10437239,0.970935699201099
T1_missed_branch,prescribed,3D,out_558,0.17347764,0.8626256907438801
T1_missed_branch,prescribed,3D,out_597,0.1125801999999999,0.975896991577617
T1_missed_branch,prescribed,3D,out_700,0.12344587,0.9620382480844206
T1_missed_branch,prescribed,3D,out_826,0.13509494,0.9560758772829024
T1_missed_branch,resistance,0D_requested,out_383,0.1043954813265206,0.9617940176827525
T1_missed_branch,resistance,0D_requested,out_558,0.09233101795660263,0.8741409597844755
T1_missed_branch,resistance,0D_requested,out_597,0.11260510861029759,0.9788095669327572
T1_missed_branch,resistance,0D_requested,out_700,0.12347319060808325,0.9439242111417095
T1_missed_branch,resistance,0D_requested,out_826,0.1351248170993535,0.9399979753526038
T1_missed_branch,prescribed,0D_requested,out_383,0.10437238952330093,0.9615935618688667
T1_missed_branch,prescribed,0D_requested,out_558,0.17347764077807437,0.7333821165014122
T1_missed_branch,prescribed,0D_requested,out_597,0.11258019777879011,0.9786053219718797
T1_missed_branch,prescribed,0D_requested,out_700,0.1234458658940483,0.9437276144549499
T1_missed_branch,prescribed,0D_requested,out_826,0.13509494011521092,0.9398024193157263
T1_missed_branch,resistance,0D_asmeshed_area,out_383,0.10631059603831461,0.9784187852410201
T1_missed_branch,resistance,0D_asmeshed_area,out_558,0.09880509592183051,0.9315386344276605
T1_missed_branch,resistance,0D_asmeshed_area,out_597,0.11353342332382775,0.9864208582294994
T1_missed_branch,resistance,0D_asmeshed_area,out_700,0.1272563686743469,0.9711435354022087
T1_missed_branch,resistance,0D_asmeshed_area,out_826,0.13930724456067023,0.9673735259209562
T1_missed_branch,prescribed,0D_asmeshed_area,out_383,0.10437238952330093,0.9787259799718591
T1_missed_branch,prescribed,0D_asmeshed_area,out_558,0.17347764077807437,0.8665784698384823
T1_missed_branch,prescribed,0D_asmeshed_area,out_597,0.11258019777879011,0.9865865174373546
T1_missed_branch,prescribed,0D_asmeshed_area,out_700,0.1234458658940483,0.971844309335942
T1_missed_branch,prescribed,0D_asmeshed_area,out_826,0.13509494011521092,0.9682068055764218
T1_missed_branch,resistance,0D_asmeshed_inscribed,out_383,0.10494811495504087,0.9665913311607469
T1_missed_branch,resistance,0D_asmeshed_inscribed,out_558,0.09612106523237375,0.9077426404542941
T1_missed_branch,resistance,0D_asmeshed_inscribed,out_597,0.11205229976208256,0.9742770639858903
T1_missed_branch,resistance,0D_asmeshed_inscribed,out_700,0.1250177921192796,0.9550373569283302
T1_missed_branch,resistance,0D_asmeshed_inscribed,out_826,0.13625204826907428,0.947376124569484
T1_missed_branch,prescribed,0D_asmeshed_inscribed,out_383,0.10437238952330093,0.9666143974990593
T1_missed_branch,prescribed,0D_asmeshed_inscribed,out_558,0.17347764077807437,0.8159095989833696
T1_missed_branch,prescribed,0D_asmeshed_inscribed,out_597,0.11258019777879011,0.9741549331360119
T1_missed_branch,prescribed,0D_asmeshed_inscribed,out_700,0.1234458658940483,0.9553376526405009
T1_missed_branch,prescribed,0D_asmeshed_inscribed,out_826,0.13509494011521092,0.9476370620163111
