case,mode,model,ffr_meas,ffr_throat,Q_meas_mls,Q_in_mls,coverage,throat_r_mm,throat_DS
clean_nolesion,resistance,3D,0.9924138560301966,0.995975731526036,0.1041002556969725,0.7118558910299999,,,
clean_nolesion,prescribed,3D,0.9940227161698744,0.9966935996703769,0.0783992889701018,0.6489710409999999,,,
clean_nolesion,resistance,0D_requested,0.9901485681763978,0.9961599650017056,0.10358748505229647,0.7051753449260402,1.0,1.1078788950844236,0.03903380919142985
clean_nolesion,prescribed,0D_requested,0.9922613303500996,0.9968002667447525,0.07821426859620308,0.6489710340894247,1.0,1.1078788950844236,0.03903380919142985
clean_nolesion,resistance,0D_asmeshed_area,0.9945632691187822,0.9979240416750393,0.1048754676172558,0.7190060192656325,0.9772727272727273,1.32436795230658,0.0
clean_nolesion,prescribed,0D_asmeshed_area,0.9957983692916457,0.9983040501178218,0.07821426859620308,0.6489710340894247,0.9772727272727273,1.32436795230658,0.0
clean_nolesion,resistance,0D_asmeshed_inscribed,0.9918509607494304,0.9966661818419793,0.10411598258470518,0.7089908291181363,0.9772727272727273,1.2520872324624508,0.0
clean_nolesion,prescribed,0D_asmeshed_inscribed,0.9936607793803526,0.9972788661994624,0.07821426859620308,0.6489710340894247,0.9772727272727273,1.2520872324624508,0.0
baseline,resistance,3D,0.8697574904997768,0.8926238076838224,0.0904932143898376,0.6817322978839998,,,
baseline,prescribed,3D,0.8922947840953366,0.9134484083122436,0.0783992889880346,0.6489710409999999,,,
baseline,resistance,0D_requested,0.7612248637879917,0.8517865220505704,0.07821426859727228,0.6489710340891548,1.0,0.2305760401731175,0.8000000000000002
baseline,prescribed,0D_requested,0.7612248637171821,0.8517865219791623,0.07821426859620308,0.6489710340894247,1.0,0.2305760401731175,0.8000000000000002
baseline,resistance,0D_asmeshed_area,0.859485937753162,0.9140942646349949,0.08978905300314793,0.6855560788515641,0.9772727272727273,0.27563786839865256,0.7609136940753235
baseline,prescribed,0D_asmeshed_area,0.8823000358556752,0.9298530895882435,0.07821426859620308,0.6489710340894247,0.9772727272727273,0.27563786839865256,0.7609136940753235
baseline,resistance,0D_asmeshed_inscribed,0.8209012553593527,0.8934013285643696,0.08511130676402924,0.6668912977739072,0.9772727272727273,0.260594236823714,0.7739624319785711
baseline,prescribed,0D_asmeshed_inscribed,0.838850057562991,0.9054936549103147,0.07821426859620308,0.6489710340894247,0.9772727272727273,0.260594236823714,0.7739624319785711
T1_missed_branch,resistance,3D,0.9436166172277838,0.9605997422369345,0.0986876433599109,0.5796214749839999,,,
T1_missed_branch,prescribed,3D,0.8916057193885134,0.9134484086311296,0.1739003027733334,0.6489710399999998,,,
T1_missed_branch,resistance,0D_requested,0.8885898182205462,0.9371600280599626,0.09233101795813432,0.5679296156008576,1.0,0.2305760401731175,0.8000000000000002
T1_missed_branch,prescribed,0D_requested,0.7605295901122263,0.8517865219791623,0.17347764077807437,0.6489710340894247,1.0,0.2305760401731175,0.8000000000000002
T1_missed_branch,resistance,0D_asmeshed_area,0.9402114891026102,0.9675770244425611,0.09880509592726928,0.58521272851899,0.9830028328611898,0.27563786839865256,0.7609136940753235
T1_missed_branch,prescribed,0D_asmeshed_area,0.8818058865397251,0.9298530896205618,0.17347764077807437,0.6489710340894247,0.9830028328611898,0.27563786839865256,0.7609136940753235
T1_missed_branch,resistance,0D_asmeshed_inscribed,0.9199327475895434,0.9571791957494018,0.09612106522985464,0.5743913203378511,0.9830028328611898,0.260594236823714,0.7739624319785711
T1_missed_branch,prescribed,0D_asmeshed_inscribed,0.8382719076873997,0.9054936549557492,0.17347764077807437,0.6489710340894247,0.9830028328611898,0.260594236823714,0.7739624319785711
