threshold,bed,protocol,error_type,n,passes,passes_and_wrong,pct,lo,hi,passes_and_flip,median_resid
0.1,discrete,A_fixed,T1_missed_branch,77,17,7,9.090909090909092,4.473571060177729,17.596118281112332,0,0.1454587819142709
0.1,discrete,A_fixed,T2_truncation,60,3,3,5.0,1.7149502164395667,13.70051647634852,1,0.27950585579257803
0.1,discrete,A_fixed,T3_stenosis_length,97,97,0,0.0,0.0,3.809404252594771,4,0.006525034754866
0.1,discrete,A_fixed,T4_taper,97,97,6,6.185567010309279,2.865488571571827,12.843783196165859,7,0.0397458184148023
0.1,discrete,A_fixed,ALL,331,214,16,4.833836858006042,2.997001750642605,7.707006930638122,12,0.0509048253858282
0.1,discrete,A_fixed,TOPOLOGICAL,137,20,10,7.299270072992701,4.012862258262598,12.91500757518381,1,0.2004932578812137
0.1,discrete,B_rederived,T1_missed_branch,77,1,1,1.2987012987012987,0.22962172971240438,6.996198914680527,1,0.3540140582481598
0.1,discrete,B_rederived,T2_truncation,60,21,0,0.0,0.0,6.017185214208989,1,0.12774196174024494
0.1,discrete,B_rederived,T3_stenosis_length,97,97,0,0.0,0.0,3.809404252594771,4,0.006525034754866
0.1,discrete,B_rederived,T4_taper,97,57,0,0.0,0.0,3.809404252594771,2,0.0968577477585874
0.1,discrete,B_rederived,ALL,331,176,1,0.3021148036253776,0.05335060327725325,1.6911940660918403,8,0.0953518861664189
0.1,discrete,B_rederived,TOPOLOGICAL,137,22,1,0.7299270072992701,0.12896645694117012,4.0185756585739165,2,0.2043025596597222
0.1,discrete,C_flowmatched,T1_missed_branch,44,6,6,13.636363636363637,6.402954497555871,26.709453048515453,3,0.17417336927438348
0.1,discrete,C_flowmatched,T2_truncation,60,26,6,10.0,4.664283447388417,20.149464723978774,1,0.1174327253769725
0.1,discrete,C_flowmatched,T3_stenosis_length,97,97,0,0.0,0.0,3.809404252594771,4,0.0017493557364032
0.1,discrete,C_flowmatched,T4_taper,97,72,3,3.0927835051546393,1.0573344948552423,8.702003515310984,4,0.0500841922535021
0.1,discrete,C_flowmatched,ALL,298,201,15,5.033557046979865,3.0738133767481273,8.137853487344689,12,0.0276370480879229
0.1,discrete,C_flowmatched,TOPOLOGICAL,104,32,12,11.538461538461538,6.724977629813572,19.092049629605807,4,0.1514387182850398
0.1,leaky,A_fixed,T1_missed_branch,118,72,10,8.474576271186441,4.668269511917863,14.899338305204548,14,0.07598588979506635
0.1,leaky,A_fixed,T2_truncation,100,33,19,19.0,12.514751509768734,27.778845379064375,12,0.1379784120152085
0.1,leaky,A_fixed,T3_stenosis_length,150,150,0,0.0,0.0,2.497024436807661,6,0.004474569832016049
0.1,leaky,A_fixed,T4_taper,150,150,6,4.0,1.845916060207442,8.451346421655607,12,0.018130660114484602
0.1,leaky,A_fixed,ALL,518,405,35,6.756756756756757,4.898127431329692,9.252043577997151,44,0.02530709767700305
0.1,leaky,A_fixed,TOPOLOGICAL,218,105,29,13.302752293577981,9.424361897270451,18.45205901586382,26,0.10366133446515899
0.1,leaky,B_rederived,T1_missed_branch,118,84,1,0.847457627118644,0.14975405219652577,4.644557241540205,5,0.0487131455194284
0.1,leaky,B_rederived,T2_truncation,100,91,2,2.0,0.550196755016235,7.0011790728543914,5,0.0200053804605701
0.1,leaky,B_rederived,T3_stenosis_length,150,150,0,0.0,0.0,2.497024436807661,6,0.004474569832016049
0.1,leaky,B_rederived,T4_taper,150,94,0,0.0,0.0,2.497024436807661,2,0.0379130291439773
0.1,leaky,B_rederived,ALL,518,419,3,0.5791505791505791,0.19715489585567408,1.688754829089287,18,0.01470825034729625
0.1,leaky,B_rederived,TOPOLOGICAL,218,175,3,1.3761467889908257,0.4690980457706748,3.967159664132232,10,0.029705999749748302
0.1,leaky,C_flowmatched,T1_missed_branch,71,60,2,2.816901408450704,0.7759263582683515,9.701500116649472,5,0.0357546745224897
0.1,leaky,C_flowmatched,T2_truncation,100,92,3,3.0,1.0254524024038911,8.451936429052763,6,0.0160745264282844
0.1,leaky,C_flowmatched,T3_stenosis_length,150,150,0,0.0,0.0,2.497024436807661,7,0.00140325293116795
0.1,leaky,C_flowmatched,T4_taper,150,144,27,18.0,12.67576780776089,24.922327831796014,19,0.00754146560947545
0.1,leaky,C_flowmatched,ALL,471,446,32,6.794055201698514,4.8533664349455865,9.433814593683149,37,0.0046227513657628
0.1,leaky,C_flowmatched,TOPOLOGICAL,171,152,5,2.9239766081871346,1.2552802350976933,6.661296825088596,11,0.0227779055903402
0.13,discrete,A_fixed,T1_missed_branch,77,32,22,28.571428571428573,19.68951815913284,39.48984292440005,8,0.1454587819142709
0.13,discrete,A_fixed,T2_truncation,60,7,7,11.666666666666666,5.76772064005603,22.178788024170863,4,0.27950585579257803
0.13,discrete,A_fixed,T3_stenosis_length,97,97,0,0.0,0.0,3.809404252594771,4,0.006525034754866
0.13,discrete,A_fixed,T4_taper,97,97,6,6.185567010309279,2.865488571571827,12.843783196165859,7,0.0397458184148023
0.13,discrete,A_fixed,ALL,331,233,35,10.574018126888218,7.70174685284711,14.350916243521683,23,0.0509048253858282
0.13,discrete,A_fixed,TOPOLOGICAL,137,39,29,21.16788321167883,15.162185767120317,28.746375915292216,12,0.2004932578812137
0.13,discrete,B_rederived,T1_missed_branch,77,8,3,3.896103896103896,1.3337950040590962,10.83998187263288,3,0.3540140582481598
0.13,discrete,B_rederived,T2_truncation,60,30,5,8.333333333333334,3.6120456601730746,18.068942018334415,2,0.12774196174024494
0.13,discrete,B_rederived,T3_stenosis_length,97,97,0,0.0,0.0,3.809404252594771,4,0.006525034754866
0.13,discrete,B_rederived,T4_taper,97,90,0,0.0,0.0,3.809404252594771,5,0.0968577477585874
0.13,discrete,B_rederived,ALL,331,225,8,2.416918429003021,1.2296699410815677,4.695957933846287,14,0.0953518861664189
0.13,discrete,B_rederived,TOPOLOGICAL,137,38,8,5.839416058394161,2.9883131707025936,11.099483836536855,5,0.2043025596597222
0.13,discrete,C_flowmatched,T1_missed_branch,44,12,10,22.727272727272727,12.841947594917153,36.99235806463634,6,0.17417336927438348
0.13,discrete,C_flowmatched,T2_truncation,60,33,10,16.666666666666668,9.31317697919145,28.031613163614537,2,0.1174327253769725
0.13,discrete,C_flowmatched,T3_stenosis_length,97,97,0,0.0,0.0,3.809404252594771,4,0.0017493557364032
0.13,discrete,C_flowmatched,T4_taper,97,97,3,3.0927835051546393,1.0573344948552423,8.702003515310984,5,0.0500841922535021
0.13,discrete,C_flowmatched,ALL,298,239,23,7.718120805369128,5.197785247130619,11.314677625076062,17,0.0276370480879229
0.13,discrete,C_flowmatched,TOPOLOGICAL,104,45,20,19.23076923076923,12.808145190298776,27.84547661723673,8,0.1514387182850398
0.13,leaky,A_fixed,T1_missed_branch,118,88,16,13.559322033898304,8.52166642176286,20.89480574428334,18,0.07598588979506635
0.13,leaky,A_fixed,T2_truncation,100,48,27,27.0,19.269584149576342,36.432116767945,16,0.1379784120152085
0.13,leaky,A_fixed,T3_stenosis_length,150,150,0,0.0,0.0,2.497024436807661,6,0.004474569832016049
0.13,leaky,A_fixed,T4_taper,150,150,6,4.0,1.845916060207442,8.451346421655607,12,0.018130660114484602
0.13,leaky,A_fixed,ALL,518,436,49,9.45945945945946,7.229296246889907,12.286489074354007,52,0.02530709767700305
0.13,leaky,A_fixed,TOPOLOGICAL,218,136,43,19.724770642201836,14.986557550849655,25.511489702486116,34,0.10366133446515899
0.13,leaky,B_rederived,T1_missed_branch,118,96,1,0.847457627118644,0.14975405219652577,4.644557241540205,8,0.0487131455194284
0.13,leaky,B_rederived,T2_truncation,100,94,2,2.0,0.550196755016235,7.0011790728543914,6,0.0200053804605701
0.13,leaky,B_rederived,T3_stenosis_length,150,150,0,0.0,0.0,2.497024436807661,6,0.004474569832016049
0.13,leaky,B_rederived,T4_taper,150,100,0,0.0,0.0,2.497024436807661,2,0.0379130291439773
0.13,leaky,B_rederived,ALL,518,440,3,0.5791505791505791,0.19715489585567408,1.688754829089287,22,0.01470825034729625
0.13,leaky,B_rederived,TOPOLOGICAL,218,190,3,1.3761467889908257,0.4690980457706748,3.967159664132232,14,0.029705999749748302
0.13,leaky,C_flowmatched,T1_missed_branch,71,67,3,4.225352112676056,1.4473260620475326,11.702416040484684,8,0.0357546745224897
0.13,leaky,C_flowmatched,T2_truncation,100,95,3,3.0,1.0254524024038911,8.451936429052763,6,0.0160745264282844
0.13,leaky,C_flowmatched,T3_stenosis_length,150,150,0,0.0,0.0,2.497024436807661,7,0.00140325293116795
0.13,leaky,C_flowmatched,T4_taper,150,150,27,18.0,12.67576780776089,24.922327831796014,20,0.00754146560947545
0.13,leaky,C_flowmatched,ALL,471,462,33,7.006369426751593,5.032121981912317,9.676252260334948,41,0.0046227513657628
0.13,leaky,C_flowmatched,TOPOLOGICAL,171,162,6,3.508771929824561,1.6178397190256082,7.442630793829173,14,0.0227779055903402
0.16,discrete,A_fixed,T1_missed_branch,77,39,28,36.36363636363637,26.505432493168463,47.51779728726156,12,0.1454587819142709
0.16,discrete,A_fixed,T2_truncation,60,13,11,18.333333333333332,10.55779688919764,29.919753746468054,7,0.27950585579257803
0.16,discrete,A_fixed,T3_stenosis_length,97,97,0,0.0,0.0,3.809404252594771,4,0.006525034754866
0.16,discrete,A_fixed,T4_taper,97,97,6,6.185567010309279,2.865488571571827,12.843783196165859,7,0.0397458184148023
0.16,discrete,A_fixed,ALL,331,246,45,13.595166163141993,10.318092385054287,17.7075467192556,30,0.0509048253858282
0.16,discrete,A_fixed,TOPOLOGICAL,137,52,39,28.467153284671532,21.57876045903629,36.53016535441104,19,0.2004932578812137
0.16,discrete,B_rederived,T1_missed_branch,77,16,7,9.090909090909092,4.473571060177729,17.596118281112332,9,0.3540140582481598
0.16,discrete,B_rederived,T2_truncation,60,37,8,13.333333333333334,6.914109480586972,24.16515967649962,4,0.12774196174024494
0.16,discrete,B_rederived,T3_stenosis_length,97,97,0,0.0,0.0,3.809404252594771,4,0.006525034754866
0.16,discrete,B_rederived,T4_taper,97,94,0,0.0,0.0,3.809404252594771,5,0.0968577477585874
0.16,discrete,B_rederived,ALL,331,244,15,4.531722054380665,2.7652336276252694,7.341477452861348,22,0.0953518861664189
0.16,discrete,B_rederived,TOPOLOGICAL,137,53,15,10.94890510948905,6.748288586903367,17.279763312060446,13,0.2043025596597222
0.16,discrete,C_flowmatched,T1_missed_branch,44,19,15,34.09090909090909,21.875819519344443,48.860858782061754,9,0.17417336927438348
0.16,discrete,C_flowmatched,T2_truncation,60,38,13,21.666666666666668,13.123044048190307,33.62002757319479,4,0.1174327253769725
0.16,discrete,C_flowmatched,T3_stenosis_length,97,97,0,0.0,0.0,3.809404252594771,4,0.0017493557364032
0.16,discrete,C_flowmatched,T4_taper,97,97,3,3.0927835051546393,1.0573344948552423,8.702003515310984,5,0.0500841922535021
0.16,discrete,C_flowmatched,ALL,298,251,31,10.40268456375839,7.425831409956306,14.387427470364234,22,0.0276370480879229
0.16,discrete,C_flowmatched,TOPOLOGICAL,104,57,28,26.923076923076923,19.33326121760078,36.15695513805085,13,0.1514387182850398
0.16,leaky,A_fixed,T1_missed_branch,118,102,23,19.491525423728813,13.354074206772925,27.55273969968436,23,0.07598588979506635
0.16,leaky,A_fixed,T2_truncation,100,57,31,31.0,22.779697212376036,40.62605571948941,17,0.1379784120152085
0.16,leaky,A_fixed,T3_stenosis_length,150,150,0,0.0,0.0,2.497024436807661,6,0.004474569832016049
0.16,leaky,A_fixed,T4_taper,150,150,6,4.0,1.845916060207442,8.451346421655607,12,0.018130660114484602
0.16,leaky,A_fixed,ALL,518,459,60,11.583011583011583,9.10555987433279,14.626065263417393,58,0.02530709767700305
0.16,leaky,A_fixed,TOPOLOGICAL,218,159,54,24.770642201834864,19.51021235494199,30.90482702283781,40,0.10366133446515899
0.16,leaky,B_rederived,T1_missed_branch,118,102,1,0.847457627118644,0.14975405219652577,4.644557241540205,9,0.0487131455194284
0.16,leaky,B_rederived,T2_truncation,100,95,2,2.0,0.550196755016235,7.0011790728543914,6,0.0200053804605701
0.16,leaky,B_rederived,T3_stenosis_length,150,150,0,0.0,0.0,2.497024436807661,6,0.004474569832016049
0.16,leaky,B_rederived,T4_taper,150,100,0,0.0,0.0,2.497024436807661,2,0.0379130291439773
0.16,leaky,B_rederived,ALL,518,447,3,0.5791505791505791,0.19715489585567408,1.688754829089287,23,0.01470825034729625
0.16,leaky,B_rederived,TOPOLOGICAL,218,197,3,1.3761467889908257,0.4690980457706748,3.967159664132232,15,0.029705999749748302
0.16,leaky,C_flowmatched,T1_missed_branch,71,68,3,4.225352112676056,1.4473260620475326,11.702416040484684,8,0.0357546745224897
0.16,leaky,C_flowmatched,T2_truncation,100,95,3,3.0,1.0254524024038911,8.451936429052763,6,0.0160745264282844
0.16,leaky,C_flowmatched,T3_stenosis_length,150,150,0,0.0,0.0,2.497024436807661,7,0.00140325293116795
0.16,leaky,C_flowmatched,T4_taper,150,150,27,18.0,12.67576780776089,24.922327831796014,20,0.00754146560947545
0.16,leaky,C_flowmatched,ALL,471,463,33,7.006369426751593,5.032121981912317,9.676252260334948,41,0.0046227513657628
0.16,leaky,C_flowmatched,TOPOLOGICAL,171,163,6,3.508771929824561,1.6178397190256082,7.442630793829173,14,0.0227779055903402
