bed,error_type,protocol,n,flips,pw,flip_ci,pw_ci,med_abs_dffr
discrete,T1_missed_branch,A_fixed,34,12,2,35 (21--52),6 (2--19),0.08029791148538275
discrete,T1_missed_branch,B_rederived,32,8,0,25 (13--42),0 (0--11),0.02540183253455245
discrete,T1_missed_branch,C_flowmatched,19,8,0,42 (23--64),0 (0--17),0.0870911071042902
discrete,T1_missed_branch,D_perterritory,19,3,4,16 (6--38),21 (9--43),0.0007445080097933
discrete,T2_truncation,A_fixed,32,21,1,66 (48--80),3 (1--16),0.1463779063590395
discrete,T2_truncation,B_rederived,46,3,4,7 (2--18),9 (3--20),0.0360446242194886
discrete,T2_truncation,C_flowmatched,32,2,7,6 (2--20),22 (11--39),0.0320103395604254
discrete,T2_truncation,D_perterritory,32,1,6,3 (1--16),19 (9--35),0.0041855980257559
discrete,T3_stenosis_length,A_fixed,47,0,0,0 (0--8),0 (0--8),0.0073843633053367
discrete,T3_stenosis_length,B_rederived,47,0,0,0 (0--8),0 (0--8),0.0073843633053367
discrete,T3_stenosis_length,C_flowmatched,47,0,0,0 (0--8),0 (0--8),0.0096573254459755
discrete,T3_stenosis_length,D_perterritory,47,0,0,0 (0--8),0 (0--8),0.011237278748569
discrete,T4_taper,A_fixed,47,1,0,2 (0--11),0 (0--8),0.0190555719122756
discrete,T4_taper,B_rederived,47,1,0,2 (0--11),0 (0--8),0.0104153544156136
discrete,T4_taper,C_flowmatched,47,2,1,4 (1--14),2 (0--11),0.0125797181873951
discrete,T4_taper,D_perterritory,47,1,13,2 (0--11),28 (17--42),0.0322386863186374
leaky,T1_missed_branch,A_fixed,114,24,23,21 (15--29),20 (14--28),0.0445777670638033
leaky,T1_missed_branch,B_rederived,114,5,4,4 (2--10),4 (1--9),0.0041439927117775995
leaky,T1_missed_branch,C_flowmatched,69,6,5,9 (4--18),7 (3--16),0.0170603942989709
leaky,T1_missed_branch,D_perterritory,69,1,1,1 (0--8),1 (0--8),0.0044965514311835
leaky,T2_truncation,A_fixed,146,65,27,45 (37--53),18 (13--26),0.10734187934913265
leaky,T2_truncation,B_rederived,149,7,1,5 (2--9),1 (0--4),0.0077671496308515
leaky,T2_truncation,C_flowmatched,100,5,4,5 (2--11),4 (2--10),0.01061503182345835
leaky,T2_truncation,D_perterritory,100,4,4,4 (2--10),4 (2--10),0.006044371211861
leaky,T3_stenosis_length,A_fixed,150,3,0,2 (1--6),0 (0--2),0.0064966973830681
leaky,T3_stenosis_length,B_rederived,150,3,0,2 (1--6),0 (0--2),0.0064966973830681
leaky,T3_stenosis_length,C_flowmatched,150,3,0,2 (1--6),0 (0--2),0.0078628500564637
leaky,T3_stenosis_length,D_perterritory,150,4,0,3 (1--7),0 (0--2),0.0081953320948709
leaky,T4_taper,A_fixed,150,13,2,9 (5--14),1 (0--5),0.022703712063907103
leaky,T4_taper,B_rederived,150,3,0,2 (1--6),0 (0--2),0.0037477797265228503
leaky,T4_taper,C_flowmatched,149,11,40,7 (4--13),27 (20--34),0.0100470452231731
leaky,T4_taper,D_perterritory,150,10,14,7 (4--12),9 (6--15),0.01523572078805485
