bed,error_type,protocol,n,L1_pass,L1_pw,L1_flip,L1_pw_ci,L1_wgp_ci,L1_flip_ci,L1_pass_ci,L1_bound,L1_pw_exbound_ci,L1_med_resid,L1_n_empty,L2_pass,L2_pw,L2_flip,L2_pw_ci,L2_wgp_ci,L2_flip_ci,L2_pass_ci,L2_bound,L2_pw_exbound_ci,L2_med_resid,L2_n_empty,pw_new,pw_lost,pw_p,flip_new,flip_lost,flip_p,pass__new,pass__lost,pass__p,max_abs_ffr_diff
discrete,T5_ds_plus10,A,97,17,11,33,11 (6--19),65 (41--83),34 (25--44),18 (11--26),0,11 (6--19),0.2116314867309722,0,14,8,33,8 (4--15),57 (33--79),34 (25--44),14 (9--23),0,8 (4--15),0.2306094976734971,0,0,3,0.25,0,0,1.0,0,3,0.25,0.0
discrete,T5_ds_plus10,B,97,17,11,33,11 (6--19),65 (41--83),34 (25--44),18 (11--26),0,11 (6--19),0.2116314867309722,0,14,8,33,8 (4--15),57 (33--79),34 (25--44),14 (9--23),0,8 (4--15),0.2306094976734971,0,0,3,0.25,0,0,1.0,0,3,0.25,0.0
discrete,T5_ds_plus10,C,89,36,31,35,35 (26--45),86 (71--94),39 (30--50),40 (31--51),0,35 (26--45),0.1338443960223115,0,32,27,35,30 (22--41),84 (68--93),39 (30--50),36 (27--46),0,30 (22--41),0.159936597117609,0,0,4,0.125,0,0,1.0,0,4,0.125,0.05134314392552031
discrete,T5_ds_plus10,D,97,68,63,37,65 (55--74),93 (84--97),38 (29--48),70 (60--78),34,92 (83--97),5.131541905587032e-11,0,55,51,37,53 (43--62),93 (83--97),38 (29--48),57 (47--66),48,86 (73--93),0.0419236675324209,0,1,13,0.0018310546875,0,0,1.0,0,13,0.000244140625,0.2957182442393236
discrete,T5_ds_minus10,A,97,43,28,44,29 (21--39),65 (50--78),45 (36--55),44 (35--54),0,29 (21--39),0.108331695485241,0,39,24,44,25 (17--34),62 (46--75),45 (36--55),40 (31--50),0,25 (17--34),0.1200131028616583,0,0,4,0.125,0,0,1.0,0,4,0.125,0.0
discrete,T5_ds_minus10,B,97,43,28,44,29 (21--39),65 (50--78),45 (36--55),44 (35--54),0,29 (21--39),0.108331695485241,0,39,24,44,25 (17--34),62 (46--75),45 (36--55),40 (31--50),0,25 (17--34),0.1200131028616583,0,0,4,0.125,0,0,1.0,0,4,0.125,0.0
discrete,T5_ds_minus10,C,97,79,64,48,66 (56--75),81 (71--88),49 (40--59),81 (73--88),0,66 (56--75),0.0225286458640348,0,72,57,48,59 (49--68),79 (68--87),49 (40--59),74 (65--82),0,59 (49--68),0.0313551223253589,0,0,7,0.015625,0,0,1.0,0,7,0.015625,0.016942447666158933
discrete,T5_ds_minus10,D,97,97,82,50,85 (76--90),85 (76--90),52 (42--61),100 (96--100),0,85 (76--90),2.1729471193067765e-11,0,97,82,51,85 (76--90),85 (76--90),53 (43--62),100 (96--100),0,85 (76--90),2.7281753701632902e-11,0,0,0,1.0,1,0,1.0,0,0,1.0,0.0702707689785722
discrete,T5_vox_narrow,A,97,35,25,27,26 (18--35),71 (55--84),28 (20--37),36 (27--46),0,26 (18--35),0.143031636925987,0,32,22,27,23 (15--32),69 (51--82),28 (20--37),33 (24--43),0,23 (15--32),0.151827968014063,0,0,3,0.25,0,0,1.0,0,3,0.25,0.0
discrete,T5_vox_narrow,B,97,35,25,27,26 (18--35),71 (55--84),28 (20--37),36 (27--46),0,26 (18--35),0.143031636925987,0,32,22,27,23 (15--32),69 (51--82),28 (20--37),33 (24--43),0,23 (15--32),0.151827968014063,0,0,3,0.25,0,0,1.0,0,3,0.25,0.0
discrete,T5_vox_narrow,C,96,56,47,29,49 (39--59),84 (72--91),30 (22--40),58 (48--68),0,49 (39--59),0.07341595999264824,0,52,43,29,45 (35--55),83 (70--91),30 (22--40),54 (44--64),0,45 (35--55),0.09699556674093304,0,0,4,0.125,0,0,1.0,0,4,0.125,0.0983202722621426
discrete,T5_vox_narrow,D,97,89,81,29,84 (75--90),91 (83--95),30 (22--40),92 (85--96),20,90 (81--95),3.331207031180571e-11,0,83,75,29,77 (68--85),90 (82--95),30 (22--40),86 (77--91),29,84 (73--91),4.533480396154818e-11,0,0,6,0.03125,0,0,1.0,0,6,0.03125,0.305834031832393
discrete,T5_vox_wide,A,97,55,31,31,32 (24--42),56 (43--69),32 (24--42),57 (47--66),0,32 (24--42),0.0910223704278072,0,51,27,31,28 (20--37),53 (40--66),32 (24--42),53 (43--62),0,28 (20--37),0.0947477547462844,0,0,4,0.125,0,0,1.0,0,4,0.125,0.0
discrete,T5_vox_wide,B,97,55,31,31,32 (24--42),56 (43--69),32 (24--42),57 (47--66),0,32 (24--42),0.0910223704278072,0,51,27,31,28 (20--37),53 (40--66),32 (24--42),53 (43--62),0,28 (20--37),0.0947477547462844,0,0,4,0.125,0,0,1.0,0,4,0.125,0.0
discrete,T5_vox_wide,C,97,85,63,44,65 (55--74),74 (64--82),45 (36--55),88 (80--93),0,65 (55--74),0.0171069250011308,0,78,56,43,58 (48--67),72 (61--81),44 (35--54),80 (71--87),0,58 (48--67),0.0268436040411986,0,1,8,0.0390625,0,1,1.0,1,8,0.0390625,0.01729554446304138
discrete,T5_vox_wide,D,97,97,75,48,77 (68--85),77 (68--85),49 (40--59),100 (96--100),0,77 (68--85),1.3371011998492978e-11,0,97,76,49,78 (69--85),78 (69--85),51 (41--60),100 (96--100),0,78 (69--85),2.4025936429630624e-11,0,1,0,1.0,1,0,1.0,0,0,1.0,0.0813072876088834
discrete,T5_ds_pooled,A,194,60,39,77,20 (15--26),65 (52--76),40 (33--47),31 (25--38),0,20 (15--26),0.1536509894015935,0,53,32,77,16 (12--22),60 (47--72),40 (33--47),27 (22--34),0,16 (12--22),0.15886541054437694,0,0,7,0.015625,0,0,1.0,0,7,0.015625,0.0
discrete,T5_ds_pooled,B,194,60,39,77,20 (15--26),65 (52--76),40 (33--47),31 (25--38),0,20 (15--26),0.1536509894015935,0,53,32,77,16 (12--22),60 (47--72),40 (33--47),27 (22--34),0,16 (12--22),0.15886541054437694,0,0,7,0.015625,0,0,1.0,0,7,0.015625,0.0
discrete,T5_ds_pooled,C,186,115,95,83,51 (44--58),83 (75--88),45 (38--52),62 (55--69),0,51 (44--58),0.060081818865155054,0,104,84,83,45 (38--52),81 (72--87),45 (38--52),56 (49--63),0,45 (38--52),0.07974902844624035,0,0,11,0.0009765625,0,0,1.0,0,11,0.0009765625,0.05134314392552031
discrete,T5_ds_pooled,D,194,165,145,87,75 (68--80),88 (82--92),45 (38--52),85 (79--89),34,88 (81--92),2.925143342818364e-11,0,152,133,88,69 (62--75),88 (81--92),45 (39--52),78 (72--84),48,85 (78--90),5.1706640699090707e-11,0,1,13,0.0018310546875,1,0,1.0,0,13,0.000244140625,0.2957182442393236
discrete,T5_vox_pooled,A,194,90,56,58,29 (23--36),62 (52--72),30 (24--37),46 (40--53),0,29 (23--36),0.10886594088185406,0,83,49,58,25 (20--32),59 (48--69),30 (24--37),43 (36--50),0,25 (20--32),0.12088395034668145,0,0,7,0.015625,0,0,1.0,0,7,0.015625,0.0
discrete,T5_vox_pooled,B,194,90,56,58,29 (23--36),62 (52--72),30 (24--37),46 (40--53),0,29 (23--36),0.10886594088185406,0,83,49,58,25 (20--32),59 (48--69),30 (24--37),43 (36--50),0,25 (20--32),0.12088395034668145,0,0,7,0.015625,0,0,1.0,0,7,0.015625,0.0
discrete,T5_vox_pooled,C,193,141,110,73,57 (50--64),78 (70--84),38 (31--45),73 (66--79),0,57 (50--64),0.0442749557580618,0,130,99,72,51 (44--58),76 (68--83),37 (31--44),67 (60--74),0,51 (44--58),0.0580752870113012,0,1,12,0.00341796875,0,1,1.0,1,12,0.00341796875,0.0983202722621426
discrete,T5_vox_pooled,D,194,186,156,77,80 (74--85),84 (78--88),40 (33--47),96 (92--98),20,83 (76--88),2.646270974346219e-11,0,180,151,78,78 (71--83),84 (78--89),40 (34--47),93 (88--96),29,81 (74--86),3.367379965388767e-11,0,1,6,0.125,1,0,1.0,0,6,0.03125,0.305834031832393
leaky,T5_ds_plus10,A,150,54,46,51,31 (24--38),85 (73--92),34 (27--42),36 (29--44),0,31 (24--38),0.14872900644065054,0,45,37,51,25 (18--32),82 (69--91),34 (27--42),30 (23--38),0,25 (18--32),0.17274214856420445,0,0,9,0.00390625,0,0,1.0,0,9,0.00390625,0.0
leaky,T5_ds_plus10,B,150,54,46,51,31 (24--38),85 (73--92),34 (27--42),36 (29--44),0,31 (24--38),0.14872900644065054,0,45,37,51,25 (18--32),82 (69--91),34 (27--42),30 (23--38),0,25 (18--32),0.17274214856420445,0,0,9,0.00390625,0,0,1.0,0,9,0.00390625,0.0
leaky,T5_ds_plus10,C,149,81,73,54,49 (41--57),90 (82--95),36 (29--44),54 (46--62),0,49 (41--57),0.0903224726812161,0,67,59,53,40 (32--48),88 (78--94),36 (28--44),45 (37--53),0,40 (32--48),0.1312751931432884,0,0,14,0.0001220703125,0,1,1.0,0,14,0.0001220703125,0.05273431840650089
leaky,T5_ds_plus10,D,150,145,137,56,91 (86--95),94 (89--97),37 (30--45),97 (92--99),7,94 (89--97),1.7304010607380153e-11,0,137,129,57,86 (80--91),94 (89--97),38 (31--46),91 (86--95),22,93 (87--96),3.075306959076568e-11,0,0,8,0.0078125,1,0,1.0,0,8,0.0078125,0.3975386897004091
leaky,T5_ds_minus10,A,150,103,73,75,49 (41--57),71 (61--79),50 (42--58),69 (61--76),0,49 (41--57),0.0631403909620552,0,93,63,75,42 (34--50),68 (58--76),50 (42--58),62 (54--69),0,42 (34--50),0.07536433540155854,0,1,11,0.00634765625,0,0,1.0,1,11,0.00634765625,0.0
leaky,T5_ds_minus10,B,150,103,73,75,49 (41--57),71 (61--79),50 (42--58),69 (61--76),0,49 (41--57),0.0631403909620552,0,93,63,75,42 (34--50),68 (58--76),50 (42--58),62 (54--69),0,42 (34--50),0.07536433540155854,0,1,11,0.00634765625,0,0,1.0,1,11,0.00634765625,0.0
leaky,T5_ds_minus10,C,150,141,111,75,74 (66--80),79 (71--85),50 (42--58),94 (89--97),0,74 (66--80),0.01345071387239875,0,136,106,75,71 (63--77),78 (70--84),50 (42--58),91 (85--94),0,71 (63--77),0.02117847924053055,0,1,6,0.125,0,0,1.0,1,6,0.125,0.013009929029095257
leaky,T5_ds_minus10,D,150,150,120,75,80 (73--86),80 (73--86),50 (42--58),100 (98--100),0,80 (73--86),2.049925040155844e-11,0,150,120,75,80 (73--86),80 (73--86),50 (42--58),100 (98--100),0,80 (73--86),3.144066087005544e-11,0,0,0,1.0,0,0,1.0,0,0,1.0,0.0266670155006119
leaky,T5_vox_narrow,A,150,81,65,38,43 (36--51),80 (70--87),25 (19--33),54 (46--62),0,43 (36--51),0.0923753205185218,0,65,49,38,33 (26--41),75 (64--84),25 (19--33),43 (36--51),0,33 (26--41),0.1182745356370199,0,1,17,0.00014495849609375,0,0,1.0,1,17,0.00014495849609375,0.0
leaky,T5_vox_narrow,B,150,81,65,38,43 (36--51),80 (70--87),25 (19--33),54 (46--62),0,43 (36--51),0.0923753205185218,0,65,49,38,33 (26--41),75 (64--84),25 (19--33),43 (36--51),0,33 (26--41),0.1182745356370199,0,1,17,0.00014495849609375,0,0,1.0,1,17,0.00014495849609375,0.0
leaky,T5_vox_narrow,C,149,116,102,38,68 (61--75),88 (81--93),26 (19--33),78 (71--84),0,68 (61--75),0.0377301282144936,0,93,79,38,53 (45--61),85 (76--91),26 (19--33),62 (54--70),0,53 (45--61),0.0580732302456506,0,1,24,1.5497207641601562e-06,0,0,1.0,1,24,1.5497207641601562e-06,0.18386610904973427
leaky,T5_vox_narrow,D,150,149,136,41,91 (85--94),91 (86--95),27 (21--35),99 (96--100),3,91 (85--95),1.797548641734195e-11,0,148,135,43,90 (84--94),91 (86--95),29 (22--36),99 (95--100),8,91 (85--95),3.022855911082051e-11,0,0,1,1.0,2,0,0.5,0,1,1.0,0.3591286741951878
leaky,T5_vox_wide,A,150,108,62,70,41 (34--49),57 (48--66),47 (39--55),72 (64--79),0,41 (34--49),0.0502872807279553,0,103,57,70,38 (31--46),55 (46--65),47 (39--55),69 (61--76),0,38 (31--46),0.05968092599775335,0,1,6,0.125,0,0,1.0,1,6,0.125,0.0
leaky,T5_vox_wide,B,150,108,62,70,41 (34--49),57 (48--66),47 (39--55),72 (64--79),0,41 (34--49),0.0502872807279553,0,103,57,70,38 (31--46),55 (46--65),47 (39--55),69 (61--76),0,38 (31--46),0.05968092599775335,0,1,6,0.125,0,0,1.0,1,6,0.125,0.0
leaky,T5_vox_wide,C,150,146,103,74,69 (61--76),71 (63--77),49 (41--57),97 (93--99),0,69 (61--76),0.01199816153214215,0,144,101,74,67 (59--74),70 (62--77),49 (41--57),96 (92--98),0,67 (59--74),0.0192147139855273,0,0,2,0.5,0,0,1.0,0,2,0.5,0.014579935204565131
leaky,T5_vox_wide,D,150,150,107,73,71 (64--78),71 (64--78),49 (41--57),100 (98--100),0,71 (64--78),1.6052403267077966e-11,0,150,108,73,72 (64--79),72 (64--79),49 (41--57),100 (98--100),0,72 (64--79),3.3918797807205475e-11,0,1,0,1.0,0,0,1.0,0,0,1.0,0.028652106144830602
leaky,T5_ds_pooled,A,300,157,119,126,40 (34--45),76 (69--82),42 (37--48),52 (47--58),0,40 (34--45),0.0941342237926806,0,138,100,126,33 (28--39),72 (64--79),42 (37--48),46 (40--52),0,33 (28--39),0.11441820742320416,0,1,20,2.09808349609375e-05,0,0,1.0,1,20,2.09808349609375e-05,0.0
leaky,T5_ds_pooled,B,300,157,119,126,40 (34--45),76 (69--82),42 (37--48),52 (47--58),0,40 (34--45),0.0941342237926806,0,138,100,126,33 (28--39),72 (64--79),42 (37--48),46 (40--52),0,33 (28--39),0.11441820742320416,0,1,20,2.09808349609375e-05,0,0,1.0,1,20,2.09808349609375e-05,0.0
leaky,T5_ds_pooled,C,299,222,184,129,62 (56--67),83 (77--87),43 (38--49),74 (69--79),0,62 (56--67),0.0352716682854177,0,203,165,128,55 (50--61),81 (75--86),43 (37--48),68 (62--73),0,55 (50--61),0.0536535794030306,0,1,20,2.09808349609375e-05,0,1,1.0,1,20,2.09808349609375e-05,0.05273431840650089
leaky,T5_ds_pooled,D,300,295,257,131,86 (81--89),87 (83--90),44 (38--49),98 (96--99),7,87 (83--90),1.8781188037862247e-11,0,287,249,132,83 (78--87),87 (82--90),44 (38--50),96 (93--97),22,86 (81--90),3.075306959076568e-11,0,0,8,0.0078125,1,0,1.0,0,8,0.0078125,0.3975386897004091
leaky,T5_vox_pooled,A,300,189,127,108,42 (37--48),67 (60--73),36 (31--42),63 (57--68),0,42 (37--48),0.0656288383525,0,168,106,108,35 (30--41),63 (56--70),36 (31--42),56 (50--62),0,35 (30--41),0.08087956287915954,0,2,23,1.9431114196777344e-05,0,0,1.0,2,23,1.9431114196777344e-05,0.0
leaky,T5_vox_pooled,B,300,189,127,108,42 (37--48),67 (60--73),36 (31--42),63 (57--68),0,42 (37--48),0.0656288383525,0,168,106,108,35 (30--41),63 (56--70),36 (31--42),56 (50--62),0,35 (30--41),0.08087956287915954,0,2,23,1.9431114196777344e-05,0,0,1.0,2,23,1.9431114196777344e-05,0.0
leaky,T5_vox_pooled,C,299,262,205,112,69 (63--74),78 (73--83),37 (32--43),88 (83--91),0,69 (63--74),0.0227317760650723,0,237,180,112,60 (55--66),76 (70--81),37 (32--43),79 (74--83),0,60 (55--66),0.0345771914525695,0,1,26,4.172325134277344e-07,0,0,1.0,1,26,4.172325134277344e-07,0.18386610904973427
leaky,T5_vox_pooled,D,300,299,243,114,81 (76--85),81 (76--85),38 (33--44),100 (98--100),3,81 (76--85),1.693499624576883e-11,0,298,243,116,81 (76--85),82 (77--86),39 (33--44),99 (98--100),8,81 (76--85),3.217902097481023e-11,0,1,1,1.0,2,0,0.5,0,1,1.0,0.3591286741951878
